path,label,y
data/PlantVillage-Dataset/raw/color/Raspberry___healthy/06959ec3-a76b-4968-b64b-ad874b958fc7___Mary_HL 6323.JPG,Raspberry___healthy,23
data/PlantVillage-Dataset/raw/color/Potato___Early_blight/2fe81ef1-d7ec-4395-b071-c74d5beb4037___RS_Early.B 7242.JPG,Potato___Early_blight,20
data/PlantVillage-Dataset/raw/color/Cherry_(including_sour)___healthy/22211122-0939-4bf9-b006-acf797767aff___JR_HL 9644.JPG,Cherry_(including_sour)___healthy,6
data/PlantVillage-Dataset/raw/color/Strawberry___Leaf_scorch/eec60b8d-2211-4672-996b-8242e816d60f___RS_L.Scorch 1605.JPG,Strawberry___Leaf_scorch,26
data/PlantVillage-Dataset/raw/color/Tomato___Leaf_Mold/cbcf61e4-9a69-4483-9252-ae649102fb63___Crnl_L.Mold 6858.JPG,Tomato___Leaf_Mold,31
data/PlantVillage-Dataset/raw/color/Squash___Powdery_mildew/83f99cf0-941e-4afd-9f56-8849c3503a75___UMD_Powd.M 0240.JPG,Squash___Powdery_mildew,25
data/PlantVillage-Dataset/raw/color/Grape___healthy/9268b279-6e48-45ec-98b9-58475d9466e8___Mt.N.V_HL 9132.JPG,Grape___healthy,14
data/PlantVillage-Dataset/raw/color/Cherry_(including_sour)___healthy/e3d7e13a-d565-4d9e-8a81-ff09e1f619ad___JR_HL 9863.JPG,Cherry_(including_sour)___healthy,6
data/PlantVillage-Dataset/raw/color/Potato___Early_blight/e5c94100-3e1c-4fb1-8b6b-f281b491adff___RS_Early.B 8604.JPG,Potato___Early_blight,20
data/PlantVillage-Dataset/raw/color/Potato___Early_blight/1767fee7-18fd-4597-8c77-d41ec2d62f4e___RS_Early.B 6932.JPG,Potato___Early_blight,20
data/PlantVillage-Dataset/raw/color/Cherry_(including_sour)___Powdery_mildew/55aba0f4-a57d-49ed-b2d4-4e5c783dc25d___FREC_Pwd.M 0393.JPG,Cherry_(including_sour)___Powdery_mildew,5
data/PlantVillage-Dataset/raw/color/Apple___Cedar_apple_rust/743ddf7b-a620-436d-b69b-125044a0d9fc___FREC_C.Rust 0037.JPG,Apple___Cedar_apple_rust,2
data/PlantVillage-Dataset/raw/color/Corn_(maize)___Northern_Leaf_Blight/dd430eb3-4f5c-45a9-9f18-c5ee82073ec4___RS_NLB 4195.JPG,Corn_(maize)___Northern_Leaf_Blight,9
"data/PlantVillage-Dataset/raw/color/Pepper,_bell___healthy/0984b7ed-2a64-40fe-b0fa-ff440b0fc8e4___JR_HL 8600.JPG","Pepper,_bell___healthy",19
data/PlantVillage-Dataset/raw/color/Tomato___Tomato_Yellow_Leaf_Curl_Virus/45905c3d-0614-4ae5-ae8e-7d0f3589bea6___YLCV_GCREC 2199.JPG,Tomato___Tomato_Yellow_Leaf_Curl_Virus,35
data/PlantVillage-Dataset/raw/color/Tomato___Leaf_Mold/cb956960-ad6c-4a87-bee1-dacfc8acb7d8___Crnl_L.Mold 8945.JPG,Tomato___Leaf_Mold,31
data/PlantVillage-Dataset/raw/color/Corn_(maize)___Northern_Leaf_Blight/f2486598-1ee4-4fde-9d9a-5684f2cbdae3___RS_NLB 3784.JPG,Corn_(maize)___Northern_Leaf_Blight,9
data/PlantVillage-Dataset/raw/color/Grape___Black_rot/50b94540-6e19-4dc1-9562-4d005bc609c8___FAM_B.Rot 0439.JPG,Grape___Black_rot,11
data/PlantVillage-Dataset/raw/color/Potato___healthy/b0fe9fe9-52e7-40e4-b4c0-769f1a0c7fb9___RS_HL 4175.JPG,Potato___healthy,22
data/PlantVillage-Dataset/raw/color/Grape___Esca_(Black_Measles)/7e4dd9a1-0581-443f-99de-f43b837ee6e6___FAM_B.Msls 0856.JPG,Grape___Esca_(Black_Measles),12
data/PlantVillage-Dataset/raw/color/Apple___Apple_scab/9b7399aa-1c3c-4137-ae4e-196cd23fe573___FREC_Scab 3468.JPG,Apple___Apple_scab,0
data/PlantVillage-Dataset/raw/color/Tomato___Spider_mites Two-spotted_spider_mite/421b6662-c258-4c0d-b036-f42bf389c930___Com.G_SpM_FL 1763.JPG,Tomato___Spider_mites Two-spotted_spider_mite,33
data/PlantVillage-Dataset/raw/color/Corn_(maize)___Common_rust_/RS_Rust 1948.JPG,Corn_(maize)___Common_rust_,8
data/PlantVillage-Dataset/raw/color/Strawberry___healthy/26fb9410-2d79-482d-bff7-a6210dda4c07___RS_HL 1746.JPG,Strawberry___healthy,27
"data/PlantVillage-Dataset/raw/color/Pepper,_bell___healthy/76d235a2-a493-41f8-b1a6-f0d610773c2b___JR_HL 7741.JPG","Pepper,_bell___healthy",19
data/PlantVillage-Dataset/raw/color/Tomato___Late_blight/bc5fd090-21b4-42d8-82b7-354a7697dc22___RS_Late.B 5546.JPG,Tomato___Late_blight,30
"data/PlantVillage-Dataset/raw/color/Pepper,_bell___Bacterial_spot/c94ae9a2-f5b0-4da4-9bd1-c66ef5b0ad74___JR_B.Spot 3167.JPG","Pepper,_bell___Bacterial_spot",18
data/PlantVillage-Dataset/raw/color/Tomato___Leaf_Mold/9afdf72c-5e19-40bd-8035-daf70f1cf8ce___Crnl_L.Mold 6617.JPG,Tomato___Leaf_Mold,31
"data/PlantVillage-Dataset/raw/color/Pepper,_bell___Bacterial_spot/0fcbdf76-fcc4-4271-986a-9466a784d404___JR_B.Spot 3374.JPG","Pepper,_bell___Bacterial_spot",18
data/PlantVillage-Dataset/raw/color/Grape___Esca_(Black_Measles)/51ddfcf4-af6b-46aa-9c5c-7052c056023e___FAM_B.Msls 1762.JPG,Grape___Esca_(Black_Measles),12
data/PlantVillage-Dataset/raw/color/Orange___Haunglongbing_(Citrus_greening)/770a62a9-019a-4f16-bdce-1bdc06f82256___CREC_HLB 7646.JPG,Orange___Haunglongbing_(Citrus_greening),15
data/PlantVillage-Dataset/raw/color/Tomato___Tomato_mosaic_virus/be73ce90-283f-4b17-99bb-57640061c84e___PSU_CG 2167.JPG,Tomato___Tomato_mosaic_virus,36
data/PlantVillage-Dataset/raw/color/Corn_(maize)___healthy/f60d1557-0903-41b0-a640-be7f4353636a___R.S_HL 8345 copy 2.jpg,Corn_(maize)___healthy,10
"data/PlantVillage-Dataset/raw/color/Pepper,_bell___Bacterial_spot/32bc632f-7dfc-4a3a-b25a-f71fba5b02b1___JR_B.Spot 8967.JPG","Pepper,_bell___Bacterial_spot",18
data/PlantVillage-Dataset/raw/color/Strawberry___healthy/f3b01730-9365-4b94-a477-9b95d959ccd8___RS_HL 4555.JPG,Strawberry___healthy,27
data/PlantVillage-Dataset/raw/color/Blueberry___healthy/8e79873f-2d83-4620-9e80-6ce07fec6861___RS_HL 2266.JPG,Blueberry___healthy,4
data/PlantVillage-Dataset/raw/color/Tomato___Tomato_Yellow_Leaf_Curl_Virus/d02b38e5-8bcf-4e60-b614-96ea408b3528___UF.GRC_YLCV_Lab 02429.JPG,Tomato___Tomato_Yellow_Leaf_Curl_Virus,35
data/PlantVillage-Dataset/raw/color/Tomato___Spider_mites Two-spotted_spider_mite/fdd972d8-a61e-4ae6-b2ae-08c2e3db0900___Com.G_SpM_FL 8856.JPG,Tomato___Spider_mites Two-spotted_spider_mite,33
data/PlantVillage-Dataset/raw/color/Strawberry___Leaf_scorch/a746e3a1-3018-4c96-8016-e8896687d41d___RS_L.Scorch 0070.JPG,Strawberry___Leaf_scorch,26
"data/PlantVillage-Dataset/raw/color/Pepper,_bell___Bacterial_spot/3d87a319-d032-4bac-9b6c-0160a23531b9___NREC_B.Spot 1853.JPG","Pepper,_bell___Bacterial_spot",18
data/PlantVillage-Dataset/raw/color/Strawberry___healthy/41dba974-b2b7-4e90-9c93-a8e29200f41c___RS_HL 1659.JPG,Strawberry___healthy,27
data/PlantVillage-Dataset/raw/color/Soybean___healthy/b1f20581-e1ca-4acd-9ecc-5f48929973af___RS_HL 5296.JPG,Soybean___healthy,24
data/PlantVillage-Dataset/raw/color/Corn_(maize)___healthy/28be876d-e1c7-4c86-8241-0077b1393ac0___R.S_HL 7972 copy.jpg,Corn_(maize)___healthy,10
data/PlantVillage-Dataset/raw/color/Peach___healthy/4ef13f0e-4b00-4cfc-8ff3-7a3df355f2b5___Rutg._HL 2472.JPG,Peach___healthy,17
data/PlantVillage-Dataset/raw/color/Grape___Black_rot/d1036803-9ef8-4adc-9647-de361c04633c___FAM_B.Rot 5065.JPG,Grape___Black_rot,11
data/PlantVillage-Dataset/raw/color/Corn_(maize)___Northern_Leaf_Blight/ee389c10-aaf2-42d5-bd7e-aabfb9acd42b___RS_NLB 4183.JPG,Corn_(maize)___Northern_Leaf_Blight,9
data/PlantVillage-Dataset/raw/color/Potato___healthy/8c1e1281-5937-4559-a02f-02817de6e122___RS_HL 4173.JPG,Potato___healthy,22
data/PlantVillage-Dataset/raw/color/Corn_(maize)___Common_rust_/RS_Rust 1719.JPG,Corn_(maize)___Common_rust_,8
data/PlantVillage-Dataset/raw/color/Tomato___Tomato_Yellow_Leaf_Curl_Virus/5b42e630-6c2d-4991-bbd6-643c9c465e71___UF.GRC_YLCV_Lab 02382.JPG,Tomato___Tomato_Yellow_Leaf_Curl_Virus,35
data/PlantVillage-Dataset/raw/color/Cherry_(including_sour)___Powdery_mildew/bbd6dbcd-65f2-4982-a4f8-ef6a1c33a05f___FREC_Pwd.M 0449.JPG,Cherry_(including_sour)___Powdery_mildew,5
data/PlantVillage-Dataset/raw/color/Corn_(maize)___Northern_Leaf_Blight/8152eff1-a36b-4377-96f8-424ff6a97f35___RS_NLB 3727.JPG,Corn_(maize)___Northern_Leaf_Blight,9
data/PlantVillage-Dataset/raw/color/Corn_(maize)___healthy/30a2b405-dfd6-481c-8d3c-a0270d3d0891___R.S_HL 8106 copy.jpg,Corn_(maize)___healthy,10
data/PlantVillage-Dataset/raw/color/Orange___Haunglongbing_(Citrus_greening)/72bdbde7-f456-429c-92b3-5a8c25847c46___UF.Citrus_HLB_Lab 1422.JPG,Orange___Haunglongbing_(Citrus_greening),15
data/PlantVillage-Dataset/raw/color/Cherry_(including_sour)___Powdery_mildew/e8ae60b3-1900-46d2-8586-212c851d9e50___FREC_Pwd.M 5077.JPG,Cherry_(including_sour)___Powdery_mildew,5
data/PlantVillage-Dataset/raw/color/Corn_(maize)___Common_rust_/RS_Rust 2186.JPG,Corn_(maize)___Common_rust_,8
data/PlantVillage-Dataset/raw/color/Tomato___Tomato_Yellow_Leaf_Curl_Virus/e14de8d0-dea6-4d96-b9f3-6b0355ef106b___UF.GRC_YLCV_Lab 01743.JPG,Tomato___Tomato_Yellow_Leaf_Curl_Virus,35
data/PlantVillage-Dataset/raw/color/Corn_(maize)___Cercospora_leaf_spot Gray_leaf_spot/93b53cb0-57cd-480f-9314-8cc0ed579782___RS_GLSp 4427.JPG,Corn_(maize)___Cercospora_leaf_spot Gray_leaf_spot,7
data/PlantVillage-Dataset/raw/color/Corn_(maize)___Cercospora_leaf_spot Gray_leaf_spot/7415a13d-68cb-4e1f-bf40-c869c54fe702___RS_GLSp 4511.JPG,Corn_(maize)___Cercospora_leaf_spot Gray_leaf_spot,7
data/PlantVillage-Dataset/raw/color/Tomato___Tomato_Yellow_Leaf_Curl_Virus/53788a56-dfa1-4761-a4d7-0ae813a0b18b___YLCV_NREC 0118.JPG,Tomato___Tomato_Yellow_Leaf_Curl_Virus,35
data/PlantVillage-Dataset/raw/color/Grape___Leaf_blight_(Isariopsis_Leaf_Spot)/0b19e488-1361-49b9-a5bc-b47d5bd8207c___FAM_L.Blight 4587.JPG,Grape___Leaf_blight_(Isariopsis_Leaf_Spot),13
data/PlantVillage-Dataset/raw/color/Tomato___Tomato_Yellow_Leaf_Curl_Virus/92e2fc60-5e8e-483d-85fd-ec62c11a20a7___UF.GRC_YLCV_Lab 02294.JPG,Tomato___Tomato_Yellow_Leaf_Curl_Virus,35
data/PlantVillage-Dataset/raw/color/Tomato___Tomato_mosaic_virus/67ccd0d2-9b55-48a7-b093-a616d9c57845___PSU_CG 2307.JPG,Tomato___Tomato_mosaic_virus,36
data/PlantVillage-Dataset/raw/color/Soybean___healthy/195a459a-908a-44df-b0c2-8d1842e5882b___RS_HL 5475.JPG,Soybean___healthy,24
"data/PlantVillage-Dataset/raw/color/Pepper,_bell___healthy/9c83cc15-710a-49f9-8f8a-4afac475d5ac___JR_HL 8843.JPG","Pepper,_bell___healthy",19
data/PlantVillage-Dataset/raw/color/Corn_(maize)___healthy/fe6ae74d-1f06-41bf-b4e9-30cac4019986___R.S_HL 8020 copy.jpg,Corn_(maize)___healthy,10
data/PlantVillage-Dataset/raw/color/Cherry_(including_sour)___healthy/914024a5-989c-46b2-83bb-5fe06421eb8b___JR_HL 9524.JPG,Cherry_(including_sour)___healthy,6
data/PlantVillage-Dataset/raw/color/Blueberry___healthy/32b83a17-4c18-4dbb-bb06-e49bae4d2be5___RS_HL 0598.JPG,Blueberry___healthy,4
data/PlantVillage-Dataset/raw/color/Strawberry___healthy/5b952db1-52ab-454d-9f13-8a404a7449ba___RS_HL 4693.JPG,Strawberry___healthy,27
data/PlantVillage-Dataset/raw/color/Grape___Black_rot/b53d576d-588a-446b-9b86-ddcb9b85348d___FAM_B.Rot 0579.JPG,Grape___Black_rot,11
data/PlantVillage-Dataset/raw/color/Tomato___Spider_mites Two-spotted_spider_mite/7a01961e-dd28-460b-928c-a656a8a6d018___Com.G_SpM_FL 8569.JPG,Tomato___Spider_mites Two-spotted_spider_mite,33
data/PlantVillage-Dataset/raw/color/Apple___healthy/edb48c93-3366-4363-9840-41a96cb86e3a___RS_HL 6066.JPG,Apple___healthy,3
data/PlantVillage-Dataset/raw/color/Corn_(maize)___healthy/e42857cd-7a60-4b42-9bbb-28d3154fe7f1___R.S_HL 8138 copy.jpg,Corn_(maize)___healthy,10
data/PlantVillage-Dataset/raw/color/Apple___healthy/0776a839-af75-4f70-81b5-2c8dbecc0c55___RS_HL 7851.JPG,Apple___healthy,3
data/PlantVillage-Dataset/raw/color/Potato___healthy/f66af6c0-6fc6-4020-b1de-a73685d497c2___RS_HL 4181.JPG,Potato___healthy,22
"data/PlantVillage-Dataset/raw/color/Pepper,_bell___healthy/b6220cf3-e18d-4303-a7ed-cf60570bed93___JR_HL 5814.JPG","Pepper,_bell___healthy",19
data/PlantVillage-Dataset/raw/color/Apple___Apple_scab/95c2cc04-5581-48ca-8001-9644bb488b12___FREC_Scab 3163.JPG,Apple___Apple_scab,0
data/PlantVillage-Dataset/raw/color/Strawberry___Leaf_scorch/2211762b-a98e-4756-b27a-027d084406e2___RS_L.Scorch 1248.JPG,Strawberry___Leaf_scorch,26
data/PlantVillage-Dataset/raw/color/Soybean___healthy/05a7b55f-d9de-456f-947b-4d9e6aa22960___RS_HL 2780.JPG,Soybean___healthy,24
data/PlantVillage-Dataset/raw/color/Tomato___healthy/75a4f049-e99c-4666-845f-7b1577dbd662___RS_HL 9955.JPG,Tomato___healthy,37
data/PlantVillage-Dataset/raw/color/Tomato___Tomato_Yellow_Leaf_Curl_Virus/d3c1efbb-e4da-49c5-b850-a7ab2be78e32___UF.GRC_YLCV_Lab 09624.JPG,Tomato___Tomato_Yellow_Leaf_Curl_Virus,35
data/PlantVillage-Dataset/raw/color/Apple___Apple_scab/96a26f9f-76b9-456a-b39f-d390ff20bc58___FREC_Scab 3257.JPG,Apple___Apple_scab,0
data/PlantVillage-Dataset/raw/color/Squash___Powdery_mildew/67c186ab-1874-4500-ae6b-9a575c8dcb42___MD_Powd.M 0752.JPG,Squash___Powdery_mildew,25
data/PlantVillage-Dataset/raw/color/Strawberry___Leaf_scorch/c53ec206-bcef-449d-82cd-200655642dc9___RS_L.Scorch 0844.JPG,Strawberry___Leaf_scorch,26
data/PlantVillage-Dataset/raw/color/Raspberry___healthy/f73bf684-5c02-4b2e-83d7-f32839231ec1___Mary_HL 9322.JPG,Raspberry___healthy,23
data/PlantVillage-Dataset/raw/color/Orange___Haunglongbing_(Citrus_greening)/eca45b95-a87a-4e4c-b3f2-d8e3166003be___UF.Citrus_HLB_Lab 9805.JPG,Orange___Haunglongbing_(Citrus_greening),15
data/PlantVillage-Dataset/raw/color/Orange___Haunglongbing_(Citrus_greening)/baab90a7-7339-4e99-849a-d625fbf5fead___UF.Citrus_HLB_Lab 1624.JPG,Orange___Haunglongbing_(Citrus_greening),15
data/PlantVillage-Dataset/raw/color/Potato___Late_blight/58f100f0-490b-4868-95d1-5883fc3432d3___RS_LB 3302.JPG,Potato___Late_blight,21
data/PlantVillage-Dataset/raw/color/Grape___Esca_(Black_Measles)/df2f4155-6e6e-46e3-8cef-2d3ab795e32f___FAM_B.Msls 4157.JPG,Grape___Esca_(Black_Measles),12
data/PlantVillage-Dataset/raw/color/Strawberry___Leaf_scorch/5f6ead43-4a36-4bd6-8ee6-75f405a40e67___RS_L.Scorch 0807.JPG,Strawberry___Leaf_scorch,26
data/PlantVillage-Dataset/raw/color/Strawberry___healthy/400f7591-91a9-4835-ab0d-d5c0fc210a54___RS_HL 1776.JPG,Strawberry___healthy,27
data/PlantVillage-Dataset/raw/color/Grape___Leaf_blight_(Isariopsis_Leaf_Spot)/8c8e729b-1cd0-464c-8ff7-aa3f1403e163___FAM_L.Blight 1555.JPG,Grape___Leaf_blight_(Isariopsis_Leaf_Spot),13
data/PlantVillage-Dataset/raw/color/Squash___Powdery_mildew/12aa63f4-ae45-48a8-bedc-54e1e7c78144___UMD_Powd.M 0059.JPG,Squash___Powdery_mildew,25
data/PlantVillage-Dataset/raw/color/Tomato___Early_blight/a5b33d5a-99bc-43b9-b408-aaf9535189e0___RS_Erly.B 8372.JPG,Tomato___Early_blight,29
data/PlantVillage-Dataset/raw/color/Corn_(maize)___healthy/4bffb932-0f73-4ea5-b1b3-ffbef8c5f07d___R.S_HL 7895 copy.jpg,Corn_(maize)___healthy,10
data/PlantVillage-Dataset/raw/color/Orange___Haunglongbing_(Citrus_greening)/35a38438-51b5-4488-b7fd-da003fa30943___UF.Citrus_HLB_Lab 9786.JPG,Orange___Haunglongbing_(Citrus_greening),15
data/PlantVillage-Dataset/raw/color/Orange___Haunglongbing_(Citrus_greening)/464888dc-f206-4ebe-bc28-876731b9e046___CREC_HLB 6710.JPG,Orange___Haunglongbing_(Citrus_greening),15
data/PlantVillage-Dataset/raw/color/Strawberry___healthy/8b799a37-bc78-416f-9081-1ac2d8caba6b___RS_HL 2190.JPG,Strawberry___healthy,27
data/PlantVillage-Dataset/raw/color/Orange___Haunglongbing_(Citrus_greening)/44365704-e4ab-43e2-8119-e7668285ceb5___CREC_HLB 5660.JPG,Orange___Haunglongbing_(Citrus_greening),15
data/PlantVillage-Dataset/raw/color/Potato___healthy/415ac4a2-8f16-4052-880e-1e1f208965f0___RS_HL 1884.JPG,Potato___healthy,22
data/PlantVillage-Dataset/raw/color/Corn_(maize)___Northern_Leaf_Blight/0b002029-36c3-4ef4-b46c-29e45bf486d4___RS_NLB 0819.JPG,Corn_(maize)___Northern_Leaf_Blight,9
data/PlantVillage-Dataset/raw/color/Apple___healthy/ddbfa011-a5f6-449d-a327-b169fb547136___RS_HL 6306.JPG,Apple___healthy,3
data/PlantVillage-Dataset/raw/color/Grape___healthy/d966ee8e-abdc-4841-94a5-ae1bed9da16c___Mt.N.V_HL 9094.JPG,Grape___healthy,14
"data/PlantVillage-Dataset/raw/color/Pepper,_bell___healthy/2853ccb3-5c5e-49b9-a2ff-988224505f23___JR_HL 7851.JPG","Pepper,_bell___healthy",19
data/PlantVillage-Dataset/raw/color/Tomato___Late_blight/9029b453-c7c1-4c80-9033-72b650866290___GHLB2 Leaf 160.1.JPG,Tomato___Late_blight,30
data/PlantVillage-Dataset/raw/color/Tomato___Bacterial_spot/1c34f218-4416-44ad-b6dc-81b8fc1e10a8___GCREC_Bact.Sp 6381.JPG,Tomato___Bacterial_spot,28
data/PlantVillage-Dataset/raw/color/Grape___Black_rot/fa07010a-ee0b-49a7-909e-4c72cb079a9d___FAM_B.Rot 0336.JPG,Grape___Black_rot,11
data/PlantVillage-Dataset/raw/color/Cherry_(including_sour)___Powdery_mildew/8a07cd65-72a0-4b6f-a393-7e2d3e3274d0___FREC_Pwd.M 4737.JPG,Cherry_(including_sour)___Powdery_mildew,5
data/PlantVillage-Dataset/raw/color/Soybean___healthy/1953d8b1-88ec-4bff-87af-70e9430b19c0___RS_HL 2816.JPG,Soybean___healthy,24
data/PlantVillage-Dataset/raw/color/Apple___Apple_scab/270dd6be-95f4-4fd1-8423-b698663b3f72___FREC_Scab 2954.JPG,Apple___Apple_scab,0
data/PlantVillage-Dataset/raw/color/Tomato___Target_Spot/c015a82f-bd85-4e21-bd6d-641f21156103___Com.G_TgS_FL 0652.JPG,Tomato___Target_Spot,34
data/PlantVillage-Dataset/raw/color/Tomato___Bacterial_spot/d8db4770-1ba3-4648-8a8f-05bfcd2d6e49___GCREC_Bact.Sp 6123.JPG,Tomato___Bacterial_spot,28
data/PlantVillage-Dataset/raw/color/Grape___Esca_(Black_Measles)/2284b3b4-d74e-4fbe-9296-b04e39ae5acb___FAM_B.Msls 0882.JPG,Grape___Esca_(Black_Measles),12
data/PlantVillage-Dataset/raw/color/Tomato___Tomato_Yellow_Leaf_Curl_Virus/9261facd-4e65-4cdd-95ae-50fec470f5a4___YLCV_GCREC 2558.JPG,Tomato___Tomato_Yellow_Leaf_Curl_Virus,35
data/PlantVillage-Dataset/raw/color/Apple___healthy/9efbd99b-9ac8-4c6c-9ad6-6cece321b832___RS_HL 7346.JPG,Apple___healthy,3
data/PlantVillage-Dataset/raw/color/Potato___Late_blight/fabf3179-8fba-4551-93fe-28e7f6c0efc3___RS_LB 3269.JPG,Potato___Late_blight,21
data/PlantVillage-Dataset/raw/color/Tomato___Leaf_Mold/8989f67e-ccc0-4d37-a950-59d3a69856fe___Crnl_L.Mold 7175.JPG,Tomato___Leaf_Mold,31
data/PlantVillage-Dataset/raw/color/Tomato___Tomato_Yellow_Leaf_Curl_Virus/5db866b7-d70a-48fc-b27e-45ae110c285d___UF.GRC_YLCV_Lab 02364.JPG,Tomato___Tomato_Yellow_Leaf_Curl_Virus,35
data/PlantVillage-Dataset/raw/color/Tomato___Septoria_leaf_spot/0c48052c-232b-4ea7-b77d-322f5f642612___Matt.S_CG 7724.JPG,Tomato___Septoria_leaf_spot,32
data/PlantVillage-Dataset/raw/color/Grape___Leaf_blight_(Isariopsis_Leaf_Spot)/1713ad20-01f9-4298-b510-76f60bc67c9c___FAM_L.Blight 3700.JPG,Grape___Leaf_blight_(Isariopsis_Leaf_Spot),13
data/PlantVillage-Dataset/raw/color/Tomato___Bacterial_spot/072f9c7d-c296-49d9-a432-6ec9448cab2a___GCREC_Bact.Sp 3558.JPG,Tomato___Bacterial_spot,28
data/PlantVillage-Dataset/raw/color/Cherry_(including_sour)___Powdery_mildew/b748047a-d6ed-49b4-8fa3-16fea0a76115___FREC_Pwd.M 0395.JPG,Cherry_(including_sour)___Powdery_mildew,5
data/PlantVillage-Dataset/raw/color/Strawberry___healthy/3aca733d-6d49-42d2-bcc2-fa288d126411___RS_HL 2223.JPG,Strawberry___healthy,27
data/PlantVillage-Dataset/raw/color/Apple___Cedar_apple_rust/78821840-5d27-43ae-b830-c54e9f84432d___FREC_C.Rust 9891.JPG,Apple___Cedar_apple_rust,2
data/PlantVillage-Dataset/raw/color/Tomato___healthy/8eb8512f-fbbe-4415-832a-52e58e3cde9e___RS_HL 0003.JPG,Tomato___healthy,37
"data/PlantVillage-Dataset/raw/color/Pepper,_bell___healthy/d17a8519-e2c2-4589-afdb-592063af49cf___JR_HL 8369.JPG","Pepper,_bell___healthy",19
data/PlantVillage-Dataset/raw/color/Soybean___healthy/03c9fd0a-4f6b-454d-8fb4-fcb8050d85d6___RS_HL 4471.JPG,Soybean___healthy,24
data/PlantVillage-Dataset/raw/color/Blueberry___healthy/2683b0f5-da6b-4720-9187-dd06c50b3ce8___RS_HL 4923.JPG,Blueberry___healthy,4
"data/PlantVillage-Dataset/raw/color/Pepper,_bell___healthy/6e418c92-e6e2-46c9-b1fb-96f3e87c2bb2___JR_HL 8616.JPG","Pepper,_bell___healthy",19
data/PlantVillage-Dataset/raw/color/Tomato___Bacterial_spot/450c2f14-597d-45b9-9796-c80e4fbdb114___GCREC_Bact.Sp 6117.JPG,Tomato___Bacterial_spot,28
data/PlantVillage-Dataset/raw/color/Grape___Esca_(Black_Measles)/aa5d794f-9e41-40c2-a265-12fdf7c22bc3___FAM_B.Msls 4036.JPG,Grape___Esca_(Black_Measles),12
data/PlantVillage-Dataset/raw/color/Orange___Haunglongbing_(Citrus_greening)/b8a3b2de-d59f-4525-a59f-fe37bb58ecd9___CREC_HLB 4789.JPG,Orange___Haunglongbing_(Citrus_greening),15
data/PlantVillage-Dataset/raw/color/Apple___Black_rot/8d911287-49a5-4b0b-b9e5-8d270baf40f0___JR_FrgE.S 8792.JPG,Apple___Black_rot,1
data/PlantVillage-Dataset/raw/color/Corn_(maize)___Northern_Leaf_Blight/f3a574c8-043a-4804-bdba-addb50450720___RS_NLB 3553 copy.jpg,Corn_(maize)___Northern_Leaf_Blight,9
data/PlantVillage-Dataset/raw/color/Peach___healthy/92330542-da73-46c4-888d-5a42714366d7___Rutg._HL 3559.JPG,Peach___healthy,17
data/PlantVillage-Dataset/raw/color/Tomato___Tomato_Yellow_Leaf_Curl_Virus/cc07d72c-2dc3-4a2e-9e35-fed03d6d8507___YLCV_NREC 2579.JPG,Tomato___Tomato_Yellow_Leaf_Curl_Virus,35
data/PlantVillage-Dataset/raw/color/Potato___Early_blight/10a3920b-dd04-406d-8bbd-f92f221e4dee___RS_Early.B 7035.JPG,Potato___Early_blight,20
data/PlantVillage-Dataset/raw/color/Tomato___Tomato_Yellow_Leaf_Curl_Virus/ffb119bc-8d09-4f83-b1c5-483599a93d03___UF.GRC_YLCV_Lab 02541.JPG,Tomato___Tomato_Yellow_Leaf_Curl_Virus,35
data/PlantVillage-Dataset/raw/color/Grape___Leaf_blight_(Isariopsis_Leaf_Spot)/a01aed25-9434-4352-8d7f-eb208ac65b59___FAM_L.Blight 3729.JPG,Grape___Leaf_blight_(Isariopsis_Leaf_Spot),13
data/PlantVillage-Dataset/raw/color/Corn_(maize)___Northern_Leaf_Blight/a294edd3-2e37-4901-b35a-454480f4cea1___RS_NLB 0768.JPG,Corn_(maize)___Northern_Leaf_Blight,9
data/PlantVillage-Dataset/raw/color/Soybean___healthy/8c583f4e-75d5-43d1-be0c-70d4d4c4aa06___RS_HL 4571.JPG,Soybean___healthy,24
data/PlantVillage-Dataset/raw/color/Corn_(maize)___healthy/753b1a00-7ef2-42dc-9475-c030958cb2bd___R.S_HL 7937 copy 2.jpg,Corn_(maize)___healthy,10
data/PlantVillage-Dataset/raw/color/Tomato___Late_blight/1eacb98a-d88b-4e86-bbb8-19ec6a4e6c67___GHLB2 Leaf 148.2.JPG,Tomato___Late_blight,30
data/PlantVillage-Dataset/raw/color/Squash___Powdery_mildew/159ab3e0-30b4-4f45-a497-7ed0f03baa3b___UMD_Powd.M 0348.JPG,Squash___Powdery_mildew,25
data/PlantVillage-Dataset/raw/color/Apple___Apple_scab/6e620ce9-bf70-41af-8778-dd46247a3327___FREC_Scab 3405.JPG,Apple___Apple_scab,0
data/PlantVillage-Dataset/raw/color/Potato___Early_blight/c3bf3f15-b1ae-4e36-97a4-f341879db6ae___RS_Early.B 8263.JPG,Potato___Early_blight,20
data/PlantVillage-Dataset/raw/color/Cherry_(including_sour)___healthy/48a91ca3-c944-4b2b-9068-8f5d77c4dc14___JR_HL 9487.JPG,Cherry_(including_sour)___healthy,6
data/PlantVillage-Dataset/raw/color/Apple___healthy/edf2aa3e-8736-4931-99dc-4a05252526b6___RS_HL 7710.JPG,Apple___healthy,3
data/PlantVillage-Dataset/raw/color/Tomato___Bacterial_spot/d504f56f-b000-438e-a81a-e95870d70bb0___GCREC_Bact.Sp 5668.JPG,Tomato___Bacterial_spot,28
data/PlantVillage-Dataset/raw/color/Strawberry___Leaf_scorch/b1ead01a-3f1c-4f9c-a91e-0ddaa45112a4___RS_L.Scorch 0783.JPG,Strawberry___Leaf_scorch,26
data/PlantVillage-Dataset/raw/color/Apple___Black_rot/2478fee4-ef3a-4638-8641-f5524246f29a___JR_FrgE.S 2951.JPG,Apple___Black_rot,1
data/PlantVillage-Dataset/raw/color/Apple___Black_rot/9d79342d-4445-42d1-878c-7f0c91e285fe___JR_FrgE.S 3011.JPG,Apple___Black_rot,1
data/PlantVillage-Dataset/raw/color/Grape___Esca_(Black_Measles)/0ac7f7a3-2748-4f58-ae8d-426cdc5113f4___FAM_B.Msls 4432.JPG,Grape___Esca_(Black_Measles),12
data/PlantVillage-Dataset/raw/color/Peach___healthy/3c8a7113-9e2a-4925-84c0-7c0991e4aae1___Rutg._HL 3749.JPG,Peach___healthy,17
data/PlantVillage-Dataset/raw/color/Blueberry___healthy/ba4289d6-823d-4689-a861-33ee72958050___RS_HL 2492.JPG,Blueberry___healthy,4
data/PlantVillage-Dataset/raw/color/Tomato___Tomato_mosaic_virus/0c779116-043c-4715-b080-16be2e8d2552___PSU_CG 2285.JPG,Tomato___Tomato_mosaic_virus,36
data/PlantVillage-Dataset/raw/color/Apple___Cedar_apple_rust/1440b8ad-ba66-44dc-aeff-13515fe5eb68___FREC_C.Rust 3816.JPG,Apple___Cedar_apple_rust,2
data/PlantVillage-Dataset/raw/color/Apple___Apple_scab/795c112f-bd6c-4d70-8986-b1c2fb62cbf2___FREC_Scab 3384.JPG,Apple___Apple_scab,0
data/PlantVillage-Dataset/raw/color/Tomato___Early_blight/2fa6cd46-eb76-481e-b15a-44c858f705b3___RS_Erly.B 9532.JPG,Tomato___Early_blight,29
data/PlantVillage-Dataset/raw/color/Corn_(maize)___healthy/d712361e-bd7c-47e4-a9d2-9d9265ddf849___R.S_HL 8201 copy.jpg,Corn_(maize)___healthy,10
data/PlantVillage-Dataset/raw/color/Potato___healthy/04481ca2-f94c-457e-b785-1ac05800b7ec___RS_HL 1930.JPG,Potato___healthy,22
data/PlantVillage-Dataset/raw/color/Apple___Apple_scab/7897b5dc-7aa6-48b2-8c18-a30fcd6cae94___FREC_Scab 3203.JPG,Apple___Apple_scab,0
data/PlantVillage-Dataset/raw/color/Orange___Haunglongbing_(Citrus_greening)/af6f937f-0c01-4749-85bb-d0c5cd849c6a___CREC_HLB 7331.JPG,Orange___Haunglongbing_(Citrus_greening),15
data/PlantVillage-Dataset/raw/color/Tomato___Bacterial_spot/d2e4bb70-7fa8-4ff3-87d7-77b10e0727bc___GCREC_Bact.Sp 3306.JPG,Tomato___Bacterial_spot,28
data/PlantVillage-Dataset/raw/color/Blueberry___healthy/733d9c5c-6ec2-417f-8ecf-373d79d3774d___RS_HL 2603.JPG,Blueberry___healthy,4
data/PlantVillage-Dataset/raw/color/Strawberry___healthy/c4eca43a-adf9-4d30-a990-8b177165fb04___RS_HL 4708.JPG,Strawberry___healthy,27
"data/PlantVillage-Dataset/raw/color/Pepper,_bell___healthy/0c002246-262c-46d7-9995-bd1e1b2737d9___JR_HL 7969.JPG","Pepper,_bell___healthy",19
data/PlantVillage-Dataset/raw/color/Cherry_(including_sour)___healthy/1baafb47-3a9c-4972-945c-d2198245acf9___JR_HL 4243.JPG,Cherry_(including_sour)___healthy,6
data/PlantVillage-Dataset/raw/color/Potato___Early_blight/0c4f6f72-c7a2-42e1-9671-41ab3bf37fe7___RS_Early.B 6752.JPG,Potato___Early_blight,20
data/PlantVillage-Dataset/raw/color/Tomato___healthy/3887cbce-afde-4244-b39e-25ee0c9e24fc___GH_HL Leaf 235.1.JPG,Tomato___healthy,37
data/PlantVillage-Dataset/raw/color/Peach___healthy/0a4795b0-5144-4dea-a7ed-b6243416e8d0___Rutg._HL 3530.JPG,Peach___healthy,17
"data/PlantVillage-Dataset/raw/color/Pepper,_bell___healthy/0dd09705-5593-4d01-9a9b-c1d5857daf92___JR_HL 8212.JPG","Pepper,_bell___healthy",19
data/PlantVillage-Dataset/raw/color/Peach___healthy/3412d130-23e9-46eb-944a-82337b9555c6___Rutg._HL 3646.JPG,Peach___healthy,17
data/PlantVillage-Dataset/raw/color/Grape___Black_rot/10101516-c385-4a77-9abd-38ec4fa98085___FAM_B.Rot 0712.JPG,Grape___Black_rot,11
data/PlantVillage-Dataset/raw/color/Corn_(maize)___Common_rust_/RS_Rust 2240.JPG,Corn_(maize)___Common_rust_,8
"data/PlantVillage-Dataset/raw/color/Pepper,_bell___Bacterial_spot/6820b823-5ed9-422d-ba0c-5134cd046588___JR_B.Spot 9049.JPG","Pepper,_bell___Bacterial_spot",18
data/PlantVillage-Dataset/raw/color/Potato___Late_blight/de0ae213-3479-4f07-b7f8-d59607a2caa8___RS_LB 2528.JPG,Potato___Late_blight,21
data/PlantVillage-Dataset/raw/color/Squash___Powdery_mildew/f5dc1c24-38a8-462c-8848-aa65da31db99___UMD_Powd.M 0288.JPG,Squash___Powdery_mildew,25
data/PlantVillage-Dataset/raw/color/Grape___Black_rot/489488d6-c257-4644-aefd-37ca4eb8b615___FAM_B.Rot 3496.JPG,Grape___Black_rot,11
data/PlantVillage-Dataset/raw/color/Potato___Early_blight/3935d2ce-2d27-45ec-ab50-a53df9d30fa2___RS_Early.B 7437.JPG,Potato___Early_blight,20
data/PlantVillage-Dataset/raw/color/Soybean___healthy/5905fa09-e236-4d87-a435-f8806acf8bdd___RS_HL 3726.JPG,Soybean___healthy,24
data/PlantVillage-Dataset/raw/color/Tomato___Tomato_Yellow_Leaf_Curl_Virus/e11b2c72-3c8a-4511-ab78-cc63219b0b27___UF.GRC_YLCV_Lab 03287.JPG,Tomato___Tomato_Yellow_Leaf_Curl_Virus,35
data/PlantVillage-Dataset/raw/color/Tomato___Early_blight/79c34498-d83f-4afd-a339-074b4dbb20bd___RS_Erly.B 8450.JPG,Tomato___Early_blight,29
data/PlantVillage-Dataset/raw/color/Corn_(maize)___healthy/da6eb23a-534c-47cd-ac20-4c3de9c54d67___R.S_HL 8056 copy 2.jpg,Corn_(maize)___healthy,10
data/PlantVillage-Dataset/raw/color/Grape___Esca_(Black_Measles)/fff99912-2321-46f9-9f81-20f0e9296776___FAM_B.Msls 4353.JPG,Grape___Esca_(Black_Measles),12
data/PlantVillage-Dataset/raw/color/Squash___Powdery_mildew/8edaae36-4099-42a1-8634-0cb79c8eac1b___MD_Powd.M 0460.JPG,Squash___Powdery_mildew,25
data/PlantVillage-Dataset/raw/color/Blueberry___healthy/c581fa1d-9f22-408d-b19d-893180e64a83___RS_HL 0318.JPG,Blueberry___healthy,4
data/PlantVillage-Dataset/raw/color/Orange___Haunglongbing_(Citrus_greening)/1ba773d7-e432-4559-90cc-8b008112367e___CREC_HLB 5463.JPG,Orange___Haunglongbing_(Citrus_greening),15
data/PlantVillage-Dataset/raw/color/Raspberry___healthy/47bf725b-8d18-4469-89e4-43f9102e6e48___Mary_HL 6276.JPG,Raspberry___healthy,23
data/PlantVillage-Dataset/raw/color/Apple___healthy/7a13d83d-7511-41c5-9fd5-9fd18d3cf3b1___RS_HL 5685.JPG,Apple___healthy,3
data/PlantVillage-Dataset/raw/color/Corn_(maize)___Cercospora_leaf_spot Gray_leaf_spot/919e2c3d-488e-440e-9841-60348cdb4adf___RS_GLSp 9322.JPG,Corn_(maize)___Cercospora_leaf_spot Gray_leaf_spot,7
data/PlantVillage-Dataset/raw/color/Corn_(maize)___Northern_Leaf_Blight/a93c2cd6-b663-4a65-9ea6-85956441efd4___RS_NLB 4280.JPG,Corn_(maize)___Northern_Leaf_Blight,9
data/PlantVillage-Dataset/raw/color/Strawberry___Leaf_scorch/4f7ef1ad-0f24-41a9-9d62-6bf1c406c980___RS_L.Scorch 1070.JPG,Strawberry___Leaf_scorch,26
data/PlantVillage-Dataset/raw/color/Apple___healthy/d5f63752-d817-4b29-a773-f0e87544d61f___RS_HL 7247.JPG,Apple___healthy,3
data/PlantVillage-Dataset/raw/color/Peach___Bacterial_spot/d223a48c-2075-4645-965b-50af1fcf6823___Rut._Bact.S 1463.JPG,Peach___Bacterial_spot,16
data/PlantVillage-Dataset/raw/color/Tomato___Target_Spot/bf0b7a23-f141-4d5d-a62a-5959b8333ec1___Com.G_TgS_FL 8039.JPG,Tomato___Target_Spot,34
data/PlantVillage-Dataset/raw/color/Tomato___Leaf_Mold/59be5fe5-77f9-4538-a3c9-8c3be20f662d___Crnl_L.Mold 8938.JPG,Tomato___Leaf_Mold,31
data/PlantVillage-Dataset/raw/color/Corn_(maize)___Common_rust_/RS_Rust 2173.JPG,Corn_(maize)___Common_rust_,8
data/PlantVillage-Dataset/raw/color/Potato___Late_blight/02212653-e92b-49aa-96b7-9497af51e502___RS_LB 3151.JPG,Potato___Late_blight,21
"data/PlantVillage-Dataset/raw/color/Pepper,_bell___Bacterial_spot/821fa2f8-b221-472d-a789-f0c42923f52a___JR_B.Spot 9046.JPG","Pepper,_bell___Bacterial_spot",18
data/PlantVillage-Dataset/raw/color/Tomato___healthy/ac249839-fe21-45cd-9e09-f0023fa7ee3a___GH_HL Leaf 273.JPG,Tomato___healthy,37
data/PlantVillage-Dataset/raw/color/Cherry_(including_sour)___Powdery_mildew/683ff209-2360-44c5-bc28-7ae288869562___FREC_Pwd.M 4740.JPG,Cherry_(including_sour)___Powdery_mildew,5
data/PlantVillage-Dataset/raw/color/Tomato___Leaf_Mold/8b009f83-acfa-48bd-bc45-76ea1c58d317___Crnl_L.Mold 8855.JPG,Tomato___Leaf_Mold,31
data/PlantVillage-Dataset/raw/color/Grape___healthy/666536ee-371f-46c2-b20d-f6fc87847cb1___Mt.N.V_HL 8944.JPG,Grape___healthy,14
data/PlantVillage-Dataset/raw/color/Apple___Black_rot/5984db18-75d7-4c3a-be4b-74c3c0351887___JR_FrgE.S 8685.JPG,Apple___Black_rot,1
data/PlantVillage-Dataset/raw/color/Strawberry___healthy/e54205fc-ef01-4553-8305-0067ebf3bdc5___RS_HL 1839.JPG,Strawberry___healthy,27
data/PlantVillage-Dataset/raw/color/Raspberry___healthy/7317ad8f-a7a3-496d-81c7-6e086b20a661___Mary_HL 6391.JPG,Raspberry___healthy,23
data/PlantVillage-Dataset/raw/color/Tomato___Leaf_Mold/dc61dd2d-7b0f-4927-a3af-4ad0c71bda15___Crnl_L.Mold 6561.JPG,Tomato___Leaf_Mold,31
data/PlantVillage-Dataset/raw/color/Tomato___Septoria_leaf_spot/6fa4e32f-6cf3-48d7-9adb-b0282f3da27b___Matt.S_CG 7460.JPG,Tomato___Septoria_leaf_spot,32
data/PlantVillage-Dataset/raw/color/Apple___Black_rot/6af653b0-6a01-458c-bb17-5ee1b76115f4___JR_FrgE.S 2753.JPG,Apple___Black_rot,1
data/PlantVillage-Dataset/raw/color/Tomato___healthy/cc289e5c-7899-4081-9ea9-c3dc3ad3d2d4___GH_HL Leaf 408.1.JPG,Tomato___healthy,37
data/PlantVillage-Dataset/raw/color/Potato___Early_blight/8be5bc25-febc-4bde-bd2b-01a54d3c6e3c___RS_Early.B 8760.JPG,Potato___Early_blight,20
"data/PlantVillage-Dataset/raw/color/Pepper,_bell___healthy/885b1f2e-0a3e-4fe1-88b0-7e20b229bf00___JR_HL 5828.JPG","Pepper,_bell___healthy",19
data/PlantVillage-Dataset/raw/color/Soybean___healthy/75d58c62-8600-481d-ae8e-7d21222d2dc0___RS_HL 3883.JPG,Soybean___healthy,24
"data/PlantVillage-Dataset/raw/color/Pepper,_bell___healthy/c8c24f99-957d-4711-92b5-37520cabb5d3___JR_HL 8023.JPG","Pepper,_bell___healthy",19
data/PlantVillage-Dataset/raw/color/Squash___Powdery_mildew/da108f7f-40d2-4881-b3bd-4509bab41cd2___MD_Powd.M 0826.JPG,Squash___Powdery_mildew,25
data/PlantVillage-Dataset/raw/color/Corn_(maize)___Common_rust_/RS_Rust 2305.JPG,Corn_(maize)___Common_rust_,8
data/PlantVillage-Dataset/raw/color/Squash___Powdery_mildew/7b7f445b-f7fc-431f-b72b-8720db30fe24___MD_Powd.M 0384.JPG,Squash___Powdery_mildew,25
data/PlantVillage-Dataset/raw/color/Grape___Black_rot/4c2cf28e-6bec-4105-bdaf-b36fb046ab3e___FAM_B.Rot 3024.JPG,Grape___Black_rot,11
data/PlantVillage-Dataset/raw/color/Blueberry___healthy/fed0faea-f022-4352-9a24-8611c94b017e___RS_HL 2470.JPG,Blueberry___healthy,4
data/PlantVillage-Dataset/raw/color/Blueberry___healthy/4ad10f50-4116-4d99-8e2a-4cfdca53a120___RS_HL 0762.JPG,Blueberry___healthy,4
data/PlantVillage-Dataset/raw/color/Tomato___Septoria_leaf_spot/6a04517f-4377-4f85-a0de-96cdf3491896___Matt.S_CG 6236.JPG,Tomato___Septoria_leaf_spot,32
"data/PlantVillage-Dataset/raw/color/Pepper,_bell___healthy/db858b36-753d-4f62-903b-07cbc2f59b15___JR_HL 8522.JPG","Pepper,_bell___healthy",19
data/PlantVillage-Dataset/raw/color/Grape___Esca_(Black_Measles)/cc40d22e-41ff-433f-a36f-57cd9dab83c3___FAM_B.Msls 4093.JPG,Grape___Esca_(Black_Measles),12
data/PlantVillage-Dataset/raw/color/Tomato___Spider_mites Two-spotted_spider_mite/d222c176-f267-4c87-ba98-81ebc37f53b1___Com.G_SpM_FL 8675.JPG,Tomato___Spider_mites Two-spotted_spider_mite,33
data/PlantVillage-Dataset/raw/color/Tomato___Bacterial_spot/ad7c1b29-cdb8-413e-a726-fe3111ba2ca8___GCREC_Bact.Sp 3675.JPG,Tomato___Bacterial_spot,28
data/PlantVillage-Dataset/raw/color/Corn_(maize)___Cercospora_leaf_spot Gray_leaf_spot/13d4d655-79ad-4c3e-be5c-b8e4c33f1f34___RS_GLSp 9291.JPG,Corn_(maize)___Cercospora_leaf_spot Gray_leaf_spot,7
data/PlantVillage-Dataset/raw/color/Tomato___Tomato_Yellow_Leaf_Curl_Virus/92f5b61b-1970-41b3-9c72-f648feadd735___UF.GRC_YLCV_Lab 08482.JPG,Tomato___Tomato_Yellow_Leaf_Curl_Virus,35
data/PlantVillage-Dataset/raw/color/Cherry_(including_sour)___Powdery_mildew/78a912be-4a06-43c3-ac79-876b1a0f7c9f___FREC_Pwd.M 5072.JPG,Cherry_(including_sour)___Powdery_mildew,5
"data/PlantVillage-Dataset/raw/color/Pepper,_bell___healthy/f8fa9424-843e-4639-9b06-c8da74a4d52b___JR_HL 8425.JPG","Pepper,_bell___healthy",19
data/PlantVillage-Dataset/raw/color/Corn_(maize)___healthy/457d6124-02df-4915-b8b1-21e6d987019e___R.S_HL 7949 copy 2.jpg,Corn_(maize)___healthy,10
data/PlantVillage-Dataset/raw/color/Tomato___Early_blight/0f111718-a749-42cf-9495-412f4b51acf0___RS_Erly.B 7482.JPG,Tomato___Early_blight,29
data/PlantVillage-Dataset/raw/color/Peach___Bacterial_spot/2c2a8312-f107-42b0-9a54-05cee329b25d___Rutg._Bact.S 1786.JPG,Peach___Bacterial_spot,16
data/PlantVillage-Dataset/raw/color/Strawberry___Leaf_scorch/a479bc72-8214-4b97-b9bd-60a9228762cf___RS_L.Scorch 1225.JPG,Strawberry___Leaf_scorch,26
data/PlantVillage-Dataset/raw/color/Raspberry___healthy/a2a60055-0788-42e6-9ab5-b234c1739ebb___Mary_HL 9298.JPG,Raspberry___healthy,23
data/PlantVillage-Dataset/raw/color/Tomato___Tomato_Yellow_Leaf_Curl_Virus/2d02b5b3-406a-41f0-bca7-bc50ca3e90de___UF.GRC_YLCV_Lab 02038.JPG,Tomato___Tomato_Yellow_Leaf_Curl_Virus,35
data/PlantVillage-Dataset/raw/color/Corn_(maize)___healthy/4ae99990-fe39-4a48-bdec-5ed4b1e0ea5c___R.S_HL 8316 copy 2.jpg,Corn_(maize)___healthy,10
data/PlantVillage-Dataset/raw/color/Tomato___Septoria_leaf_spot/4c764c63-9353-46cc-9afb-08de31110043___Matt.S_CG 7535.JPG,Tomato___Septoria_leaf_spot,32
data/PlantVillage-Dataset/raw/color/Potato___Late_blight/e4a264b9-fbae-4f38-86ce-d0a7d70e92e1___RS_LB 5211.JPG,Potato___Late_blight,21
data/PlantVillage-Dataset/raw/color/Corn_(maize)___Northern_Leaf_Blight/ac38d408-9cc0-4979-966e-b4bf6413e84c___RS_NLB 3732.JPG,Corn_(maize)___Northern_Leaf_Blight,9
data/PlantVillage-Dataset/raw/color/Corn_(maize)___Common_rust_/RS_Rust 2577.JPG,Corn_(maize)___Common_rust_,8
data/PlantVillage-Dataset/raw/color/Apple___Cedar_apple_rust/7ba80ce1-562a-404b-a8e9-273cd917081a___FREC_C.Rust 9833.JPG,Apple___Cedar_apple_rust,2
data/PlantVillage-Dataset/raw/color/Peach___Bacterial_spot/9fa34bad-b3f7-40fe-9c7f-b6d46161966a___Rutg._Bact.S 1134.JPG,Peach___Bacterial_spot,16
data/PlantVillage-Dataset/raw/color/Corn_(maize)___Cercospora_leaf_spot Gray_leaf_spot/15d188d6-bade-4281-931a-82264fdae6a4___RS_GLSp 4450.JPG,Corn_(maize)___Cercospora_leaf_spot Gray_leaf_spot,7
data/PlantVillage-Dataset/raw/color/Strawberry___healthy/fb8db167-dda8-4bda-99a5-d7b688b14e89___RS_HL 4442.JPG,Strawberry___healthy,27
data/PlantVillage-Dataset/raw/color/Tomato___Tomato_Yellow_Leaf_Curl_Virus/25ee6e38-9327-4bdb-9e18-502d2b6ec3a7___YLCV_GCREC 2088.JPG,Tomato___Tomato_Yellow_Leaf_Curl_Virus,35
data/PlantVillage-Dataset/raw/color/Cherry_(including_sour)___Powdery_mildew/e85d24e4-9a7b-42cb-95fe-d76ca9d86180___FREC_Pwd.M 4930.JPG,Cherry_(including_sour)___Powdery_mildew,5
data/PlantVillage-Dataset/raw/color/Peach___healthy/de07c294-2307-43c1-8f67-6ccc2159905f___Rutg._HL 3560.JPG,Peach___healthy,17
data/PlantVillage-Dataset/raw/color/Potato___healthy/c6abf1da-b06f-4cd2-8af6-d68be5eff6f9___RS_HL 1766.JPG,Potato___healthy,22
data/PlantVillage-Dataset/raw/color/Apple___Apple_scab/461eeeb9-5bf1-4c0a-a7dd-6967917b4537___FREC_Scab 3098.JPG,Apple___Apple_scab,0
data/PlantVillage-Dataset/raw/color/Tomato___Bacterial_spot/611c6fa8-d805-4956-a786-2a4522c59f71___GCREC_Bact.Sp 5616.JPG,Tomato___Bacterial_spot,28
data/PlantVillage-Dataset/raw/color/Orange___Haunglongbing_(Citrus_greening)/c70418d9-51ac-48bf-ac02-499d2e46b16b___CREC_HLB 7232.JPG,Orange___Haunglongbing_(Citrus_greening),15
data/PlantVillage-Dataset/raw/color/Corn_(maize)___Cercospora_leaf_spot Gray_leaf_spot/fcf73483-d84f-4278-9ef7-5a715c73c8e1___RS_GLSp 4408 copy.jpg,Corn_(maize)___Cercospora_leaf_spot Gray_leaf_spot,7
data/PlantVillage-Dataset/raw/color/Apple___healthy/0bc2127e-99b9-44ea-bb2b-4e1b0b0f7624___RS_HL 7777.JPG,Apple___healthy,3
data/PlantVillage-Dataset/raw/color/Grape___Esca_(Black_Measles)/2bf35b46-3681-4bd2-8491-264ec0fe0e9f___FAM_B.Msls 1050.JPG,Grape___Esca_(Black_Measles),12
data/PlantVillage-Dataset/raw/color/Tomato___Early_blight/06d6d114-8d26-43eb-b79f-44218bbfa0d1___RS_Erly.B 9441.JPG,Tomato___Early_blight,29
data/PlantVillage-Dataset/raw/color/Soybean___healthy/a93ec230-2da1-404e-bea4-c15825b5310f___RS_HL 6676.JPG,Soybean___healthy,24
data/PlantVillage-Dataset/raw/color/Tomato___Early_blight/54d55df4-c760-4191-b998-d1e1493a35f5___RS_Erly.B 7524.JPG,Tomato___Early_blight,29
data/PlantVillage-Dataset/raw/color/Tomato___Spider_mites Two-spotted_spider_mite/3bf7ca2f-8ba9-4ec1-82a4-8e8b45bc7449___Com.G_SpM_FL 9564.JPG,Tomato___Spider_mites Two-spotted_spider_mite,33
data/PlantVillage-Dataset/raw/color/Tomato___Septoria_leaf_spot/3ed40b55-9410-41c7-91cd-1e2f771d5888___Matt.S_CG 7723.JPG,Tomato___Septoria_leaf_spot,32
data/PlantVillage-Dataset/raw/color/Tomato___Tomato_mosaic_virus/f32568bd-2f68-4cbc-b083-4d9084858436___PSU_CG 2155.JPG,Tomato___Tomato_mosaic_virus,36
data/PlantVillage-Dataset/raw/color/Cherry_(including_sour)___Powdery_mildew/4c5ba905-216a-479d-8bca-6905d68c8279___FREC_Pwd.M 5147.JPG,Cherry_(including_sour)___Powdery_mildew,5
data/PlantVillage-Dataset/raw/color/Corn_(maize)___Cercospora_leaf_spot Gray_leaf_spot/714f6741-cb60-432b-91f9-ebd5a8a7ded4___RS_GLSp 7325.JPG,Corn_(maize)___Cercospora_leaf_spot Gray_leaf_spot,7
data/PlantVillage-Dataset/raw/color/Peach___Bacterial_spot/f8278fdf-ed93-4f76-93d3-262b23c6fa12___Rutg._Bact.S 2200.JPG,Peach___Bacterial_spot,16
data/PlantVillage-Dataset/raw/color/Strawberry___healthy/d94430d8-1f02-41c5-97b0-2fefd03ae088___RS_HL 4871.JPG,Strawberry___healthy,27
data/PlantVillage-Dataset/raw/color/Apple___healthy/3abb0d3f-f131-4025-af6d-68bd6f4d253e___RS_HL 8110.JPG,Apple___healthy,3
data/PlantVillage-Dataset/raw/color/Grape___healthy/0ca59865-f0d2-4863-b4d1-a6690de53a5a___Mt.N.V_HL 6025.JPG,Grape___healthy,14
data/PlantVillage-Dataset/raw/color/Tomato___Tomato_Yellow_Leaf_Curl_Virus/dfbe4560-d080-4d8e-ad84-4e457273b55e___YLCV_GCREC 5190.JPG,Tomato___Tomato_Yellow_Leaf_Curl_Virus,35
data/PlantVillage-Dataset/raw/color/Peach___healthy/c6c82c0e-794e-4041-b69d-c4aeef046c20___Rutg._HL 2435.JPG,Peach___healthy,17
"data/PlantVillage-Dataset/raw/color/Pepper,_bell___healthy/b3f3c64e-d3f1-42e9-9c6f-51ab8ab36a4d___JR_HL 7717.JPG","Pepper,_bell___healthy",19
data/PlantVillage-Dataset/raw/color/Potato___Late_blight/ea356b9c-9090-4f0d-9083-d1f63c77372d___RS_LB 2800.JPG,Potato___Late_blight,21
data/PlantVillage-Dataset/raw/color/Tomato___Early_blight/9d2bc87f-f309-41a4-a533-569456706e2b___RS_Erly.B 6367.JPG,Tomato___Early_blight,29
data/PlantVillage-Dataset/raw/color/Peach___healthy/2db4ac2a-c6e8-48e2-a2f3-4babea0167a8___Rutg._HL 3544.JPG,Peach___healthy,17
data/PlantVillage-Dataset/raw/color/Potato___healthy/0be9d721-82f5-42c3-b535-7494afe01dbe___RS_HL 1814.JPG,Potato___healthy,22
data/PlantVillage-Dataset/raw/color/Grape___Esca_(Black_Measles)/37642d48-d6b8-49b6-9190-d0a12bea3f6c___FAM_B.Msls 0851.JPG,Grape___Esca_(Black_Measles),12
data/PlantVillage-Dataset/raw/color/Corn_(maize)___healthy/b7214149-73ad-481e-9227-c9fe77f10477___R.S_HL 7896 copy 2.jpg,Corn_(maize)___healthy,10
data/PlantVillage-Dataset/raw/color/Strawberry___healthy/16cb49b2-8d1b-4a66-95fa-9487aa0ba8f1___RS_HL 1665.JPG,Strawberry___healthy,27
data/PlantVillage-Dataset/raw/color/Raspberry___healthy/e3e3cd97-a57b-417b-b57d-e3934e2840e3___Mary_HL 6327.JPG,Raspberry___healthy,23
data/PlantVillage-Dataset/raw/color/Corn_(maize)___Northern_Leaf_Blight/e11c9b3e-d9bc-48b7-8d05-c1d99ba2da52___RS_NLB 3851.JPG,Corn_(maize)___Northern_Leaf_Blight,9
data/PlantVillage-Dataset/raw/color/Tomato___Late_blight/cf848353-3cc5-4d85-95ae-453c7da065f4___RS_Late.B 6756.JPG,Tomato___Late_blight,30
data/PlantVillage-Dataset/raw/color/Apple___Cedar_apple_rust/064b14b5-af1b-4bcf-afe7-a061e5669dbb___FREC_C.Rust 9839.JPG,Apple___Cedar_apple_rust,2
data/PlantVillage-Dataset/raw/color/Grape___Leaf_blight_(Isariopsis_Leaf_Spot)/9f99acf9-3036-43fc-b473-20593a38ce87___FAM_L.Blight 4771.JPG,Grape___Leaf_blight_(Isariopsis_Leaf_Spot),13
data/PlantVillage-Dataset/raw/color/Tomato___Tomato_mosaic_virus/03b6acc7-41a6-4670-b47c-bef6d4baea18___PSU_CG 2363.JPG,Tomato___Tomato_mosaic_virus,36
data/PlantVillage-Dataset/raw/color/Potato___Late_blight/f9d861a9-0217-4de2-844f-fd23ccaa9def___RS_LB 3067.JPG,Potato___Late_blight,21
data/PlantVillage-Dataset/raw/color/Tomato___Bacterial_spot/f14581e5-cc67-403d-a4f3-7f0be31b4899___GCREC_Bact.Sp 3497.JPG,Tomato___Bacterial_spot,28
data/PlantVillage-Dataset/raw/color/Grape___Black_rot/45631fc9-ee25-4556-acba-12eab79ec01b___FAM_B.Rot 0708.JPG,Grape___Black_rot,11
data/PlantVillage-Dataset/raw/color/Grape___healthy/2dacf3f7-797b-4d4c-bf77-1d1a8f6d965d___Mt.N.V_HL 9117.JPG,Grape___healthy,14
data/PlantVillage-Dataset/raw/color/Grape___Leaf_blight_(Isariopsis_Leaf_Spot)/e80a202c-9a03-441a-8cf3-f4e8156347d7___FAM_L.Blight 4731.JPG,Grape___Leaf_blight_(Isariopsis_Leaf_Spot),13
data/PlantVillage-Dataset/raw/color/Apple___Cedar_apple_rust/b5a75c29-c79a-4db0-8976-e33e48628ccb___FREC_C.Rust 9966.JPG,Apple___Cedar_apple_rust,2
data/PlantVillage-Dataset/raw/color/Raspberry___healthy/36c1521b-6717-44bc-bfaf-8292d561f4ce___Mary_HL 9320.JPG,Raspberry___healthy,23
data/PlantVillage-Dataset/raw/color/Peach___Bacterial_spot/21a17924-16e1-4b9c-9bde-2a9c994d584c___Rutg._Bact.S 1162.JPG,Peach___Bacterial_spot,16
data/PlantVillage-Dataset/raw/color/Blueberry___healthy/17b961d3-e008-4c85-ad6b-d85fba0e7f6c___RS_HL 0390.JPG,Blueberry___healthy,4
data/PlantVillage-Dataset/raw/color/Tomato___healthy/71c4512d-05ba-456f-ba4e-f2861b7e7837___RS_HL 0390.JPG,Tomato___healthy,37
data/PlantVillage-Dataset/raw/color/Tomato___Tomato_mosaic_virus/c9da2f9b-58f3-4715-8012-ee1fe722921f___PSU_CG 2199.JPG,Tomato___Tomato_mosaic_virus,36
"data/PlantVillage-Dataset/raw/color/Pepper,_bell___Bacterial_spot/e348be18-797b-48ab-856a-3e58bde6c874___JR_B.Spot 3229.JPG","Pepper,_bell___Bacterial_spot",18
data/PlantVillage-Dataset/raw/color/Tomato___Tomato_Yellow_Leaf_Curl_Virus/52194a42-49b2-4711-84ff-ec707c820a94___YLCV_NREC 2981.JPG,Tomato___Tomato_Yellow_Leaf_Curl_Virus,35
data/PlantVillage-Dataset/raw/color/Tomato___Tomato_Yellow_Leaf_Curl_Virus/c4c6fad3-9805-45ff-bf51-3ca5f7d4a079___UF.GRC_YLCV_Lab 01602.JPG,Tomato___Tomato_Yellow_Leaf_Curl_Virus,35
data/PlantVillage-Dataset/raw/color/Tomato___Spider_mites Two-spotted_spider_mite/dc53d14b-3879-4eef-ac93-11fa6ab8287b___Com.G_SpM_FL 8863.JPG,Tomato___Spider_mites Two-spotted_spider_mite,33
data/PlantVillage-Dataset/raw/color/Tomato___healthy/5d49f9d4-e27e-4220-933a-3bef2f44c437___GH_HL Leaf 502.3.JPG,Tomato___healthy,37
data/PlantVillage-Dataset/raw/color/Strawberry___Leaf_scorch/6b5b0495-3fa5-4da0-894b-3a0ec775a0fd___RS_L.Scorch 1233.JPG,Strawberry___Leaf_scorch,26
data/PlantVillage-Dataset/raw/color/Tomato___Tomato_Yellow_Leaf_Curl_Virus/d8ef30fa-769d-4c94-8f81-2174bc740b5a___YLCV_GCREC 2394.JPG,Tomato___Tomato_Yellow_Leaf_Curl_Virus,35
data/PlantVillage-Dataset/raw/color/Soybean___healthy/eda96839-51ec-4101-b2a3-1c5d7ee248ec___RS_HL 5905.JPG,Soybean___healthy,24
data/PlantVillage-Dataset/raw/color/Corn_(maize)___Northern_Leaf_Blight/8a326726-b032-482d-a75a-2c9401f57fae___RS_NLB 4145.JPG,Corn_(maize)___Northern_Leaf_Blight,9
data/PlantVillage-Dataset/raw/color/Apple___Black_rot/4a2319e3-c6ab-4417-9154-ebabf0d1df4d___JR_FrgE.S 2854.JPG,Apple___Black_rot,1
data/PlantVillage-Dataset/raw/color/Apple___Cedar_apple_rust/8fd46690-5e57-47f6-8d99-235d4738411f___FREC_C.Rust 0074.JPG,Apple___Cedar_apple_rust,2
"data/PlantVillage-Dataset/raw/color/Pepper,_bell___Bacterial_spot/884c2da1-3b43-46aa-85bb-0f72ed25c266___JR_B.Spot 8906.JPG","Pepper,_bell___Bacterial_spot",18
data/PlantVillage-Dataset/raw/color/Tomato___healthy/4b696198-bb02-426d-bcbd-cc00177a0fb7___RS_HL 0093.JPG,Tomato___healthy,37
data/PlantVillage-Dataset/raw/color/Tomato___Tomato_Yellow_Leaf_Curl_Virus/4616690f-d6df-4dbe-9c10-7b987a046304___YLCV_GCREC 5362.JPG,Tomato___Tomato_Yellow_Leaf_Curl_Virus,35
data/PlantVillage-Dataset/raw/color/Potato___healthy/3a1dbeee-089c-43f0-8f51-a92d3687a515___RS_HL 1754.JPG,Potato___healthy,22
data/PlantVillage-Dataset/raw/color/Potato___Late_blight/fb91b663-6a03-4165-8125-afc96e41ab5c___RS_LB 5130.JPG,Potato___Late_blight,21
data/PlantVillage-Dataset/raw/color/Potato___Early_blight/da4c4f0f-ea7b-489a-8ac1-f8c63ff59bc4___RS_Early.B 8818.JPG,Potato___Early_blight,20
data/PlantVillage-Dataset/raw/color/Corn_(maize)___Northern_Leaf_Blight/4218c656-20b5-46e9-a24a-d69e6ceafb05___RS_NLB 3548.JPG,Corn_(maize)___Northern_Leaf_Blight,9
data/PlantVillage-Dataset/raw/color/Apple___Cedar_apple_rust/7ce07da8-973f-467f-98af-642a1ffbea04___FREC_C.Rust 4334.JPG,Apple___Cedar_apple_rust,2
data/PlantVillage-Dataset/raw/color/Raspberry___healthy/59564e0d-f4ca-450f-adef-209cbfbec0ef___Mary_HL 9241.JPG,Raspberry___healthy,23
data/PlantVillage-Dataset/raw/color/Tomato___Late_blight/0334d40b-d880-442f-a7db-e5c85a2e0bed___RS_Late.B 6367.JPG,Tomato___Late_blight,30
data/PlantVillage-Dataset/raw/color/Corn_(maize)___Common_rust_/RS_Rust 2659.JPG,Corn_(maize)___Common_rust_,8
data/PlantVillage-Dataset/raw/color/Apple___Apple_scab/63cf5c0e-0a65-4261-9034-ba75466ee918___FREC_Scab 3385.JPG,Apple___Apple_scab,0
data/PlantVillage-Dataset/raw/color/Orange___Haunglongbing_(Citrus_greening)/00fd2c32-7142-4c84-b6b9-072b092f3fce___CREC_HLB 6438.JPG,Orange___Haunglongbing_(Citrus_greening),15
data/PlantVillage-Dataset/raw/color/Tomato___Bacterial_spot/2642e2b0-d2d8-49ea-b9c3-44133f863169___GCREC_Bact.Sp 5660.JPG,Tomato___Bacterial_spot,28
data/PlantVillage-Dataset/raw/color/Raspberry___healthy/afe05bf6-ccef-4665-8a62-6a4a4c2d2939___Mary_HL 9239.JPG,Raspberry___healthy,23
"data/PlantVillage-Dataset/raw/color/Pepper,_bell___healthy/3e75d3f9-4e1b-4f09-94e2-e55a9c4d860e___JR_HL 5978.JPG","Pepper,_bell___healthy",19
data/PlantVillage-Dataset/raw/color/Grape___Esca_(Black_Measles)/908697c2-ccd6-4a5d-b4ef-24a3d387ff49___FAM_B.Msls 1794.JPG,Grape___Esca_(Black_Measles),12
data/PlantVillage-Dataset/raw/color/Corn_(maize)___Common_rust_/RS_Rust 1774.JPG,Corn_(maize)___Common_rust_,8
data/PlantVillage-Dataset/raw/color/Tomato___Septoria_leaf_spot/e59c82e1-d055-4876-87dd-1a2f7d1cfa11___Matt.S_CG 7804.JPG,Tomato___Septoria_leaf_spot,32
data/PlantVillage-Dataset/raw/color/Orange___Haunglongbing_(Citrus_greening)/12d57d51-a87d-4b2d-9572-8518cedb6dc1___UF.Citrus_HLB_Lab 0003.JPG,Orange___Haunglongbing_(Citrus_greening),15
data/PlantVillage-Dataset/raw/color/Corn_(maize)___Common_rust_/RS_Rust 2386.JPG,Corn_(maize)___Common_rust_,8
data/PlantVillage-Dataset/raw/color/Tomato___Tomato_mosaic_virus/65d7e8ff-9197-4211-a1b7-850c3a74f740___PSU_CG 2073.JPG,Tomato___Tomato_mosaic_virus,36
data/PlantVillage-Dataset/raw/color/Blueberry___healthy/f118d8ef-41f2-488b-835f-b3fb169db1e1___RS_HL 0317.JPG,Blueberry___healthy,4
"data/PlantVillage-Dataset/raw/color/Pepper,_bell___healthy/28cb1970-1ca2-452a-ace6-cd98f1aeb57c___JR_HL 8886.JPG","Pepper,_bell___healthy",19
data/PlantVillage-Dataset/raw/color/Tomato___Early_blight/4c927622-ea22-4718-8e36-319218ee53bf___RS_Erly.B 7712.JPG,Tomato___Early_blight,29
data/PlantVillage-Dataset/raw/color/Tomato___Tomato_mosaic_virus/3117475d-3948-45a5-b2c7-630efb8bfab8___PSU_CG 2333.JPG,Tomato___Tomato_mosaic_virus,36
data/PlantVillage-Dataset/raw/color/Grape___Black_rot/e279a08d-52a9-440d-9f23-1dd186e637ad___FAM_B.Rot 3476.JPG,Grape___Black_rot,11
data/PlantVillage-Dataset/raw/color/Raspberry___healthy/bc837901-a8c4-4dc2-991c-3a467fa234e1___Mary_HL 6385.JPG,Raspberry___healthy,23
data/PlantVillage-Dataset/raw/color/Apple___healthy/fac07867-acdd-4a19-8be5-987958575af0___RS_HL 5972.JPG,Apple___healthy,3
data/PlantVillage-Dataset/raw/color/Peach___Bacterial_spot/bb0de2ae-5c44-4b50-89af-fddd0b420775___Rutg._Bact.S 1898.JPG,Peach___Bacterial_spot,16
data/PlantVillage-Dataset/raw/color/Grape___Esca_(Black_Measles)/6825b6f0-01f5-45b3-aabb-9f96d3192c6f___FAM_B.Msls 4115.JPG,Grape___Esca_(Black_Measles),12
data/PlantVillage-Dataset/raw/color/Squash___Powdery_mildew/403eb0d6-e57b-4601-84bf-2e11466a513e___UMD_Powd.M 0597.JPG,Squash___Powdery_mildew,25
data/PlantVillage-Dataset/raw/color/Tomato___Bacterial_spot/d9abd611-5a0a-4d54-8c73-8df2c7f909d2___GCREC_Bact.Sp 5815.JPG,Tomato___Bacterial_spot,28
data/PlantVillage-Dataset/raw/color/Tomato___Spider_mites Two-spotted_spider_mite/1c4723cd-8ef6-483d-ae4e-8a3112fd9766___Com.G_SpM_FL 9506.JPG,Tomato___Spider_mites Two-spotted_spider_mite,33
data/PlantVillage-Dataset/raw/color/Grape___Esca_(Black_Measles)/dc132c1f-a60f-4f57-a7f2-a9f05541d382___FAM_B.Msls 3837.JPG,Grape___Esca_(Black_Measles),12
data/PlantVillage-Dataset/raw/color/Tomato___Late_blight/c062b009-0e6e-4cf0-976c-004a06b7e6ee___GHLB2 Leaf 8881.JPG,Tomato___Late_blight,30
data/PlantVillage-Dataset/raw/color/Grape___Leaf_blight_(Isariopsis_Leaf_Spot)/ef785c3d-bc95-4e10-b184-34d0aa07c2ea___FAM_L.Blight 4901.JPG,Grape___Leaf_blight_(Isariopsis_Leaf_Spot),13
data/PlantVillage-Dataset/raw/color/Tomato___Spider_mites Two-spotted_spider_mite/7d7353ca-dd9a-49eb-acff-370d42407ae0___Com.G_SpM_FL 9424.JPG,Tomato___Spider_mites Two-spotted_spider_mite,33
data/PlantVillage-Dataset/raw/color/Soybean___healthy/3e5f65aa-2751-4f72-a8f8-f427bd16e65f___RS_HL 3715.JPG,Soybean___healthy,24
data/PlantVillage-Dataset/raw/color/Peach___healthy/0305b105-d0e7-4c3d-9a10-e9f0d7d3c4e0___Rutg._HL 3564.JPG,Peach___healthy,17
data/PlantVillage-Dataset/raw/color/Apple___Apple_scab/7e2bacbd-f92b-417e-879f-002f3862718c___FREC_Scab 3374.JPG,Apple___Apple_scab,0
data/PlantVillage-Dataset/raw/color/Grape___healthy/58cb61f9-6fd7-4275-b844-dd1657051107___Mt.N.V_HL 9016.JPG,Grape___healthy,14
data/PlantVillage-Dataset/raw/color/Apple___healthy/7b2e642b-cf2d-4154-b986-b7be01f215f5___RS_HL 7839.JPG,Apple___healthy,3
data/PlantVillage-Dataset/raw/color/Tomato___Tomato_mosaic_virus/da2bbe3c-5626-46d2-9640-2da89552f113___PSU_CG 2319.JPG,Tomato___Tomato_mosaic_virus,36
"data/PlantVillage-Dataset/raw/color/Pepper,_bell___healthy/fc896bf4-d52b-494e-ae5f-ab18d00f2cd7___JR_HL 8343.JPG","Pepper,_bell___healthy",19
data/PlantVillage-Dataset/raw/color/Potato___Late_blight/541591d3-3560-4540-ac2c-9749936e80ae___RS_LB 2553.JPG,Potato___Late_blight,21
data/PlantVillage-Dataset/raw/color/Corn_(maize)___Cercospora_leaf_spot Gray_leaf_spot/f5eb9c66-7174-4f62-8261-7c7520601824___RS_GLSp 9342.JPG,Corn_(maize)___Cercospora_leaf_spot Gray_leaf_spot,7
data/PlantVillage-Dataset/raw/color/Corn_(maize)___Cercospora_leaf_spot Gray_leaf_spot/3bc17d8a-7efc-469a-a0af-aa8a68e62e89___RS_GLSp 9323.JPG,Corn_(maize)___Cercospora_leaf_spot Gray_leaf_spot,7
data/PlantVillage-Dataset/raw/color/Tomato___Late_blight/ea5e3f60-2a08-45b9-94b7-f0b934a1a3e4___RS_Late.B 5055.JPG,Tomato___Late_blight,30
data/PlantVillage-Dataset/raw/color/Corn_(maize)___healthy/3deca79b-004d-4d83-9e97-25523e492f68___R.S_HL 8265 copy.jpg,Corn_(maize)___healthy,10
data/PlantVillage-Dataset/raw/color/Potato___healthy/799b10e8-ba67-4e08-9abe-748789572ad1___RS_HL 1881.JPG,Potato___healthy,22
data/PlantVillage-Dataset/raw/color/Grape___Black_rot/ce36ca23-3907-4d87-abf7-ed79a8714865___FAM_B.Rot 3080.JPG,Grape___Black_rot,11
data/PlantVillage-Dataset/raw/color/Apple___Apple_scab/7c66bda4-301c-4987-85b8-fd8230c5a2f2___FREC_Scab 3324.JPG,Apple___Apple_scab,0
data/PlantVillage-Dataset/raw/color/Tomato___Septoria_leaf_spot/ef52809f-d100-4e76-82b6-6091dc98deae___Matt.S_CG 7781.JPG,Tomato___Septoria_leaf_spot,32
"data/PlantVillage-Dataset/raw/color/Pepper,_bell___healthy/2accd1d7-e6b4-4114-9f8b-11130d583320___JR_HL 8841.JPG","Pepper,_bell___healthy",19
data/PlantVillage-Dataset/raw/color/Tomato___Spider_mites Two-spotted_spider_mite/208a5b88-1c05-4cdb-b43b-aacc6ee5647d___Com.G_SpM_FL 9280.JPG,Tomato___Spider_mites Two-spotted_spider_mite,33
data/PlantVillage-Dataset/raw/color/Apple___Black_rot/36836204-c6de-472e-90e4-6787ff74965e___JR_FrgE.S 8757.JPG,Apple___Black_rot,1
data/PlantVillage-Dataset/raw/color/Tomato___Tomato_Yellow_Leaf_Curl_Virus/8e5b411c-8867-4c6d-bf02-fec00e9941d6___UF.GRC_YLCV_Lab 01682.JPG,Tomato___Tomato_Yellow_Leaf_Curl_Virus,35
data/PlantVillage-Dataset/raw/color/Potato___Late_blight/f07f6548-70d6-4f8c-81e6-d8193c19061b___RS_LB 4984.JPG,Potato___Late_blight,21
data/PlantVillage-Dataset/raw/color/Corn_(maize)___healthy/7d8c90b7-a84f-4c35-a43f-7d199bbfb493___R.S_HL 0608 copy.jpg,Corn_(maize)___healthy,10
data/PlantVillage-Dataset/raw/color/Grape___healthy/6a86b4ea-65a1-4b1a-ac30-0502ece0d204___Mt.N.V_HL 6191.JPG,Grape___healthy,14
"data/PlantVillage-Dataset/raw/color/Pepper,_bell___Bacterial_spot/41b84d9f-07b5-49a9-b928-b9be65ea5e3d___JR_B.Spot 3153.JPG","Pepper,_bell___Bacterial_spot",18
data/PlantVillage-Dataset/raw/color/Cherry_(including_sour)___Powdery_mildew/12c0e3a2-5b29-4254-afaa-14a5331d04b0___FREC_Pwd.M 0550.JPG,Cherry_(including_sour)___Powdery_mildew,5
data/PlantVillage-Dataset/raw/color/Potato___healthy/d1752ed4-a0a7-4075-917d-205c0e785dcf___RS_HL 1911.JPG,Potato___healthy,22
"data/PlantVillage-Dataset/raw/color/Pepper,_bell___healthy/b3025d7b-862b-4ec3-9724-982a12e305e5___JR_HL 7804.JPG","Pepper,_bell___healthy",19
data/PlantVillage-Dataset/raw/color/Blueberry___healthy/aed2f823-9d1b-4b23-920a-e9f90c98af36___RS_HL 0715.JPG,Blueberry___healthy,4
data/PlantVillage-Dataset/raw/color/Blueberry___healthy/772177a1-1944-4360-a639-766c30840fd8___RS_HL 2677.JPG,Blueberry___healthy,4
data/PlantVillage-Dataset/raw/color/Apple___Black_rot/3ed38c3a-4c0a-4682-b39b-e0f7d1bf361b___JR_FrgE.S 2859.JPG,Apple___Black_rot,1
data/PlantVillage-Dataset/raw/color/Tomato___Early_blight/e468b44a-912b-4e7f-9383-41050a5d421b___RS_Erly.B 8445.JPG,Tomato___Early_blight,29
data/PlantVillage-Dataset/raw/color/Potato___Late_blight/53367bb0-3f38-4c90-a71d-05592341e4aa___RS_LB 4149.JPG,Potato___Late_blight,21
data/PlantVillage-Dataset/raw/color/Tomato___Leaf_Mold/c3bd29d2-8770-4897-8554-ccba8fcc387e___Crnl_L.Mold 7154.JPG,Tomato___Leaf_Mold,31
data/PlantVillage-Dataset/raw/color/Tomato___Leaf_Mold/9332f136-9cb8-4b78-b6fa-507b03fc6d6a___Crnl_L.Mold 6764.JPG,Tomato___Leaf_Mold,31
data/PlantVillage-Dataset/raw/color/Corn_(maize)___healthy/959b7332-37bc-4e70-8639-77e9089892a1___R.S_HL 8322 copy.jpg,Corn_(maize)___healthy,10
data/PlantVillage-Dataset/raw/color/Grape___Leaf_blight_(Isariopsis_Leaf_Spot)/d0c5c4a8-a327-483e-8f28-9433185063ff___FAM_L.Blight 4698.JPG,Grape___Leaf_blight_(Isariopsis_Leaf_Spot),13
data/PlantVillage-Dataset/raw/color/Strawberry___healthy/30b0611b-c150-4668-8007-662129beaa6e___RS_HL 1806.JPG,Strawberry___healthy,27
data/PlantVillage-Dataset/raw/color/Corn_(maize)___healthy/5dd5c601-a601-45bf-90e9-1335869056cc___R.S_HL 0621 copy.jpg,Corn_(maize)___healthy,10
data/PlantVillage-Dataset/raw/color/Tomato___Tomato_mosaic_virus/0c676b36-7985-42e8-b550-83e2b1c55535___PSU_CG 2177.JPG,Tomato___Tomato_mosaic_virus,36
data/PlantVillage-Dataset/raw/color/Corn_(maize)___Northern_Leaf_Blight/d1fbc905-f7df-4f45-b228-0a94b00f16ee___RS_NLB 3488.JPG,Corn_(maize)___Northern_Leaf_Blight,9
data/PlantVillage-Dataset/raw/color/Squash___Powdery_mildew/202411e3-c670-4cca-890c-540f5d3e9fac___MD_Powd.M 0882.JPG,Squash___Powdery_mildew,25
data/PlantVillage-Dataset/raw/color/Potato___healthy/046641c1-f837-49eb-b5f2-4109910a027c___RS_HL 1878.JPG,Potato___healthy,22
data/PlantVillage-Dataset/raw/color/Apple___Apple_scab/89888e39-a951-4507-a9c4-193aead90f64___FREC_Scab 3160.JPG,Apple___Apple_scab,0
data/PlantVillage-Dataset/raw/color/Tomato___Early_blight/32e59188-5c46-4369-8991-5acfa253263b___RS_Erly.B 7781.JPG,Tomato___Early_blight,29
data/PlantVillage-Dataset/raw/color/Potato___Early_blight/1d2ec63e-acfb-4a80-ba21-853a724fff4a___RS_Early.B 8083.JPG,Potato___Early_blight,20
data/PlantVillage-Dataset/raw/color/Grape___Black_rot/d2a6d775-b622-4e0f-894d-981b266378bd___FAM_B.Rot 0368.JPG,Grape___Black_rot,11
data/PlantVillage-Dataset/raw/color/Peach___healthy/6a2f2cb0-1a49-47ea-97a0-10ef2704c97d___Rutg._HL 3687.JPG,Peach___healthy,17
data/PlantVillage-Dataset/raw/color/Peach___healthy/079ad23f-a0ac-4b01-b7fd-bb2e0ff9fc78___Rutg._HL 3576.JPG,Peach___healthy,17
"data/PlantVillage-Dataset/raw/color/Pepper,_bell___healthy/b61a5e27-1da3-4c61-9951-691fdceb9e81___JR_HL 8744.JPG","Pepper,_bell___healthy",19
data/PlantVillage-Dataset/raw/color/Cherry_(including_sour)___healthy/87409610-8b2f-4970-af41-6234c47ee1dc___JR_HL 9811.JPG,Cherry_(including_sour)___healthy,6
data/PlantVillage-Dataset/raw/color/Apple___healthy/54c9c89e-7cb7-4c1e-8bbe-f33ca90df541___RS_HL 7766.JPG,Apple___healthy,3
data/PlantVillage-Dataset/raw/color/Strawberry___Leaf_scorch/6bf67521-dfa9-4d0a-b1ee-5bb93cc0b917___RS_L.Scorch 0816.JPG,Strawberry___Leaf_scorch,26
data/PlantVillage-Dataset/raw/color/Apple___healthy/04032305-5ca9-4110-b517-461f13c95f18___RS_HL 7446.JPG,Apple___healthy,3
data/PlantVillage-Dataset/raw/color/Tomato___Septoria_leaf_spot/e13e5c45-eab7-4a23-a2bc-3f89fbc7cda6___Matt.S_CG 6879.JPG,Tomato___Septoria_leaf_spot,32
"data/PlantVillage-Dataset/raw/color/Pepper,_bell___Bacterial_spot/4e380ba7-b5dc-46e3-850e-b52a775378d0___NREC_B.Spot 9107.JPG","Pepper,_bell___Bacterial_spot",18
data/PlantVillage-Dataset/raw/color/Corn_(maize)___healthy/e29df32e-9fec-4ef4-b0fd-e71cf4f567ce___R.S_HL 5527 copy.jpg,Corn_(maize)___healthy,10
data/PlantVillage-Dataset/raw/color/Corn_(maize)___healthy/867d1311-1976-4387-8fb0-28c9ce135f0b___R.S_HL 0595 copy.jpg,Corn_(maize)___healthy,10
data/PlantVillage-Dataset/raw/color/Peach___Bacterial_spot/52eafd55-f474-4dd3-b2b9-3d48185afd20___Rutg._Bact.S 1855.JPG,Peach___Bacterial_spot,16
data/PlantVillage-Dataset/raw/color/Apple___Cedar_apple_rust/ee625c73-927a-4959-ac97-d98a753ae99c___FREC_C.Rust 9904.JPG,Apple___Cedar_apple_rust,2
data/PlantVillage-Dataset/raw/color/Potato___Late_blight/516099d5-5399-4d6e-916d-014a84a02a18___RS_LB 4118.JPG,Potato___Late_blight,21
data/PlantVillage-Dataset/raw/color/Tomato___Early_blight/467b230b-ca0c-4f44-bf22-3e6e0454d51a___RS_Erly.B 9429.JPG,Tomato___Early_blight,29
data/PlantVillage-Dataset/raw/color/Grape___Leaf_blight_(Isariopsis_Leaf_Spot)/66f9ad0a-c645-4cf0-b0a8-bf798dc4b918___FAM_L.Blight 1588.JPG,Grape___Leaf_blight_(Isariopsis_Leaf_Spot),13
data/PlantVillage-Dataset/raw/color/Tomato___healthy/74579097-2dd7-4d15-8f73-f09e7d919b51___RS_HL 9773.JPG,Tomato___healthy,37
data/PlantVillage-Dataset/raw/color/Cherry_(including_sour)___Powdery_mildew/b23040ac-f265-4265-9c33-6bf29e52398b___FREC_Pwd.M 0549.JPG,Cherry_(including_sour)___Powdery_mildew,5
data/PlantVillage-Dataset/raw/color/Peach___healthy/635b5e6e-98c3-4dce-88bb-55a85a2e4a14___Rutg._HL 2459.JPG,Peach___healthy,17
data/PlantVillage-Dataset/raw/color/Grape___Black_rot/9032af33-e986-4152-9ec3-2aafef4a603f___FAM_B.Rot 0709.JPG,Grape___Black_rot,11
data/PlantVillage-Dataset/raw/color/Corn_(maize)___Northern_Leaf_Blight/8c84fa5e-9ec4-4bdc-a6da-5f817d0461c8___RS_NLB 3931 copy 2.jpg,Corn_(maize)___Northern_Leaf_Blight,9
data/PlantVillage-Dataset/raw/color/Peach___Bacterial_spot/2a011224-c929-433a-b6e4-27562d285c40___Rutg._Bact.S 1143.JPG,Peach___Bacterial_spot,16
data/PlantVillage-Dataset/raw/color/Tomato___healthy/68955a6d-9454-49ba-8924-a5ed69dcd820___GH_HL Leaf 276.JPG,Tomato___healthy,37
data/PlantVillage-Dataset/raw/color/Blueberry___healthy/71206b31-2fc9-4028-8840-e2682e94636d___RS_HL 0539.JPG,Blueberry___healthy,4
data/PlantVillage-Dataset/raw/color/Tomato___Bacterial_spot/67ce694b-bfcc-4e74-8ec7-9404011802e7___GCREC_Bact.Sp 6154.JPG,Tomato___Bacterial_spot,28
data/PlantVillage-Dataset/raw/color/Strawberry___Leaf_scorch/2d2e27fa-2a4e-4d04-8d87-2b65a97720fc___RS_L.Scorch 1452.JPG,Strawberry___Leaf_scorch,26
data/PlantVillage-Dataset/raw/color/Grape___Leaf_blight_(Isariopsis_Leaf_Spot)/ed5c8c75-0e44-4f65-b25c-05fb69b16655___FAM_L.Blight 1592.JPG,Grape___Leaf_blight_(Isariopsis_Leaf_Spot),13
data/PlantVillage-Dataset/raw/color/Peach___healthy/c74b63a8-1ca9-4555-bbd6-9d5e70100919___Rutg._HL 3536.JPG,Peach___healthy,17
data/PlantVillage-Dataset/raw/color/Tomato___Late_blight/e09b337d-7ad9-42c8-9ca4-8c782ff942b1___RS_Late.B 5575.JPG,Tomato___Late_blight,30
data/PlantVillage-Dataset/raw/color/Corn_(maize)___Common_rust_/RS_Rust 2705.JPG,Corn_(maize)___Common_rust_,8
data/PlantVillage-Dataset/raw/color/Tomato___Target_Spot/b1efde21-e7c7-4b59-8729-5a1e25680f16___Com.G_TgS_FL 1005.JPG,Tomato___Target_Spot,34
data/PlantVillage-Dataset/raw/color/Tomato___Tomato_mosaic_virus/f404ec4e-80d9-4392-900e-43a28f689145___PSU_CG 2323.JPG,Tomato___Tomato_mosaic_virus,36
data/PlantVillage-Dataset/raw/color/Tomato___healthy/5393abd2-b4e2-4af2-94d4-c52c919fc157___RS_HL 0322.JPG,Tomato___healthy,37
data/PlantVillage-Dataset/raw/color/Orange___Haunglongbing_(Citrus_greening)/a3efabd7-7d56-4884-8fc0-dbfefe0cd5c2___CREC_HLB 6563.JPG,Orange___Haunglongbing_(Citrus_greening),15
"data/PlantVillage-Dataset/raw/color/Pepper,_bell___Bacterial_spot/b8eff1e7-9059-4c11-b931-fc1bc4ee0ae1___NREC_B.Spot 1972.JPG","Pepper,_bell___Bacterial_spot",18
data/PlantVillage-Dataset/raw/color/Corn_(maize)___Northern_Leaf_Blight/5a6c652d-93e0-4de5-8214-caaadb09c840___RS_NLB 3848.JPG,Corn_(maize)___Northern_Leaf_Blight,9
data/PlantVillage-Dataset/raw/color/Corn_(maize)___healthy/8d6f1315-ca04-46ac-a566-528838390308___R.S_HL 5539 copy.jpg,Corn_(maize)___healthy,10
data/PlantVillage-Dataset/raw/color/Peach___Bacterial_spot/74f7f83a-0995-4c1d-badc-6f2441d87772___Rut._Bact.S 1322.JPG,Peach___Bacterial_spot,16
data/PlantVillage-Dataset/raw/color/Apple___Cedar_apple_rust/f5a27cbb-be27-4416-b9ae-a811e885c131___FREC_C.Rust 3788.JPG,Apple___Cedar_apple_rust,2
data/PlantVillage-Dataset/raw/color/Corn_(maize)___healthy/a9b8dca9-da3d-4206-94b9-38fd2781bfc7___R.S_HL 0619 copy 2.jpg,Corn_(maize)___healthy,10
data/PlantVillage-Dataset/raw/color/Soybean___healthy/84317e03-a0f5-47e9-8f41-c63f94ac5829___RS_HL 6162.JPG,Soybean___healthy,24
data/PlantVillage-Dataset/raw/color/Strawberry___healthy/29a3e391-c98b-4fff-a03e-41257d067884___RS_HL 2057.JPG,Strawberry___healthy,27
data/PlantVillage-Dataset/raw/color/Grape___Leaf_blight_(Isariopsis_Leaf_Spot)/32757952-25cc-4d73-8b2d-8a0e4b7efa46___FAM_L.Blight 4853.JPG,Grape___Leaf_blight_(Isariopsis_Leaf_Spot),13
data/PlantVillage-Dataset/raw/color/Tomato___Tomato_mosaic_virus/860780b3-9c8b-4f90-9010-ac255e953784___PSU_CG 2150.JPG,Tomato___Tomato_mosaic_virus,36
"data/PlantVillage-Dataset/raw/color/Pepper,_bell___healthy/ce09803f-c791-4ace-a81f-65ad4730822a___JR_HL 5901.JPG","Pepper,_bell___healthy",19
data/PlantVillage-Dataset/raw/color/Grape___Esca_(Black_Measles)/db30d682-f460-4b64-b26c-8149cffea144___FAM_B.Msls 3796.JPG,Grape___Esca_(Black_Measles),12
data/PlantVillage-Dataset/raw/color/Potato___Late_blight/3f6db123-4a6e-4b8a-9b26-954ccf29cc3c___RS_LB 4695.JPG,Potato___Late_blight,21
data/PlantVillage-Dataset/raw/color/Tomato___Target_Spot/5299ecc5-d10f-4d27-a4ef-2f418d9e23dc___Com.G_TgS_FL 9973.JPG,Tomato___Target_Spot,34
data/PlantVillage-Dataset/raw/color/Strawberry___healthy/29050f21-a393-473e-9f9c-7fd99feef9a7___RS_HL 4533.JPG,Strawberry___healthy,27
data/PlantVillage-Dataset/raw/color/Apple___Black_rot/f3ff804e-bca4-4a23-9af9-1f5b8c5c9980___JR_FrgE.S 3053.JPG,Apple___Black_rot,1
data/PlantVillage-Dataset/raw/color/Grape___healthy/39016e16-a571-46db-8dd9-7c3c165b1f5d___Mt.N.V_HL 8985.JPG,Grape___healthy,14
data/PlantVillage-Dataset/raw/color/Cherry_(including_sour)___Powdery_mildew/f9dfbedf-66b4-4493-9ce9-6f6aca0cb152___FREC_Pwd.M 4926.JPG,Cherry_(including_sour)___Powdery_mildew,5
data/PlantVillage-Dataset/raw/color/Tomato___Late_blight/e64d0e92-dbc2-44c2-b96a-3da5dc3a1c39___GHLB_PS Leaf 15.1 Day 8.jpg,Tomato___Late_blight,30
data/PlantVillage-Dataset/raw/color/Potato___Early_blight/07baabd8-e118-47dd-9d8d-132d4347836a___RS_Early.B 8555.JPG,Potato___Early_blight,20
data/PlantVillage-Dataset/raw/color/Strawberry___Leaf_scorch/d1d8d8d5-c84c-4547-a5ac-99691a8f5c23___RS_L.Scorch 0946.JPG,Strawberry___Leaf_scorch,26
data/PlantVillage-Dataset/raw/color/Potato___Early_blight/38a72c90-ed53-4432-b625-01c1f962f791___RS_Early.B 7302.JPG,Potato___Early_blight,20
data/PlantVillage-Dataset/raw/color/Apple___Black_rot/7dd50c96-8c45-4a38-bb17-e382cd5a3578___JR_FrgE.S 2829.JPG,Apple___Black_rot,1
data/PlantVillage-Dataset/raw/color/Tomato___Target_Spot/70640fa6-e8ff-416c-a8a1-256e754c9f2c___Com.G_TgS_FL 0947.JPG,Tomato___Target_Spot,34
data/PlantVillage-Dataset/raw/color/Grape___Black_rot/615114a7-bd90-46f4-a2fe-fb4021bbf4d1___FAM_B.Rot 3227.JPG,Grape___Black_rot,11
data/PlantVillage-Dataset/raw/color/Apple___Apple_scab/dbf66e2f-cf58-418c-9dcd-14254af3ddb1___FREC_Scab 2934.JPG,Apple___Apple_scab,0
data/PlantVillage-Dataset/raw/color/Blueberry___healthy/ea4366cb-764a-475c-8ec3-94c711029847___RS_HL 0677.JPG,Blueberry___healthy,4
data/PlantVillage-Dataset/raw/color/Apple___Apple_scab/f105cc0d-1cc5-4726-b46d-f5bd9c9aacc1___FREC_Scab 3321.JPG,Apple___Apple_scab,0
data/PlantVillage-Dataset/raw/color/Corn_(maize)___Common_rust_/RS_Rust 1891.JPG,Corn_(maize)___Common_rust_,8
data/PlantVillage-Dataset/raw/color/Corn_(maize)___healthy/15887cb9-7dcc-4839-ac67-a87cf2cec9c6___R.S_HL 5532 copy.jpg,Corn_(maize)___healthy,10
data/PlantVillage-Dataset/raw/color/Potato___healthy/b89db9d3-a413-4781-bc88-5f6c2085ab5f___RS_HL 1909.JPG,Potato___healthy,22
data/PlantVillage-Dataset/raw/color/Tomato___Late_blight/48c55974-9fe9-4f4b-94f7-c8cd127d1e05___GHLB_PS Leaf 23.7 Day 13.jpg,Tomato___Late_blight,30
data/PlantVillage-Dataset/raw/color/Raspberry___healthy/0f973c31-b338-438e-8162-e005738c659e___Mary_HL 9257.JPG,Raspberry___healthy,23
data/PlantVillage-Dataset/raw/color/Apple___Black_rot/90af12e6-8764-4cb5-9f88-ac1fa8b337c0___JR_FrgE.S 2738.JPG,Apple___Black_rot,1
data/PlantVillage-Dataset/raw/color/Potato___healthy/d325e580-5faa-4aea-927d-2700f52cc343___RS_HL 1872.JPG,Potato___healthy,22
data/PlantVillage-Dataset/raw/color/Cherry_(including_sour)___Powdery_mildew/430e75b3-d67e-429a-936e-e64610dc0aa3___FREC_Pwd.M 0268.JPG,Cherry_(including_sour)___Powdery_mildew,5
data/PlantVillage-Dataset/raw/color/Tomato___healthy/6f6c7236-d6b5-4bbb-a89e-e1c8246550dd___RS_HL 0559.JPG,Tomato___healthy,37
data/PlantVillage-Dataset/raw/color/Tomato___healthy/d84eb3b6-3321-4034-9bcc-d2cddb8a3467___RS_HL 0053.JPG,Tomato___healthy,37
data/PlantVillage-Dataset/raw/color/Tomato___healthy/2605218e-e8bf-43d8-8b00-52058e9f0f25___RS_HL 9893.JPG,Tomato___healthy,37
data/PlantVillage-Dataset/raw/color/Apple___healthy/2363daeb-88d5-43f3-925b-be7360c10394___RS_HL 5828.JPG,Apple___healthy,3
data/PlantVillage-Dataset/raw/color/Grape___Leaf_blight_(Isariopsis_Leaf_Spot)/ed8e8b6d-07e5-4830-ae71-646cf41a9532___FAM_L.Blight 4687.JPG,Grape___Leaf_blight_(Isariopsis_Leaf_Spot),13
data/PlantVillage-Dataset/raw/color/Strawberry___Leaf_scorch/e32af66d-5145-4b2c-8fb9-246fcca3a299___RS_L.Scorch 1154.JPG,Strawberry___Leaf_scorch,26
data/PlantVillage-Dataset/raw/color/Peach___Bacterial_spot/33b013fd-0c6b-49e4-9784-36a68fbec3a2___Rutg._Bact.S 2171.JPG,Peach___Bacterial_spot,16
data/PlantVillage-Dataset/raw/color/Corn_(maize)___Northern_Leaf_Blight/4454fe11-5b0f-48b2-9c16-090100c6332e___RS_NLB 4037.JPG,Corn_(maize)___Northern_Leaf_Blight,9
data/PlantVillage-Dataset/raw/color/Strawberry___Leaf_scorch/fa2d430f-43cf-4dd8-bb7d-c03836e480f8___RS_L.Scorch 1227.JPG,Strawberry___Leaf_scorch,26
"data/PlantVillage-Dataset/raw/color/Pepper,_bell___healthy/d009f25f-266f-4369-b6d1-11e5fea7a08f___JR_HL 7816.JPG","Pepper,_bell___healthy",19
data/PlantVillage-Dataset/raw/color/Squash___Powdery_mildew/04f7f7e4-c94a-4a9f-932f-9e54384a3d01___MD_Powd.M 0153.JPG,Squash___Powdery_mildew,25
data/PlantVillage-Dataset/raw/color/Potato___healthy/e1b49d1b-165b-4f4e-8a30-735e62bc39c5___RS_HL 1839.JPG,Potato___healthy,22
data/PlantVillage-Dataset/raw/color/Potato___Early_blight/c2cc82b8-9f74-4e40-9792-c121a89a84c0___RS_Early.B 8524.JPG,Potato___Early_blight,20
data/PlantVillage-Dataset/raw/color/Strawberry___healthy/e3a17b75-038a-440e-8a05-ec81625091e7___RS_HL 4674.JPG,Strawberry___healthy,27
data/PlantVillage-Dataset/raw/color/Tomato___healthy/1457ca6a-4907-4c97-83f8-a0fa22135a27___RS_HL 0441.JPG,Tomato___healthy,37
data/PlantVillage-Dataset/raw/color/Cherry_(including_sour)___healthy/f3f492a9-d395-4f04-8f24-9c3cb22cca47___JR_HL 9428.JPG,Cherry_(including_sour)___healthy,6
data/PlantVillage-Dataset/raw/color/Squash___Powdery_mildew/62e6b01c-663b-4524-8eab-45076ff45a44___UMD_Powd.M 9852.JPG,Squash___Powdery_mildew,25
data/PlantVillage-Dataset/raw/color/Tomato___Tomato_mosaic_virus/0dae2780-43e7-40ac-ae45-95e5318c8f32___PSU_CG 2290.JPG,Tomato___Tomato_mosaic_virus,36
data/PlantVillage-Dataset/raw/color/Corn_(maize)___Common_rust_/RS_Rust 2325.JPG,Corn_(maize)___Common_rust_,8
data/PlantVillage-Dataset/raw/color/Grape___Black_rot/54a79623-0d67-426d-a689-b88d26c2376c___FAM_B.Rot 0599.JPG,Grape___Black_rot,11
data/PlantVillage-Dataset/raw/color/Cherry_(including_sour)___healthy/d259c188-0c17-4199-aac1-5399903f74a3___JR_HL 4100.JPG,Cherry_(including_sour)___healthy,6
data/PlantVillage-Dataset/raw/color/Orange___Haunglongbing_(Citrus_greening)/e7e9fd00-e65b-4797-9d97-f806bd3035bd___UF.Citrus_HLB_Lab 1115.JPG,Orange___Haunglongbing_(Citrus_greening),15
data/PlantVillage-Dataset/raw/color/Grape___Leaf_blight_(Isariopsis_Leaf_Spot)/d262bdfa-45b5-4166-a1e2-38c4cf79534d___FAM_L.Blight 4709.JPG,Grape___Leaf_blight_(Isariopsis_Leaf_Spot),13
data/PlantVillage-Dataset/raw/color/Potato___healthy/ad9b6cf4-e065-496d-91c7-5713ce14e19e___RS_HL 1926.JPG,Potato___healthy,22
data/PlantVillage-Dataset/raw/color/Strawberry___Leaf_scorch/7c249f1b-15d5-4424-91cd-58b52e01cfdb___RS_L.Scorch 1141.JPG,Strawberry___Leaf_scorch,26
data/PlantVillage-Dataset/raw/color/Blueberry___healthy/461099d3-3abb-4983-b34e-8b7366ae327b___RS_HL 5109.JPG,Blueberry___healthy,4
data/PlantVillage-Dataset/raw/color/Strawberry___healthy/f1b5ec9d-ed27-4e68-8316-63dc58ef35ab___RS_HL 1693.JPG,Strawberry___healthy,27
data/PlantVillage-Dataset/raw/color/Tomato___Leaf_Mold/32ea8308-bcd3-4dcc-bd3a-f2a454f8ab4d___Crnl_L.Mold 9021.JPG,Tomato___Leaf_Mold,31
data/PlantVillage-Dataset/raw/color/Tomato___Target_Spot/8c1dfdea-0c3d-48bd-9a38-04e2c42264de___Com.G_TgS_FL 9993.JPG,Tomato___Target_Spot,34
data/PlantVillage-Dataset/raw/color/Tomato___Tomato_mosaic_virus/69bad8a8-c403-4e4b-bff8-1026169bb582___PSU_CG 2109.JPG,Tomato___Tomato_mosaic_virus,36
data/PlantVillage-Dataset/raw/color/Tomato___Leaf_Mold/82567342-f689-4e61-ac38-b25db55bb684___Crnl_L.Mold 7128.JPG,Tomato___Leaf_Mold,31
data/PlantVillage-Dataset/raw/color/Raspberry___healthy/db5f68e1-0cdd-401b-8d08-a1b8a2d4284e___Mary_HL 9148.JPG,Raspberry___healthy,23
data/PlantVillage-Dataset/raw/color/Raspberry___healthy/caff89cd-939b-415c-b02c-8bbe1149893c___Mary_HL 9302.JPG,Raspberry___healthy,23
data/PlantVillage-Dataset/raw/color/Grape___Esca_(Black_Measles)/ee0870cf-0b7d-4c48-8ec7-917c976d9e09___FAM_B.Msls 4137.JPG,Grape___Esca_(Black_Measles),12
data/PlantVillage-Dataset/raw/color/Squash___Powdery_mildew/41777770-a790-4804-b9dc-edcc23d48768___UMD_Powd.M 0571.JPG,Squash___Powdery_mildew,25
data/PlantVillage-Dataset/raw/color/Grape___Leaf_blight_(Isariopsis_Leaf_Spot)/165a404c-f7a8-475b-850e-f60b37f49b8c___FAM_L.Blight 3710.JPG,Grape___Leaf_blight_(Isariopsis_Leaf_Spot),13
data/PlantVillage-Dataset/raw/color/Apple___Apple_scab/b10dceaa-a764-46b4-bd61-bc9fb13579ca___FREC_Scab 3141.JPG,Apple___Apple_scab,0
"data/PlantVillage-Dataset/raw/color/Pepper,_bell___healthy/d3116654-623a-426d-8afe-76a156977de6___JR_HL 7789.JPG","Pepper,_bell___healthy",19
data/PlantVillage-Dataset/raw/color/Potato___Early_blight/0a6983a5-895e-4e68-9edb-88adf79211e9___RS_Early.B 9072.JPG,Potato___Early_blight,20
data/PlantVillage-Dataset/raw/color/Tomato___Late_blight/1c5deb80-6bde-4aa4-843e-c69f80b7713a___RS_Late.B 6874.JPG,Tomato___Late_blight,30
data/PlantVillage-Dataset/raw/color/Tomato___Tomato_Yellow_Leaf_Curl_Virus/ab4df6f2-5a4c-4e14-8742-9d1b11f621c7___YLCV_GCREC 5304.JPG,Tomato___Tomato_Yellow_Leaf_Curl_Virus,35
data/PlantVillage-Dataset/raw/color/Squash___Powdery_mildew/39f17979-4c1a-4d08-983a-d8f1feb48ec3___UMD_Powd.M 0298.JPG,Squash___Powdery_mildew,25
data/PlantVillage-Dataset/raw/color/Tomato___Late_blight/1905cdb8-1725-4386-9d49-59f47c3e4a1b___GHLB2ES Leaf 65.JPG,Tomato___Late_blight,30
data/PlantVillage-Dataset/raw/color/Corn_(maize)___Cercospora_leaf_spot Gray_leaf_spot/2174d811-b088-4b31-8088-1738630b94d4___RS_GLSp 4467.JPG,Corn_(maize)___Cercospora_leaf_spot Gray_leaf_spot,7
"data/PlantVillage-Dataset/raw/color/Pepper,_bell___healthy/e34510f2-0d40-4385-a73f-f32317d24b59___JR_HL 7874.JPG","Pepper,_bell___healthy",19
data/PlantVillage-Dataset/raw/color/Cherry_(including_sour)___Powdery_mildew/3d8f843b-61ff-425f-9233-00d02606e005___FREC_Pwd.M 4697.JPG,Cherry_(including_sour)___Powdery_mildew,5
data/PlantVillage-Dataset/raw/color/Soybean___healthy/ca11c460-38b0-4f43-9ec0-933a2ab4299a___RS_HL 5560.JPG,Soybean___healthy,24
"data/PlantVillage-Dataset/raw/color/Pepper,_bell___healthy/f06eae04-68c4-482c-b78c-7213afe6e759___JR_HL 8011.JPG","Pepper,_bell___healthy",19
data/PlantVillage-Dataset/raw/color/Cherry_(including_sour)___healthy/ff11a187-14dc-4743-9930-1e1cf276273b___JR_HL 4101.JPG,Cherry_(including_sour)___healthy,6
data/PlantVillage-Dataset/raw/color/Tomato___Septoria_leaf_spot/8eeef084-da1d-4b7d-af5e-ded3d7061b1d___Matt.S_CG 0797.JPG,Tomato___Septoria_leaf_spot,32
data/PlantVillage-Dataset/raw/color/Grape___Esca_(Black_Measles)/667d723e-edf0-4e25-b574-c913393c7141___FAM_B.Msls 1193.JPG,Grape___Esca_(Black_Measles),12
data/PlantVillage-Dataset/raw/color/Tomato___Tomato_mosaic_virus/b9c75527-d6ee-4c24-b293-9618b378157c___PSU_CG 2130.JPG,Tomato___Tomato_mosaic_virus,36
data/PlantVillage-Dataset/raw/color/Tomato___Tomato_Yellow_Leaf_Curl_Virus/284e6e5a-2c1e-427b-b64f-15ab514d60d3___YLCV_NREC 2397.JPG,Tomato___Tomato_Yellow_Leaf_Curl_Virus,35
data/PlantVillage-Dataset/raw/color/Strawberry___Leaf_scorch/64038e44-15e8-461d-99bb-11adbd80048a___RS_L.Scorch 1502.JPG,Strawberry___Leaf_scorch,26
data/PlantVillage-Dataset/raw/color/Apple___Black_rot/97d15940-6015-4ed9-bb70-e134a88ecc25___JR_FrgE.S 8680.JPG,Apple___Black_rot,1
data/PlantVillage-Dataset/raw/color/Corn_(maize)___Cercospora_leaf_spot Gray_leaf_spot/b131eadc-23e6-4784-92b4-4aaee4293bb7___RS_GLSp 4431.JPG,Corn_(maize)___Cercospora_leaf_spot Gray_leaf_spot,7
data/PlantVillage-Dataset/raw/color/Orange___Haunglongbing_(Citrus_greening)/9591292d-5f6a-4969-aadf-6dcf02da49a2___CREC_HLB 7768.JPG,Orange___Haunglongbing_(Citrus_greening),15
data/PlantVillage-Dataset/raw/color/Corn_(maize)___Northern_Leaf_Blight/61e17b1e-9858-4d1f-b51e-a017eaaeae08___RS_NLB 3920.JPG,Corn_(maize)___Northern_Leaf_Blight,9
data/PlantVillage-Dataset/raw/color/Cherry_(including_sour)___healthy/f94456da-a0d9-4dfc-80ed-0b2d597c5479___JR_HL 3997.JPG,Cherry_(including_sour)___healthy,6
data/PlantVillage-Dataset/raw/color/Corn_(maize)___healthy/0af3d913-471e-4769-9372-e0af517ba507___R.S_HL 5524 copy 2.jpg,Corn_(maize)___healthy,10
data/PlantVillage-Dataset/raw/color/Tomato___Early_blight/f93578b3-4b98-4b13-95c3-495c656963f4___RS_Erly.B 8340.JPG,Tomato___Early_blight,29
data/PlantVillage-Dataset/raw/color/Apple___Cedar_apple_rust/dee4cbf1-9bdd-451a-b1bb-21756fd981e9___FREC_C.Rust 3727.JPG,Apple___Cedar_apple_rust,2
data/PlantVillage-Dataset/raw/color/Strawberry___Leaf_scorch/062b151a-8132-477d-afff-dad79f0fbdd6___RS_L.Scorch 9958.JPG,Strawberry___Leaf_scorch,26
data/PlantVillage-Dataset/raw/color/Tomato___Early_blight/8405be22-ecbb-4cec-a87d-e0d454b9926d___RS_Erly.B 7847.JPG,Tomato___Early_blight,29
data/PlantVillage-Dataset/raw/color/Tomato___Target_Spot/0d15f8d7-a777-4c3b-b5e4-5b1d31661e89___Com.G_TgS_FL 1094.JPG,Tomato___Target_Spot,34
data/PlantVillage-Dataset/raw/color/Corn_(maize)___Cercospora_leaf_spot Gray_leaf_spot/eca81238-4c71-4982-a1a7-80c16852c299___RS_GLSp 4467 copy.jpg,Corn_(maize)___Cercospora_leaf_spot Gray_leaf_spot,7
data/PlantVillage-Dataset/raw/color/Potato___healthy/c07db642-c675-4066-99b6-56bc8207fb37___RS_HL 4164.JPG,Potato___healthy,22
data/PlantVillage-Dataset/raw/color/Tomato___healthy/676eaef6-b16c-4f13-a39d-86c22f64da83___GH_HL Leaf 356.JPG,Tomato___healthy,37
data/PlantVillage-Dataset/raw/color/Tomato___Late_blight/830c33b8-d419-4fb7-98f8-08387e726648___GHLB_PS Leaf 1.5 Day 16.jpg,Tomato___Late_blight,30
data/PlantVillage-Dataset/raw/color/Cherry_(including_sour)___healthy/457ae174-5064-4736-a52b-0f78110c12eb___JR_HL 9824.JPG,Cherry_(including_sour)___healthy,6
data/PlantVillage-Dataset/raw/color/Tomato___Tomato_mosaic_virus/97465c93-52c3-4df9-a820-de9ae6f4d03e___PSU_CG 2232.JPG,Tomato___Tomato_mosaic_virus,36
data/PlantVillage-Dataset/raw/color/Blueberry___healthy/40f80efb-32a6-4805-9c01-ada369c6900b___RS_HL 5314.JPG,Blueberry___healthy,4
data/PlantVillage-Dataset/raw/color/Peach___Bacterial_spot/faa76150-bb87-4b79-8ba5-f0bd9ea5e5be___Rutg._Bact.S 1547.JPG,Peach___Bacterial_spot,16
data/PlantVillage-Dataset/raw/color/Strawberry___healthy/d1aee44a-b6bb-45b9-b7b6-5d553add8fd1___RS_HL 2163.JPG,Strawberry___healthy,27
"data/PlantVillage-Dataset/raw/color/Pepper,_bell___Bacterial_spot/4617631e-a75a-4cd0-a1f5-c06ed41a182a___JR_B.Spot 3281.JPG","Pepper,_bell___Bacterial_spot",18
data/PlantVillage-Dataset/raw/color/Orange___Haunglongbing_(Citrus_greening)/8ba55a72-1bb7-47b7-aa86-58600feb89bb___UF.Citrus_HLB_Lab 1664.JPG,Orange___Haunglongbing_(Citrus_greening),15
data/PlantVillage-Dataset/raw/color/Grape___healthy/abcc3c2c-22e8-4390-979a-41992db56375___Mt.N.V_HL 9070.JPG,Grape___healthy,14
data/PlantVillage-Dataset/raw/color/Raspberry___healthy/161e1030-9655-4baf-a360-b2f0225f5575___Mary_HL 9246.JPG,Raspberry___healthy,23
data/PlantVillage-Dataset/raw/color/Peach___Bacterial_spot/73dae25f-a317-421c-bfed-b66c433d41b5___Rutg._Bact.S 2174.JPG,Peach___Bacterial_spot,16
data/PlantVillage-Dataset/raw/color/Apple___Black_rot/23641520-3fbf-42e9-ba5f-c689bc74ce8c___JR_FrgE.S 8620.JPG,Apple___Black_rot,1
data/PlantVillage-Dataset/raw/color/Strawberry___healthy/2e164016-5845-40c3-919b-6953bf72a67a___RS_HL 1877.JPG,Strawberry___healthy,27
data/PlantVillage-Dataset/raw/color/Tomato___Early_blight/65568918-2d9c-4f0c-aa9d-3f4fa8b9a60c___RS_Erly.B 7354.JPG,Tomato___Early_blight,29
data/PlantVillage-Dataset/raw/color/Cherry_(including_sour)___Powdery_mildew/b0084869-42c1-4124-853d-d73f99ee8d38___FREC_Pwd.M 4807.JPG,Cherry_(including_sour)___Powdery_mildew,5
data/PlantVillage-Dataset/raw/color/Grape___Black_rot/c4373edb-60f5-42b7-9ed7-9f47b96d0b52___FAM_B.Rot 3446.JPG,Grape___Black_rot,11
data/PlantVillage-Dataset/raw/color/Peach___healthy/7b7c9e4f-3379-4a0a-9c94-5d9458653707___Rutg._HL 2451.JPG,Peach___healthy,17
data/PlantVillage-Dataset/raw/color/Apple___Apple_scab/01f3deaa-6143-4b6c-9c22-620a46d8be04___FREC_Scab 3112.JPG,Apple___Apple_scab,0
data/PlantVillage-Dataset/raw/color/Squash___Powdery_mildew/13320ef8-976a-40e2-bedd-b6c24575453c___UMD_Powd.M 9997.JPG,Squash___Powdery_mildew,25
data/PlantVillage-Dataset/raw/color/Tomato___Target_Spot/d43b9fb3-b824-456d-a386-b861689ae922___Com.G_TgS_FL 8286.JPG,Tomato___Target_Spot,34
data/PlantVillage-Dataset/raw/color/Strawberry___Leaf_scorch/9631e500-ef1d-4320-95f0-71bea864ed82___RS_L.Scorch 0857.JPG,Strawberry___Leaf_scorch,26
data/PlantVillage-Dataset/raw/color/Tomato___Target_Spot/1fb2795b-4c60-405e-873b-e3dd3fe6563e___Com.G_TgS_FL 0043.JPG,Tomato___Target_Spot,34
data/PlantVillage-Dataset/raw/color/Strawberry___Leaf_scorch/5251a1e3-9502-4f78-ad85-1983b62861b0___RS_L.Scorch 0987.JPG,Strawberry___Leaf_scorch,26
data/PlantVillage-Dataset/raw/color/Peach___healthy/d0eab616-ab40-476c-ba29-bea7973610f3___Rutg._HL 2445.JPG,Peach___healthy,17
data/PlantVillage-Dataset/raw/color/Raspberry___healthy/ee84ae0c-cff2-425e-99da-daf3cd7d6188___Mary_HL 6377.JPG,Raspberry___healthy,23
data/PlantVillage-Dataset/raw/color/Raspberry___healthy/fbe55704-4329-4dd5-a336-9e315186e497___Mary_HL 6321.JPG,Raspberry___healthy,23
data/PlantVillage-Dataset/raw/color/Apple___Apple_scab/0c620ec5-11cf-4120-94ab-1311e99df147___FREC_Scab 3131.JPG,Apple___Apple_scab,0
data/PlantVillage-Dataset/raw/color/Apple___Apple_scab/c665dad4-adfc-40a3-b1cc-a29aed48d93c___FREC_Scab 3246.JPG,Apple___Apple_scab,0
data/PlantVillage-Dataset/raw/color/Soybean___healthy/eb8e4597-92a2-4694-a282-957f4c8b99c8___RS_HL 5996.JPG,Soybean___healthy,24
data/PlantVillage-Dataset/raw/color/Corn_(maize)___Cercospora_leaf_spot Gray_leaf_spot/2162861c-60d9-4831-b922-362d70a47b92___RS_GLSp 4554.JPG,Corn_(maize)___Cercospora_leaf_spot Gray_leaf_spot,7
data/PlantVillage-Dataset/raw/color/Apple___healthy/3100088b-5df1-43b2-a1d9-8ff1d414b67b___RS_HL 5834.JPG,Apple___healthy,3
data/PlantVillage-Dataset/raw/color/Strawberry___Leaf_scorch/b84c1035-be0e-493b-9af5-bb81000d5cb0___RS_L.Scorch 0898.JPG,Strawberry___Leaf_scorch,26
data/PlantVillage-Dataset/raw/color/Squash___Powdery_mildew/b5ef63c4-5beb-4315-aa8f-e70ea0e631c4___UMD_Powd.M 0720.JPG,Squash___Powdery_mildew,25
"data/PlantVillage-Dataset/raw/color/Pepper,_bell___Bacterial_spot/da982561-a660-482e-bccc-72bdff79e454___NREC_B.Spot 1966.JPG","Pepper,_bell___Bacterial_spot",18
data/PlantVillage-Dataset/raw/color/Apple___healthy/1c116208-4ef8-4b42-ba20-92c3b9ca957c___RS_HL 5885.JPG,Apple___healthy,3
data/PlantVillage-Dataset/raw/color/Corn_(maize)___Cercospora_leaf_spot Gray_leaf_spot/07e00695-1271-4cf1-b08d-63e27969b03d___RS_GLSp 9312.JPG,Corn_(maize)___Cercospora_leaf_spot Gray_leaf_spot,7
"data/PlantVillage-Dataset/raw/color/Pepper,_bell___healthy/5576e4e0-56d8-4919-b5c3-dbde06afd143___JR_HL 7800.JPG","Pepper,_bell___healthy",19
data/PlantVillage-Dataset/raw/color/Corn_(maize)___Northern_Leaf_Blight/fed381d0-4407-4ec5-a178-d70ec1ca93d3___RS_NLB 3914.JPG,Corn_(maize)___Northern_Leaf_Blight,9
data/PlantVillage-Dataset/raw/color/Tomato___Bacterial_spot/8dabe407-48fd-4cd2-9210-0dffdf259cb3___GCREC_Bact.Sp 3549.JPG,Tomato___Bacterial_spot,28
data/PlantVillage-Dataset/raw/color/Peach___Bacterial_spot/e86ad010-c59c-4a6d-9e1d-833686a288b3___Rutg._Bact.S 1865.JPG,Peach___Bacterial_spot,16
data/PlantVillage-Dataset/raw/color/Corn_(maize)___Cercospora_leaf_spot Gray_leaf_spot/1157b4eb-dfb3-41b7-a083-77b0ca2e7634___RS_GLSp 4460.JPG,Corn_(maize)___Cercospora_leaf_spot Gray_leaf_spot,7
data/PlantVillage-Dataset/raw/color/Orange___Haunglongbing_(Citrus_greening)/c6ada380-c87d-4826-8e96-9b15a3fd43ce___UF.Citrus_HLB_Lab 0439.JPG,Orange___Haunglongbing_(Citrus_greening),15
data/PlantVillage-Dataset/raw/color/Grape___Esca_(Black_Measles)/756e3fbd-bdb2-47d3-bb3f-40a8ec80184b___FAM_B.Msls 4060.JPG,Grape___Esca_(Black_Measles),12
data/PlantVillage-Dataset/raw/color/Blueberry___healthy/9d9bcf84-edd8-40b3-9b48-bacb38e38a90___RS_HL 0701.JPG,Blueberry___healthy,4
data/PlantVillage-Dataset/raw/color/Tomato___Septoria_leaf_spot/62190912-91d4-45f0-8156-96de7a6fc4d8___Keller.St_CG 2032.JPG,Tomato___Septoria_leaf_spot,32
data/PlantVillage-Dataset/raw/color/Corn_(maize)___Common_rust_/RS_Rust 2159.JPG,Corn_(maize)___Common_rust_,8
data/PlantVillage-Dataset/raw/color/Tomato___Early_blight/0b494c44-8cd0-4491-bdfd-8a354209c3ae___RS_Erly.B 9561.JPG,Tomato___Early_blight,29
data/PlantVillage-Dataset/raw/color/Apple___Apple_scab/6b784953-7e31-4cec-a3d5-82f3b6bbdd00___FREC_Scab 3352.JPG,Apple___Apple_scab,0
data/PlantVillage-Dataset/raw/color/Tomato___Target_Spot/997dc7c6-4de8-40d8-8259-d22bc70d2f48___Com.G_TgS_FL 8153.JPG,Tomato___Target_Spot,34
data/PlantVillage-Dataset/raw/color/Corn_(maize)___Cercospora_leaf_spot Gray_leaf_spot/f0519795-ad80-4e8c-9b03-71843202c86e___RS_GLSp 7284.JPG,Corn_(maize)___Cercospora_leaf_spot Gray_leaf_spot,7
data/PlantVillage-Dataset/raw/color/Tomato___Target_Spot/738c4266-37fa-4119-a454-7175d253da44___Com.G_TgS_FL 0962.JPG,Tomato___Target_Spot,34
data/PlantVillage-Dataset/raw/color/Apple___Cedar_apple_rust/5ba35826-8831-4638-a443-5c28f80c4de8___FREC_C.Rust 0212.JPG,Apple___Cedar_apple_rust,2
data/PlantVillage-Dataset/raw/color/Peach___healthy/ef2395e9-7dcc-47bf-84a9-052ec4f7c368___Rutg._HL 3515.JPG,Peach___healthy,17
data/PlantVillage-Dataset/raw/color/Tomato___Late_blight/b2fb784b-5601-4b75-93b0-8dcaa7eaca6e___RS_Late.B 6419.JPG,Tomato___Late_blight,30
data/PlantVillage-Dataset/raw/color/Potato___Late_blight/d9817cc3-ef03-41e5-8892-1fddd27b7bcc___RS_LB 4878.JPG,Potato___Late_blight,21
data/PlantVillage-Dataset/raw/color/Peach___healthy/07c2bde2-5bde-4c55-ae2b-0286761adefb___Rutg._HL 3575.JPG,Peach___healthy,17
data/PlantVillage-Dataset/raw/color/Grape___Esca_(Black_Measles)/bc99eee4-c8a1-40bb-b98b-315294fbd34e___FAM_B.Msls 3867.JPG,Grape___Esca_(Black_Measles),12
data/PlantVillage-Dataset/raw/color/Squash___Powdery_mildew/36b568da-048f-43b1-82d4-be409305a0b2___MD_Powd.M 0674.JPG,Squash___Powdery_mildew,25
data/PlantVillage-Dataset/raw/color/Peach___healthy/aedd3442-b50a-4df3-aed3-dbcfd371f925___Rutg._HL 3550.JPG,Peach___healthy,17
data/PlantVillage-Dataset/raw/color/Strawberry___Leaf_scorch/393d5215-f176-4a08-91fa-b33be46e43b8___RS_L.Scorch 1325.JPG,Strawberry___Leaf_scorch,26
data/PlantVillage-Dataset/raw/color/Strawberry___healthy/74a16208-9fdf-4fc9-bc45-c400f8ca748f___RS_HL 1861.JPG,Strawberry___healthy,27
data/PlantVillage-Dataset/raw/color/Tomato___Late_blight/5e85791b-b3a7-430e-b3af-e244c2d16f31___GHLB2 Leaf 8747.JPG,Tomato___Late_blight,30
data/PlantVillage-Dataset/raw/color/Grape___healthy/c839e134-6692-4065-8e12-7ea01adcc794___Mt.N.V_HL 9014.JPG,Grape___healthy,14
data/PlantVillage-Dataset/raw/color/Potato___healthy/6f4b9acd-f34d-4771-a6bc-2001de2dd1d3___RS_HL 1898.JPG,Potato___healthy,22
data/PlantVillage-Dataset/raw/color/Cherry_(including_sour)___Powdery_mildew/d54fcec0-b210-4ab6-8b53-2e33ec81ea36___FREC_Pwd.M 5093.JPG,Cherry_(including_sour)___Powdery_mildew,5
data/PlantVillage-Dataset/raw/color/Corn_(maize)___healthy/50fe7549-e9f5-4104-abdc-b78630c0483e___R.S_HL 8185 copy.jpg,Corn_(maize)___healthy,10
data/PlantVillage-Dataset/raw/color/Tomato___Bacterial_spot/284bcfac-0f71-4911-b5af-4f9e2a28a452___GCREC_Bact.Sp 6257.JPG,Tomato___Bacterial_spot,28
data/PlantVillage-Dataset/raw/color/Tomato___Bacterial_spot/b6e70a9c-f9c1-457c-826a-81749c540fe5___GCREC_Bact.Sp 5581.JPG,Tomato___Bacterial_spot,28
data/PlantVillage-Dataset/raw/color/Cherry_(including_sour)___healthy/d963116d-4eec-42a1-82ce-6ef28536b77e___JR_HL 4324.JPG,Cherry_(including_sour)___healthy,6
data/PlantVillage-Dataset/raw/color/Peach___Bacterial_spot/49078602-faa9-4f0b-8828-eab7ef165fde___Rut._Bact.S 0966.JPG,Peach___Bacterial_spot,16
data/PlantVillage-Dataset/raw/color/Tomato___Spider_mites Two-spotted_spider_mite/14c0db1b-b549-4b15-82ae-9f88fe857365___Com.G_SpM_FL 9650.JPG,Tomato___Spider_mites Two-spotted_spider_mite,33
data/PlantVillage-Dataset/raw/color/Corn_(maize)___Northern_Leaf_Blight/3513a96e-7db5-4a2b-9dd8-79847c92e75b___RS_NLB 4045 copy 2.jpg,Corn_(maize)___Northern_Leaf_Blight,9
data/PlantVillage-Dataset/raw/color/Grape___Black_rot/3b4326e8-734a-4f55-80b4-284e86d9c7c9___FAM_B.Rot 0332.JPG,Grape___Black_rot,11
data/PlantVillage-Dataset/raw/color/Grape___Black_rot/0aff8add-93ad-4099-97ae-23515744e620___FAM_B.Rot 0748.JPG,Grape___Black_rot,11
data/PlantVillage-Dataset/raw/color/Soybean___healthy/018a4d64-5692-4681-b7f6-7367540946a0___RS_HL 3796.JPG,Soybean___healthy,24
data/PlantVillage-Dataset/raw/color/Peach___Bacterial_spot/3c4ee7e3-7b4f-43a0-98c4-dd3e35b02ef8___Rutg._Bact.S 1658.JPG,Peach___Bacterial_spot,16
data/PlantVillage-Dataset/raw/color/Apple___Black_rot/1a9e869f-62b0-4588-998a-30e0d62bef59___JR_FrgE.S 2876.JPG,Apple___Black_rot,1
data/PlantVillage-Dataset/raw/color/Potato___healthy/c548fe0e-21c2-4241-b806-1e438a1213bd___RS_HL 1770.JPG,Potato___healthy,22
data/PlantVillage-Dataset/raw/color/Apple___Apple_scab/6643566f-d980-4bdb-88d7-4d3ab3c771fa___FREC_Scab 3038.JPG,Apple___Apple_scab,0
data/PlantVillage-Dataset/raw/color/Grape___Leaf_blight_(Isariopsis_Leaf_Spot)/6b292622-5311-475d-a929-d7f124b6e48a___FAM_L.Blight 4964.JPG,Grape___Leaf_blight_(Isariopsis_Leaf_Spot),13
data/PlantVillage-Dataset/raw/color/Peach___healthy/b8698ad1-cca2-4b3e-8099-a9cab136d5d6___Rutg._HL 3608.JPG,Peach___healthy,17
data/PlantVillage-Dataset/raw/color/Potato___healthy/f0036dfd-9f46-4f2f-9001-5973495f2171___RS_HL 1849.JPG,Potato___healthy,22
data/PlantVillage-Dataset/raw/color/Raspberry___healthy/9f63daed-c468-4783-94c9-c703187a37ad___Mary_HL 6303.JPG,Raspberry___healthy,23
data/PlantVillage-Dataset/raw/color/Tomato___Septoria_leaf_spot/b80cfb6a-4e71-4ecc-9009-066afc52670f___Keller.St_CG 2040.JPG,Tomato___Septoria_leaf_spot,32
data/PlantVillage-Dataset/raw/color/Grape___healthy/4035c446-454c-4873-9b74-18f7ea951f78___Mt.N.V_HL 9091.JPG,Grape___healthy,14
data/PlantVillage-Dataset/raw/color/Potato___Early_blight/64e41485-8bd1-4b5d-9482-023eb07d8a89___RS_Early.B 9078.JPG,Potato___Early_blight,20
data/PlantVillage-Dataset/raw/color/Corn_(maize)___Common_rust_/RS_Rust 1993.JPG,Corn_(maize)___Common_rust_,8
data/PlantVillage-Dataset/raw/color/Cherry_(including_sour)___healthy/7d779a1c-5d0c-4a30-ba07-b2c456b11797___JR_HL 9770.JPG,Cherry_(including_sour)___healthy,6
data/PlantVillage-Dataset/raw/color/Strawberry___Leaf_scorch/e208828b-bb26-4eb6-a49d-7f0280f443d3___RS_L.Scorch 0955.JPG,Strawberry___Leaf_scorch,26
data/PlantVillage-Dataset/raw/color/Peach___Bacterial_spot/4c14bd82-660c-42c2-a051-b455f7234557___Rutg._Bact.S 1528.JPG,Peach___Bacterial_spot,16
"data/PlantVillage-Dataset/raw/color/Pepper,_bell___healthy/08af8792-fca1-451c-bf59-51cdd9d8b7e6___JR_HL 7740.JPG","Pepper,_bell___healthy",19
data/PlantVillage-Dataset/raw/color/Apple___healthy/09074cd1-a3f0-4d64-97d9-16919451bd58___RS_HL 6258.JPG,Apple___healthy,3
data/PlantVillage-Dataset/raw/color/Tomato___Target_Spot/8c8e659d-009f-49bf-b2be-7972c3680a20___Com.G_TgS_FL 8362.JPG,Tomato___Target_Spot,34
data/PlantVillage-Dataset/raw/color/Orange___Haunglongbing_(Citrus_greening)/a31256df-6530-4afd-94bf-b605a8c48bda___UF.Citrus_HLB_Lab 1490.JPG,Orange___Haunglongbing_(Citrus_greening),15
data/PlantVillage-Dataset/raw/color/Strawberry___Leaf_scorch/6050c241-121b-4f9e-8bce-25e99daa39c4___RS_L.Scorch 1066.JPG,Strawberry___Leaf_scorch,26
data/PlantVillage-Dataset/raw/color/Strawberry___Leaf_scorch/8821a7e3-54a0-4d87-87f8-dec22ce0e6bb___RS_L.Scorch 1517.JPG,Strawberry___Leaf_scorch,26
data/PlantVillage-Dataset/raw/color/Apple___healthy/1398b04d-e259-418b-a5db-d4b20b7a3380___RS_HL 7536.JPG,Apple___healthy,3
data/PlantVillage-Dataset/raw/color/Cherry_(including_sour)___Powdery_mildew/0df55dba-60e0-44e6-b64a-1f4d9a1377fd___FREC_Pwd.M 0527.JPG,Cherry_(including_sour)___Powdery_mildew,5
data/PlantVillage-Dataset/raw/color/Grape___Black_rot/1987f6fe-4090-4186-b0fd-2c86eb01a38c___FAM_B.Rot 3260.JPG,Grape___Black_rot,11
"data/PlantVillage-Dataset/raw/color/Pepper,_bell___Bacterial_spot/6ea47428-2b33-473f-be41-a775ca04958f___NREC_B.Spot 9231.JPG","Pepper,_bell___Bacterial_spot",18
data/PlantVillage-Dataset/raw/color/Apple___Black_rot/cc92897c-3975-4130-a067-6007945be8ab___JR_FrgE.S 2943.JPG,Apple___Black_rot,1
data/PlantVillage-Dataset/raw/color/Peach___Bacterial_spot/947289d1-7cc4-4fd9-b064-e87440d255f1___Rut._Bact.S 1547.JPG,Peach___Bacterial_spot,16
data/PlantVillage-Dataset/raw/color/Grape___Leaf_blight_(Isariopsis_Leaf_Spot)/dfd258d1-9d63-4c50-b3fd-7c1737257a35___FAM_L.Blight 4514.JPG,Grape___Leaf_blight_(Isariopsis_Leaf_Spot),13
data/PlantVillage-Dataset/raw/color/Tomato___Late_blight/6f52294c-e947-4fdc-b818-60b1d47beb06___RS_Late.B 6231.JPG,Tomato___Late_blight,30
data/PlantVillage-Dataset/raw/color/Grape___Esca_(Black_Measles)/e64ca544-8db7-4441-bba8-f150992370a8___FAM_B.Msls 0850.JPG,Grape___Esca_(Black_Measles),12
data/PlantVillage-Dataset/raw/color/Tomato___Late_blight/2e493726-b22f-4e98-a2e2-418a4425cafb___GHLB2 Leaf 8911.JPG,Tomato___Late_blight,30
data/PlantVillage-Dataset/raw/color/Potato___Late_blight/35c3e2fe-7b97-4137-adc6-aada45306425___RS_LB 4123.JPG,Potato___Late_blight,21
data/PlantVillage-Dataset/raw/color/Grape___Black_rot/623d6138-8f61-48b4-a724-8ca614740ca6___FAM_B.Rot 3167.JPG,Grape___Black_rot,11
data/PlantVillage-Dataset/raw/color/Tomato___Tomato_mosaic_virus/f6c12455-7dce-40b2-9d33-36bff9caa4ea___PSU_CG 2192.JPG,Tomato___Tomato_mosaic_virus,36
data/PlantVillage-Dataset/raw/color/Apple___healthy/3a5916ba-0db8-4aff-a282-26f33b056832___RS_HL 8125.JPG,Apple___healthy,3
data/PlantVillage-Dataset/raw/color/Strawberry___healthy/a67277f1-75b5-41c5-8de1-dad85fbc42a4___RS_HL 2086.JPG,Strawberry___healthy,27
data/PlantVillage-Dataset/raw/color/Cherry_(including_sour)___healthy/daaa7f78-5f20-4e6e-9c18-1c67d6218625___JR_HL 9621.JPG,Cherry_(including_sour)___healthy,6
data/PlantVillage-Dataset/raw/color/Raspberry___healthy/b9d49b10-25e0-48b7-9a80-f16bf5c4986d___Mary_HL 9169.JPG,Raspberry___healthy,23
data/PlantVillage-Dataset/raw/color/Cherry_(including_sour)___Powdery_mildew/1bbbffe8-ebdd-497c-b8ed-d90ad1a901e8___FREC_Pwd.M 4755.JPG,Cherry_(including_sour)___Powdery_mildew,5
data/PlantVillage-Dataset/raw/color/Tomato___Tomato_Yellow_Leaf_Curl_Virus/78026401-90de-477b-8c6d-e9bde6f41f41___UF.GRC_YLCV_Lab 02185.JPG,Tomato___Tomato_Yellow_Leaf_Curl_Virus,35
data/PlantVillage-Dataset/raw/color/Potato___healthy/413bc2e9-eb2a-48fd-ba65-48b5121fd85c___RS_HL 4200.JPG,Potato___healthy,22
data/PlantVillage-Dataset/raw/color/Grape___healthy/9bca2bb8-b017-4d2b-ae0a-257916d55952___Mt.N.V_HL 8937.JPG,Grape___healthy,14
data/PlantVillage-Dataset/raw/color/Apple___Apple_scab/45512c84-e453-459c-b12f-1d08ce44001b___FREC_Scab 3072.JPG,Apple___Apple_scab,0
data/PlantVillage-Dataset/raw/color/Grape___healthy/29ffbe00-4f75-496b-8bb5-dc1be1eb73b3___Mt.N.V_HL 8956.JPG,Grape___healthy,14
data/PlantVillage-Dataset/raw/color/Grape___healthy/b16eb75f-59e3-42f6-9ec1-747503223c6c___Mt.N.V_HL 6039.JPG,Grape___healthy,14
data/PlantVillage-Dataset/raw/color/Corn_(maize)___Common_rust_/RS_Rust 2120.JPG,Corn_(maize)___Common_rust_,8
data/PlantVillage-Dataset/raw/color/Tomato___Leaf_Mold/fc3b00ae-34b4-41f4-9122-5649f1aca3d8___Crnl_L.Mold 6687.JPG,Tomato___Leaf_Mold,31
data/PlantVillage-Dataset/raw/color/Squash___Powdery_mildew/73da3882-b3cf-4763-9456-05ee4ded142e___MD_Powd.M 9892.JPG,Squash___Powdery_mildew,25
data/PlantVillage-Dataset/raw/color/Apple___Cedar_apple_rust/5b0cb1a1-e3ef-4503-8833-a8b013ab6e92___FREC_C.Rust 3599.JPG,Apple___Cedar_apple_rust,2
data/PlantVillage-Dataset/raw/color/Corn_(maize)___healthy/12bab18c-050a-4f66-b15d-49a8e19a8d06___R.S_HL 0616.JPG,Corn_(maize)___healthy,10
data/PlantVillage-Dataset/raw/color/Tomato___Tomato_mosaic_virus/27000177-5a1d-4539-b78d-07a6f9a38089___PSU_CG 2168.JPG,Tomato___Tomato_mosaic_virus,36
data/PlantVillage-Dataset/raw/color/Grape___Leaf_blight_(Isariopsis_Leaf_Spot)/3c82b66e-a4c1-473f-92bd-9a5537d76aef___FAM_L.Blight 4550.JPG,Grape___Leaf_blight_(Isariopsis_Leaf_Spot),13
data/PlantVillage-Dataset/raw/color/Cherry_(including_sour)___healthy/ea21a07c-746b-4c40-b9dd-bed17b367f3c___JR_HL 4082.JPG,Cherry_(including_sour)___healthy,6
data/PlantVillage-Dataset/raw/color/Corn_(maize)___Northern_Leaf_Blight/9634137b-5b5b-49eb-875a-82da77a5bc54___RS_NLB 3697.JPG,Corn_(maize)___Northern_Leaf_Blight,9
data/PlantVillage-Dataset/raw/color/Grape___Leaf_blight_(Isariopsis_Leaf_Spot)/346d230c-e9fe-44fa-91ae-2decf603b632___FAM_L.Blight 1448.JPG,Grape___Leaf_blight_(Isariopsis_Leaf_Spot),13
data/PlantVillage-Dataset/raw/color/Tomato___Septoria_leaf_spot/51357363-ec5f-4e60-a8ad-43911cd15c16___Matt.S_CG 7854.JPG,Tomato___Septoria_leaf_spot,32
"data/PlantVillage-Dataset/raw/color/Pepper,_bell___healthy/6efaa51e-89fd-46f6-9db7-82d11f76c00b___JR_HL 6006.JPG","Pepper,_bell___healthy",19
data/PlantVillage-Dataset/raw/color/Tomato___Early_blight/38685009-d6e6-4b3a-9957-bf049a210cda___RS_Erly.B 7606.JPG,Tomato___Early_blight,29
data/PlantVillage-Dataset/raw/color/Tomato___Tomato_Yellow_Leaf_Curl_Virus/862690af-0d59-4fbe-b92d-3d8bd94e930a___UF.GRC_YLCV_Lab 03083.JPG,Tomato___Tomato_Yellow_Leaf_Curl_Virus,35
data/PlantVillage-Dataset/raw/color/Apple___healthy/d80a4d8f-c6a6-41e9-92d0-ba21894f8c64___RS_HL 5794.JPG,Apple___healthy,3
data/PlantVillage-Dataset/raw/color/Squash___Powdery_mildew/a0f520bb-5816-4f13-ac34-ac6d78120d52___UMD_Powd.M 9870.JPG,Squash___Powdery_mildew,25
data/PlantVillage-Dataset/raw/color/Grape___Black_rot/6bff8f3e-3b61-450f-8daf-5a236d34be61___FAM_B.Rot 3601.JPG,Grape___Black_rot,11
data/PlantVillage-Dataset/raw/color/Potato___Late_blight/489107b2-13f2-401b-b931-39ca7fd4be2b___RS_LB 2665.JPG,Potato___Late_blight,21
data/PlantVillage-Dataset/raw/color/Tomato___Bacterial_spot/090e981e-4e75-48db-806d-c28c970f3c9a___UF.GRC_BS_Lab Leaf 9256.JPG,Tomato___Bacterial_spot,28
data/PlantVillage-Dataset/raw/color/Tomato___Spider_mites Two-spotted_spider_mite/c4c111ce-e78c-4c4e-9da4-cdd98a39cf2d___Com.G_SpM_FL 1406.JPG,Tomato___Spider_mites Two-spotted_spider_mite,33
data/PlantVillage-Dataset/raw/color/Corn_(maize)___healthy/a869710f-363f-45bd-b4fd-f8de0380f405___R.S_HL 8170 copy.jpg,Corn_(maize)___healthy,10
data/PlantVillage-Dataset/raw/color/Tomato___Septoria_leaf_spot/36d0b778-94d1-4475-a513-d0611131a996___Keller.St_CG 1892.JPG,Tomato___Septoria_leaf_spot,32
data/PlantVillage-Dataset/raw/color/Tomato___Septoria_leaf_spot/58e242dd-6204-4a64-a520-e50d1f61c326___Keller.St_CG 1956.JPG,Tomato___Septoria_leaf_spot,32
data/PlantVillage-Dataset/raw/color/Potato___healthy/a4d1d8cb-26a2-413f-a229-021e2eea87ac___RS_HL 1819.JPG,Potato___healthy,22
data/PlantVillage-Dataset/raw/color/Raspberry___healthy/2f28b03f-9110-4520-89fe-cdde93b84755___Mary_HL 9235.JPG,Raspberry___healthy,23
data/PlantVillage-Dataset/raw/color/Tomato___Leaf_Mold/b8a6d929-d111-4484-b533-ff68ed3304ca___Crnl_L.Mold 6592.JPG,Tomato___Leaf_Mold,31
"data/PlantVillage-Dataset/raw/color/Pepper,_bell___Bacterial_spot/11b85334-0029-430e-873d-9402bd9e5e9f___JR_B.Spot 9031.JPG","Pepper,_bell___Bacterial_spot",18
data/PlantVillage-Dataset/raw/color/Peach___Bacterial_spot/96059642-7fa3-47a7-8aa9-ed37689d6a3b___Rut._Bact.S 1242.JPG,Peach___Bacterial_spot,16
data/PlantVillage-Dataset/raw/color/Tomato___Late_blight/a9b6997c-b2bd-4938-aa5f-492ae0cc8431___RS_Late.B 5063.JPG,Tomato___Late_blight,30
data/PlantVillage-Dataset/raw/color/Corn_(maize)___Common_rust_/RS_Rust 1722.JPG,Corn_(maize)___Common_rust_,8
data/PlantVillage-Dataset/raw/color/Raspberry___healthy/2142d82b-f067-49e2-82e6-b8780b77af1e___Mary_HL 6346.JPG,Raspberry___healthy,23
data/PlantVillage-Dataset/raw/color/Apple___Apple_scab/abd8b296-db97-40c0-af5b-39e03f4dec16___FREC_Scab 3041.JPG,Apple___Apple_scab,0
"data/PlantVillage-Dataset/raw/color/Pepper,_bell___Bacterial_spot/2ca511f9-951d-4f34-89af-25fd1a609584___NREC_B.Spot 9138.JPG","Pepper,_bell___Bacterial_spot",18
data/PlantVillage-Dataset/raw/color/Tomato___Tomato_mosaic_virus/7d688270-b9e9-41fb-a22a-6af2f6285b46___PSU_CG 2091.JPG,Tomato___Tomato_mosaic_virus,36
data/PlantVillage-Dataset/raw/color/Potato___healthy/4a08efaa-28cc-4356-8769-4002f4b299ef___RS_HL 1850.JPG,Potato___healthy,22
data/PlantVillage-Dataset/raw/color/Corn_(maize)___healthy/0d0d4a6f-784f-464b-89e8-f962d375e4be___R.S_HL 8253 copy.jpg,Corn_(maize)___healthy,10
data/PlantVillage-Dataset/raw/color/Potato___healthy/849aa978-c7b9-4344-9ca8-129219a65f8e___RS_HL 1874.JPG,Potato___healthy,22
data/PlantVillage-Dataset/raw/color/Tomato___Bacterial_spot/cff6ca5a-84c8-4059-b63d-55127d94b23d___GCREC_Bact.Sp 6100.JPG,Tomato___Bacterial_spot,28
data/PlantVillage-Dataset/raw/color/Potato___Early_blight/cc63b147-ad2a-4bc1-aa05-a07b3c6b7761___RS_Early.B 7091.JPG,Potato___Early_blight,20
data/PlantVillage-Dataset/raw/color/Raspberry___healthy/169a1c11-b98f-448a-87b2-9ea98a5f6c39___Mary_HL 9135.JPG,Raspberry___healthy,23
data/PlantVillage-Dataset/raw/color/Tomato___Late_blight/846005e7-d4ad-49e4-bfce-3aefe50b44e0___RS_Late.B 5158.JPG,Tomato___Late_blight,30
data/PlantVillage-Dataset/raw/color/Potato___healthy/c6204cb3-cd9f-4d7b-92a6-9773fe562cab___RS_HL 1939.JPG,Potato___healthy,22
data/PlantVillage-Dataset/raw/color/Grape___Leaf_blight_(Isariopsis_Leaf_Spot)/127bfdf9-b583-47c1-b16e-dce2f10c7a22___FAM_L.Blight 4681.JPG,Grape___Leaf_blight_(Isariopsis_Leaf_Spot),13
data/PlantVillage-Dataset/raw/color/Grape___healthy/92fbe3df-dc85-4e06-8109-3a14f5109b29___Mt.N.V_HL 6173.JPG,Grape___healthy,14
data/PlantVillage-Dataset/raw/color/Apple___healthy/d56f2b29-74ed-4997-a16c-f3416fe36c04___RS_HL 7988.JPG,Apple___healthy,3
data/PlantVillage-Dataset/raw/color/Apple___healthy/7519aef6-3f42-4dd9-8e9e-f3eced492298___RS_HL 5863.JPG,Apple___healthy,3
data/PlantVillage-Dataset/raw/color/Tomato___Early_blight/4aa63e45-c531-40e2-86ca-a788e74d4f18___RS_Erly.B 7549.JPG,Tomato___Early_blight,29
data/PlantVillage-Dataset/raw/color/Tomato___Spider_mites Two-spotted_spider_mite/1e0febc9-f544-45bb-9a39-69722d288393___Com.G_SpM_FL 1578.JPG,Tomato___Spider_mites Two-spotted_spider_mite,33
data/PlantVillage-Dataset/raw/color/Tomato___Tomato_Yellow_Leaf_Curl_Virus/0d4ba6a2-e8a6-49b0-8f94-ab63ab5c5d3c___YLCV_NREC 2030.JPG,Tomato___Tomato_Yellow_Leaf_Curl_Virus,35
data/PlantVillage-Dataset/raw/color/Tomato___Tomato_mosaic_virus/c56876f0-d18b-4a90-86d1-7f90e8e15fac___PSU_CG 2240.JPG,Tomato___Tomato_mosaic_virus,36
data/PlantVillage-Dataset/raw/color/Cherry_(including_sour)___Powdery_mildew/1c0ef846-0a17-4c88-b0c2-11eea5a40378___FREC_Pwd.M 0525.JPG,Cherry_(including_sour)___Powdery_mildew,5
data/PlantVillage-Dataset/raw/color/Potato___Early_blight/6fc04d72-747b-4a96-912a-db0bd967ece0___RS_Early.B 8002.JPG,Potato___Early_blight,20
data/PlantVillage-Dataset/raw/color/Apple___Apple_scab/1bc60205-27cc-4d10-bc87-7e968573e5d5___FREC_Scab 3531.JPG,Apple___Apple_scab,0
data/PlantVillage-Dataset/raw/color/Tomato___Early_blight/9744fa97-16b3-4a16-afc0-c86ac0397759___RS_Erly.B 6411.JPG,Tomato___Early_blight,29
data/PlantVillage-Dataset/raw/color/Potato___healthy/b9ea902d-e557-4fa5-893b-39a7a57c0121___RS_HL 1893.JPG,Potato___healthy,22
data/PlantVillage-Dataset/raw/color/Peach___Bacterial_spot/c7553160-467d-491e-b319-6f37e5101370___Rutg._Bact.S 2309.JPG,Peach___Bacterial_spot,16
data/PlantVillage-Dataset/raw/color/Corn_(maize)___Common_rust_/RS_Rust 2480.JPG,Corn_(maize)___Common_rust_,8
data/PlantVillage-Dataset/raw/color/Tomato___Tomato_mosaic_virus/bf950cb4-985f-4174-b32b-9ae2d6e99a84___PSU_CG 2320.JPG,Tomato___Tomato_mosaic_virus,36
"data/PlantVillage-Dataset/raw/color/Pepper,_bell___Bacterial_spot/8295d0d3-a2b8-4f32-ac02-7e0ee8f75406___NREC_B.Spot 1790.JPG","Pepper,_bell___Bacterial_spot",18
data/PlantVillage-Dataset/raw/color/Tomato___Leaf_Mold/2a27ed39-5f6c-490e-8dae-8b1df4683dbc___Crnl_L.Mold 9099.JPG,Tomato___Leaf_Mold,31
data/PlantVillage-Dataset/raw/color/Tomato___healthy/8cc9bd20-8bc9-49c2-bef6-5d43644e7216___GH_HL Leaf 459.JPG,Tomato___healthy,37
data/PlantVillage-Dataset/raw/color/Raspberry___healthy/7733d086-d5b3-41c5-8b57-0eed79e4deb5___Mary_HL 6374.JPG,Raspberry___healthy,23
data/PlantVillage-Dataset/raw/color/Raspberry___healthy/0c656dec-85e0-44cb-865c-d5b56e851160___Mary_HL 6236.JPG,Raspberry___healthy,23
data/PlantVillage-Dataset/raw/color/Apple___Cedar_apple_rust/5cc20b25-edc1-4ec9-afc8-c19a5ef1cfda___FREC_C.Rust 3540.JPG,Apple___Cedar_apple_rust,2
data/PlantVillage-Dataset/raw/color/Grape___healthy/4b472308-dde6-41b2-943e-707eb5b4b050___Mt.N.V_HL 8942.JPG,Grape___healthy,14
data/PlantVillage-Dataset/raw/color/Strawberry___Leaf_scorch/4d7a3636-670f-47cc-b40b-c88b7783f60f___RS_L.Scorch 1383.JPG,Strawberry___Leaf_scorch,26
data/PlantVillage-Dataset/raw/color/Tomato___Tomato_mosaic_virus/d9812306-9ab7-4c41-8c08-0aaaa0a9db5f___PSU_CG 2056.JPG,Tomato___Tomato_mosaic_virus,36
"data/PlantVillage-Dataset/raw/color/Pepper,_bell___Bacterial_spot/e0b8d24b-c115-49d8-8e87-67f35681d181___JR_B.Spot 8877.JPG","Pepper,_bell___Bacterial_spot",18
data/PlantVillage-Dataset/raw/color/Strawberry___Leaf_scorch/b39b1fbc-038c-4bc8-8154-3c6ea168af62___RS_L.Scorch 9905.JPG,Strawberry___Leaf_scorch,26
data/PlantVillage-Dataset/raw/color/Strawberry___healthy/ee0f49c6-8884-4e96-8ebc-ceec0b9b69c4___RS_HL 1632.JPG,Strawberry___healthy,27
data/PlantVillage-Dataset/raw/color/Peach___healthy/82e60026-cb82-4ccf-a39b-820080c78c5e___Rutg._HL 2399.JPG,Peach___healthy,17
data/PlantVillage-Dataset/raw/color/Raspberry___healthy/6c2e049f-38c9-42c5-864f-613e6e12d59e___Mary_HL 6318.JPG,Raspberry___healthy,23
data/PlantVillage-Dataset/raw/color/Apple___Black_rot/cda4e00f-b32f-4605-b2ca-4b5eba5ecc22___JR_FrgE.S 8799.JPG,Apple___Black_rot,1
data/PlantVillage-Dataset/raw/color/Apple___Black_rot/7c08d160-a5ef-4142-b743-8e484c95d8b8___JR_FrgE.S 2815.JPG,Apple___Black_rot,1
data/PlantVillage-Dataset/raw/color/Orange___Haunglongbing_(Citrus_greening)/5835666f-7a97-4a20-84c0-ac7211cc0a9c___CREC_HLB 6993.JPG,Orange___Haunglongbing_(Citrus_greening),15
data/PlantVillage-Dataset/raw/color/Tomato___Spider_mites Two-spotted_spider_mite/5e28726c-2195-49d1-bce4-e84dde076d76___Com.G_SpM_FL 1587.JPG,Tomato___Spider_mites Two-spotted_spider_mite,33
data/PlantVillage-Dataset/raw/color/Tomato___Spider_mites Two-spotted_spider_mite/41f98f75-b866-4393-8b0b-f72c008fe250___Com.G_SpM_FL 8468.JPG,Tomato___Spider_mites Two-spotted_spider_mite,33
data/PlantVillage-Dataset/raw/color/Apple___Cedar_apple_rust/2ac8d689-f30a-4eee-a856-86c92f8dcbd2___FREC_C.Rust 3952.JPG,Apple___Cedar_apple_rust,2
data/PlantVillage-Dataset/raw/color/Orange___Haunglongbing_(Citrus_greening)/9cf5b142-2ca7-4402-9552-36e587f6550e___UF.Citrus_HLB_Lab 0072.JPG,Orange___Haunglongbing_(Citrus_greening),15
data/PlantVillage-Dataset/raw/color/Grape___healthy/4e7ca108-2631-452b-83bb-be0a7b32d98f___Mt.N.V_HL 6063.JPG,Grape___healthy,14
data/PlantVillage-Dataset/raw/color/Tomato___Bacterial_spot/64110a6c-c670-435f-8264-3cd5d45250cb___GCREC_Bact.Sp 6289.JPG,Tomato___Bacterial_spot,28
data/PlantVillage-Dataset/raw/color/Grape___Esca_(Black_Measles)/c26c8e93-d000-422a-be6b-c9a972ca6e0a___FAM_B.Msls 1140.JPG,Grape___Esca_(Black_Measles),12
data/PlantVillage-Dataset/raw/color/Grape___healthy/f20a3d64-bee7-4bb7-a74b-8cfc8c78fd43___Mt.N.V_HL 6200.JPG,Grape___healthy,14
data/PlantVillage-Dataset/raw/color/Tomato___Target_Spot/5a8d484b-77a7-48f7-90f2-abc064357924___Com.G_TgS_FL 9830.JPG,Tomato___Target_Spot,34
data/PlantVillage-Dataset/raw/color/Potato___healthy/56ae1281-5ee5-4f2a-8678-c2e4491878c6___RS_HL 1869.JPG,Potato___healthy,22
data/PlantVillage-Dataset/raw/color/Potato___healthy/ee052892-e935-4fbb-9344-4d23c57c6890___RS_HL 5400.JPG,Potato___healthy,22
data/PlantVillage-Dataset/raw/color/Apple___Black_rot/28f01d7f-27f8-4cf1-a473-ef4744b2dc61___JR_FrgE.S 8597.JPG,Apple___Black_rot,1
data/PlantVillage-Dataset/raw/color/Raspberry___healthy/2d98e51f-8702-4309-944b-e196c2ec5275___Mary_HL 6241.JPG,Raspberry___healthy,23
data/PlantVillage-Dataset/raw/color/Tomato___Bacterial_spot/43f48412-a4b0-496b-b482-da1a54482855___GCREC_Bact.Sp 5670.JPG,Tomato___Bacterial_spot,28
data/PlantVillage-Dataset/raw/color/Grape___healthy/feb2cf1a-1903-4fb8-bc99-4b399346fef0___Mt.N.V_HL 6135.JPG,Grape___healthy,14
data/PlantVillage-Dataset/raw/color/Peach___healthy/0999b486-f391-4b79-8c3f-41e957e606a7___Rutg._HL 3701.JPG,Peach___healthy,17
data/PlantVillage-Dataset/raw/color/Corn_(maize)___Cercospora_leaf_spot Gray_leaf_spot/261e0893-078f-41ae-9445-4942f8828f53___RS_GLSp 7320.JPG,Corn_(maize)___Cercospora_leaf_spot Gray_leaf_spot,7
data/PlantVillage-Dataset/raw/color/Tomato___Tomato_Yellow_Leaf_Curl_Virus/72984c52-62b3-48d7-bd42-983c7023ce38___YLCV_GCREC 2081.JPG,Tomato___Tomato_Yellow_Leaf_Curl_Virus,35
data/PlantVillage-Dataset/raw/color/Peach___healthy/7c753494-dccb-4a3a-b82a-bf0c494843af___Rutg._HL 2479.JPG,Peach___healthy,17
data/PlantVillage-Dataset/raw/color/Grape___Esca_(Black_Measles)/3306483f-5feb-42e3-9c39-0a0b29ac1959___FAM_B.Msls 1767.JPG,Grape___Esca_(Black_Measles),12
data/PlantVillage-Dataset/raw/color/Peach___Bacterial_spot/9348eaf2-f740-4275-afd6-0c767167f954___Rut._Bact.S 1300.JPG,Peach___Bacterial_spot,16
data/PlantVillage-Dataset/raw/color/Grape___Black_rot/5ffd7e9b-c750-4e10-8046-51d0c866fc8e___FAM_B.Rot 3562.JPG,Grape___Black_rot,11
data/PlantVillage-Dataset/raw/color/Soybean___healthy/8e3f6573-c338-48e5-bfba-257daff8e52e___RS_HL 5048.JPG,Soybean___healthy,24
data/PlantVillage-Dataset/raw/color/Potato___Early_blight/17756ec1-9c95-43b3-bedc-933b6e0887f3___RS_Early.B 8251.JPG,Potato___Early_blight,20
data/PlantVillage-Dataset/raw/color/Raspberry___healthy/dc625fd1-1e66-4b78-882a-9be38921e30f___Mary_HL 9333.JPG,Raspberry___healthy,23
data/PlantVillage-Dataset/raw/color/Soybean___healthy/6a2c0f97-2649-450e-b0c2-64f2d8487523___RS_HL 4274.JPG,Soybean___healthy,24
"data/PlantVillage-Dataset/raw/color/Pepper,_bell___Bacterial_spot/5c421e64-d609-4e2d-9b4f-aa836b4f9864___NREC_B.Spot 1962.JPG","Pepper,_bell___Bacterial_spot",18
"data/PlantVillage-Dataset/raw/color/Pepper,_bell___Bacterial_spot/9e49a6d8-11fa-4d46-9f2d-9580da511696___NREC_B.Spot 1930.JPG","Pepper,_bell___Bacterial_spot",18
data/PlantVillage-Dataset/raw/color/Corn_(maize)___healthy/6e32f66d-c54c-4df4-9894-e7aa3ff748d9___R.S_HL 0620 copy 2.jpg,Corn_(maize)___healthy,10
data/PlantVillage-Dataset/raw/color/Corn_(maize)___Northern_Leaf_Blight/9b49dc45-f159-4d0e-af91-daa06f792e8b___RS_NLB 0797.JPG,Corn_(maize)___Northern_Leaf_Blight,9
data/PlantVillage-Dataset/raw/color/Squash___Powdery_mildew/73dd1bf1-168f-4b18-9b2d-c6ceb30514f9___MD_Powd.M 0509.JPG,Squash___Powdery_mildew,25
data/PlantVillage-Dataset/raw/color/Corn_(maize)___Northern_Leaf_Blight/11c62026-d2e9-425a-9374-563ef644e194___RS_NLB 4218.JPG,Corn_(maize)___Northern_Leaf_Blight,9
data/PlantVillage-Dataset/raw/color/Peach___healthy/e3eb6226-c213-4a4a-9746-596a38458350___Rutg._HL 3738.JPG,Peach___healthy,17
data/PlantVillage-Dataset/raw/color/Tomato___Tomato_mosaic_virus/f464b52d-2c7e-4086-abdb-99a2c5e1a9da___PSU_CG 2174.JPG,Tomato___Tomato_mosaic_virus,36
data/PlantVillage-Dataset/raw/color/Corn_(maize)___Northern_Leaf_Blight/e9d3e128-7cbe-4b6e-b2b7-08f90fe5cc99___RS_NLB 4276.JPG,Corn_(maize)___Northern_Leaf_Blight,9
data/PlantVillage-Dataset/raw/color/Tomato___Tomato_mosaic_virus/0c05f5bb-e38d-422f-8b1c-632d8c0d730c___PSU_CG 2133.JPG,Tomato___Tomato_mosaic_virus,36
data/PlantVillage-Dataset/raw/color/Tomato___healthy/c11a3cf1-de74-421e-89d0-11ea1508673d___RS_HL 0185.JPG,Tomato___healthy,37
data/PlantVillage-Dataset/raw/color/Tomato___Tomato_mosaic_virus/d636946f-b3da-4b36-aeb6-f602ef86a245___PSU_CG 2101.JPG,Tomato___Tomato_mosaic_virus,36
data/PlantVillage-Dataset/raw/color/Cherry_(including_sour)___healthy/d74cc406-6b82-4300-a21a-52a9c021cbb7___JR_HL 4219.JPG,Cherry_(including_sour)___healthy,6
data/PlantVillage-Dataset/raw/color/Grape___healthy/49a5f0af-64f3-4d78-bff0-607bac0ad17a___Mt.N.V_HL 6048.JPG,Grape___healthy,14
data/PlantVillage-Dataset/raw/color/Blueberry___healthy/551c7ffd-49fa-4d54-b191-4ec3a5e306a0___RS_HL 2588.JPG,Blueberry___healthy,4
data/PlantVillage-Dataset/raw/color/Raspberry___healthy/7f771790-da66-43db-a051-5900affecc6e___Mary_HL 9261.JPG,Raspberry___healthy,23
data/PlantVillage-Dataset/raw/color/Blueberry___healthy/8adbef52-c9e1-4a06-adc7-497179c66cff___RS_HL 5452.JPG,Blueberry___healthy,4
data/PlantVillage-Dataset/raw/color/Apple___Cedar_apple_rust/4dc8e2a8-4374-488a-afc6-fd0ea7f15c88___FREC_C.Rust 3991.JPG,Apple___Cedar_apple_rust,2
data/PlantVillage-Dataset/raw/color/Tomato___Tomato_Yellow_Leaf_Curl_Virus/57cf2231-4196-4a4e-9eef-bb8375c8c720___UF.GRC_YLCV_Lab 03173.JPG,Tomato___Tomato_Yellow_Leaf_Curl_Virus,35
data/PlantVillage-Dataset/raw/color/Tomato___Spider_mites Two-spotted_spider_mite/adbac054-fccb-4578-8139-b91bea38110b___Com.G_SpM_FL 8812.JPG,Tomato___Spider_mites Two-spotted_spider_mite,33
data/PlantVillage-Dataset/raw/color/Corn_(maize)___Common_rust_/RS_Rust 1607.JPG,Corn_(maize)___Common_rust_,8
data/PlantVillage-Dataset/raw/color/Raspberry___healthy/05dfc382-396a-4301-b940-7d1098feba11___Mary_HL 6358.JPG,Raspberry___healthy,23
data/PlantVillage-Dataset/raw/color/Apple___Apple_scab/2438c1f0-556e-4575-b382-96e17f908e34___FREC_Scab 3230.JPG,Apple___Apple_scab,0
data/PlantVillage-Dataset/raw/color/Potato___Early_blight/54eebf69-9501-4f9e-b923-1ef61f31d93c___RS_Early.B 7098.JPG,Potato___Early_blight,20
data/PlantVillage-Dataset/raw/color/Corn_(maize)___Cercospora_leaf_spot Gray_leaf_spot/fa551b43-43d6-4788-8450-6a78a366b5dc___RS_GLSp 4565.JPG,Corn_(maize)___Cercospora_leaf_spot Gray_leaf_spot,7
"data/PlantVillage-Dataset/raw/color/Pepper,_bell___healthy/32f0cd4f-3786-4fc6-84e0-4ffb72e96741___JR_HL 8155.JPG","Pepper,_bell___healthy",19
data/PlantVillage-Dataset/raw/color/Tomato___Tomato_mosaic_virus/99879471-2f23-494a-be42-a5817fabde96___PSU_CG 2381.JPG,Tomato___Tomato_mosaic_virus,36
data/PlantVillage-Dataset/raw/color/Tomato___Leaf_Mold/735f7469-96ea-4e79-9865-72883d3c16db___Crnl_L.Mold 8998.JPG,Tomato___Leaf_Mold,31
data/PlantVillage-Dataset/raw/color/Soybean___healthy/1486f5da-7462-4e2c-a1b8-28b6c53ef0e4___RS_HL 6625.JPG,Soybean___healthy,24
data/PlantVillage-Dataset/raw/color/Cherry_(including_sour)___healthy/b255bae1-b650-413d-9444-dff61de6bd33___JR_HL 9724.JPG,Cherry_(including_sour)___healthy,6
data/PlantVillage-Dataset/raw/color/Apple___Black_rot/6ce1eb43-e41c-4eb0-9440-db5a955ab7b6___JR_FrgE.S 2919.JPG,Apple___Black_rot,1
data/PlantVillage-Dataset/raw/color/Tomato___Spider_mites Two-spotted_spider_mite/a865eaa1-aeb5-4e74-9e8d-274d7295b070___Com.G_SpM_FL 1494.JPG,Tomato___Spider_mites Two-spotted_spider_mite,33
data/PlantVillage-Dataset/raw/color/Strawberry___healthy/f90cc425-5b46-4abd-b58a-11306f471542___RS_HL 4337.JPG,Strawberry___healthy,27
data/PlantVillage-Dataset/raw/color/Grape___healthy/2c4e117b-0a0f-43d0-93b5-88b2e77d272a___Mt.N.V_HL 6151.JPG,Grape___healthy,14
data/PlantVillage-Dataset/raw/color/Orange___Haunglongbing_(Citrus_greening)/cb15c12f-c912-483d-a3ce-0f1278b9c599___CREC_HLB 7434.JPG,Orange___Haunglongbing_(Citrus_greening),15
data/PlantVillage-Dataset/raw/color/Peach___healthy/d6daad3b-609d-4040-b980-c4cdc568ead7___Rutg._HL 2497.JPG,Peach___healthy,17
data/PlantVillage-Dataset/raw/color/Corn_(maize)___Cercospora_leaf_spot Gray_leaf_spot/df225045-fc7e-4207-a8fa-072f0f262b8b___RS_GLSp 4674.JPG,Corn_(maize)___Cercospora_leaf_spot Gray_leaf_spot,7
data/PlantVillage-Dataset/raw/color/Tomato___Tomato_mosaic_virus/05a31ee3-d097-4e32-a1fe-ef11f84ff374___PSU_CG 2149.JPG,Tomato___Tomato_mosaic_virus,36
data/PlantVillage-Dataset/raw/color/Cherry_(including_sour)___healthy/4cd2bd7d-899b-40b3-b3a1-ad8e0a61fa68___JR_HL 4246.JPG,Cherry_(including_sour)___healthy,6
data/PlantVillage-Dataset/raw/color/Squash___Powdery_mildew/e9a11ef0-b6ea-4e80-8ad9-3a15216ab0a7___UMD_Powd.M 0421.JPG,Squash___Powdery_mildew,25
data/PlantVillage-Dataset/raw/color/Strawberry___Leaf_scorch/22618882-d6b8-4149-9ea2-7a6cf0914d90___RS_L.Scorch 1449.JPG,Strawberry___Leaf_scorch,26
"data/PlantVillage-Dataset/raw/color/Pepper,_bell___Bacterial_spot/e5d90520-de2e-4c6b-b73d-ca7f90c69772___NREC_B.Spot 1916.JPG","Pepper,_bell___Bacterial_spot",18
data/PlantVillage-Dataset/raw/color/Potato___Late_blight/05817623-2c4e-4517-88a1-fe81b9a73742___RS_LB 3920.JPG,Potato___Late_blight,21
"data/PlantVillage-Dataset/raw/color/Pepper,_bell___Bacterial_spot/3ff12256-cb79-4a74-8c2f-2df51b31d646___NREC_B.Spot 9242.JPG","Pepper,_bell___Bacterial_spot",18
data/PlantVillage-Dataset/raw/color/Tomato___Leaf_Mold/ea8273ed-0d2e-483d-a653-0abc4886d780___Crnl_L.Mold 6988.JPG,Tomato___Leaf_Mold,31
data/PlantVillage-Dataset/raw/color/Grape___Esca_(Black_Measles)/39afc0c1-dcbe-4f0a-94ad-68386b478eb0___FAM_B.Msls 1833.JPG,Grape___Esca_(Black_Measles),12
data/PlantVillage-Dataset/raw/color/Grape___healthy/75ad9d58-7f7e-4a4c-8ced-fec8d23d9a7e___Mt.N.V_HL 6170.JPG,Grape___healthy,14
data/PlantVillage-Dataset/raw/color/Corn_(maize)___healthy/721f6f6c-9f41-487d-82cc-1bbe2fa55b61___R.S_HL 0617 copy 3.jpg,Corn_(maize)___healthy,10
data/PlantVillage-Dataset/raw/color/Orange___Haunglongbing_(Citrus_greening)/1087179b-bb9c-41c9-a253-20afac26dcc0___CREC_HLB 4363.JPG,Orange___Haunglongbing_(Citrus_greening),15
data/PlantVillage-Dataset/raw/color/Strawberry___Leaf_scorch/40dcf267-50ab-48d8-a6e2-524f708db21e___RS_L.Scorch 0155.JPG,Strawberry___Leaf_scorch,26
data/PlantVillage-Dataset/raw/color/Tomato___Septoria_leaf_spot/e2eed3af-be31-4557-b75f-e450ce639046___Matt.S_CG 1605.JPG,Tomato___Septoria_leaf_spot,32
data/PlantVillage-Dataset/raw/color/Tomato___Tomato_mosaic_virus/46b3cb66-9265-464f-9b0a-ac23eb72a4a0___PSU_CG 2411.JPG,Tomato___Tomato_mosaic_virus,36
data/PlantVillage-Dataset/raw/color/Tomato___Spider_mites Two-spotted_spider_mite/1b9607e3-1eec-4a0f-876b-f7923515b7e6___Com.G_SpM_FL 9288.JPG,Tomato___Spider_mites Two-spotted_spider_mite,33
data/PlantVillage-Dataset/raw/color/Apple___Apple_scab/029424b0-0ef5-491b-9ef5-069190d24d8f___FREC_Scab 3504.JPG,Apple___Apple_scab,0
data/PlantVillage-Dataset/raw/color/Raspberry___healthy/b446d3f3-e55a-45eb-8e46-d2e3cc7e40b5___Mary_HL 6403.JPG,Raspberry___healthy,23
data/PlantVillage-Dataset/raw/color/Apple___healthy/99b369d2-fa9b-4d3b-8516-462dbae8561a___RS_HL 7242.JPG,Apple___healthy,3
data/PlantVillage-Dataset/raw/color/Orange___Haunglongbing_(Citrus_greening)/57944f45-0688-4d54-a086-a9bc81fb71b4___UF.Citrus_HLB_Lab 0938.JPG,Orange___Haunglongbing_(Citrus_greening),15
data/PlantVillage-Dataset/raw/color/Raspberry___healthy/a23af825-fd84-4605-bba9-2560a70c576f___Mary_HL 6371.JPG,Raspberry___healthy,23
data/PlantVillage-Dataset/raw/color/Corn_(maize)___Northern_Leaf_Blight/d36dfeef-82b0-4bfc-b202-0abe50242a21___RS_NLB 3928.JPG,Corn_(maize)___Northern_Leaf_Blight,9
data/PlantVillage-Dataset/raw/color/Cherry_(including_sour)___healthy/8c1abb7e-703e-4c23-9e3e-d2893b8abe3a___JR_HL 4048.JPG,Cherry_(including_sour)___healthy,6
data/PlantVillage-Dataset/raw/color/Apple___Cedar_apple_rust/d2465b2c-5b95-4557-b086-211e6e7a73d2___FREC_C.Rust 0045.JPG,Apple___Cedar_apple_rust,2
data/PlantVillage-Dataset/raw/color/Potato___Late_blight/fd35fb86-6558-40f2-b8ac-6922e2107af5___RS_LB 4095.JPG,Potato___Late_blight,21
"data/PlantVillage-Dataset/raw/color/Pepper,_bell___healthy/53d6ecba-6d4d-47a5-b5ce-78e2082b1785___JR_HL 7720.JPG","Pepper,_bell___healthy",19
data/PlantVillage-Dataset/raw/color/Apple___Black_rot/5db69c6b-f9c9-4a3f-b47a-ca6449023bdd___JR_FrgE.S 2757.JPG,Apple___Black_rot,1
data/PlantVillage-Dataset/raw/color/Tomato___Bacterial_spot/16899432-0c58-4c00-a212-f24faed4d040___GCREC_Bact.Sp 2981.JPG,Tomato___Bacterial_spot,28
data/PlantVillage-Dataset/raw/color/Tomato___Bacterial_spot/f6bb2bc6-ce10-4b4c-a02d-5540bb42fae6___GCREC_Bact.Sp 3439.JPG,Tomato___Bacterial_spot,28
data/PlantVillage-Dataset/raw/color/Soybean___healthy/9769ceb8-926d-426c-a60a-4ec97f0518a2___RS_HL 4351.JPG,Soybean___healthy,24
data/PlantVillage-Dataset/raw/color/Grape___Leaf_blight_(Isariopsis_Leaf_Spot)/6defbeb4-aa90-4660-a319-37c91e1648ef___FAM_L.Blight 4793.JPG,Grape___Leaf_blight_(Isariopsis_Leaf_Spot),13
data/PlantVillage-Dataset/raw/color/Grape___Black_rot/150f2f38-a17a-4d8b-9ba2-406c8d2e7b8a___FAM_B.Rot 3119.JPG,Grape___Black_rot,11
data/PlantVillage-Dataset/raw/color/Tomato___healthy/33a75eb9-0745-4159-8c6e-3c4e4e418992___RS_HL 9767.JPG,Tomato___healthy,37
data/PlantVillage-Dataset/raw/color/Strawberry___healthy/1faaac0a-ea12-4085-af35-ab8b70bbf60a___RS_HL 4725.JPG,Strawberry___healthy,27
"data/PlantVillage-Dataset/raw/color/Pepper,_bell___healthy/71e8540f-309c-4022-97c7-7ce276abb2ac___JR_HL 7877.JPG","Pepper,_bell___healthy",19
data/PlantVillage-Dataset/raw/color/Grape___healthy/7dcbe0fa-4dc1-4234-97d4-9c19391fbe21___Mt.N.V_HL 9114.JPG,Grape___healthy,14
data/PlantVillage-Dataset/raw/color/Tomato___Leaf_Mold/a7aba5e4-a78a-459a-9caa-77f0f98ef2d5___Crnl_L.Mold 9012.JPG,Tomato___Leaf_Mold,31
data/PlantVillage-Dataset/raw/color/Grape___healthy/59ecd16e-8136-4295-93e4-0dc8755f48eb___Mt.N.V_HL 6133.JPG,Grape___healthy,14
data/PlantVillage-Dataset/raw/color/Strawberry___healthy/5cb2ec10-af9e-4c1b-baa5-e28b700522f0___RS_HL 4413.JPG,Strawberry___healthy,27
data/PlantVillage-Dataset/raw/color/Cherry_(including_sour)___Powdery_mildew/9c08c34d-49d5-4319-ab41-9221d51c4de4___FREC_Pwd.M 4618.JPG,Cherry_(including_sour)___Powdery_mildew,5
data/PlantVillage-Dataset/raw/color/Grape___Leaf_blight_(Isariopsis_Leaf_Spot)/93467d1b-4121-4b65-804f-299fbe993eac___FAM_L.Blight 4708.JPG,Grape___Leaf_blight_(Isariopsis_Leaf_Spot),13
data/PlantVillage-Dataset/raw/color/Grape___Leaf_blight_(Isariopsis_Leaf_Spot)/1d79a268-2804-47ce-83fe-b8e3036baa2f___FAM_L.Blight 4780.JPG,Grape___Leaf_blight_(Isariopsis_Leaf_Spot),13
"data/PlantVillage-Dataset/raw/color/Pepper,_bell___Bacterial_spot/e481606b-2d13-4965-9e0a-44f02a8fa701___JR_B.Spot 8833.JPG","Pepper,_bell___Bacterial_spot",18
"data/PlantVillage-Dataset/raw/color/Pepper,_bell___healthy/49b4fd49-ffc0-40c3-ad76-452b933d58c7___JR_HL 8267.JPG","Pepper,_bell___healthy",19
data/PlantVillage-Dataset/raw/color/Tomato___Early_blight/7b32caa4-0d67-4b84-a1bf-cf9dffd7ffe5___RS_Erly.B 6405.JPG,Tomato___Early_blight,29
data/PlantVillage-Dataset/raw/color/Tomato___Spider_mites Two-spotted_spider_mite/06c29099-98e3-46ae-88f9-7160c74dafea___Com.G_SpM_FL 9427.JPG,Tomato___Spider_mites Two-spotted_spider_mite,33
data/PlantVillage-Dataset/raw/color/Tomato___Leaf_Mold/e5296fcd-8354-4c8c-8e91-777fe4d9555b___Crnl_L.Mold 8973.JPG,Tomato___Leaf_Mold,31
data/PlantVillage-Dataset/raw/color/Tomato___Spider_mites Two-spotted_spider_mite/d55db937-a4ad-4a47-b15e-831437e51a17___Com.G_SpM_FL 1611.JPG,Tomato___Spider_mites Two-spotted_spider_mite,33
data/PlantVillage-Dataset/raw/color/Grape___healthy/dcd949b9-297d-40aa-b4dd-7f347a599d4c___Mt.N.V_HL 6057.JPG,Grape___healthy,14
"data/PlantVillage-Dataset/raw/color/Pepper,_bell___healthy/964b9fb3-8919-4a08-967d-ae652d1d4bd7___JR_HL 8285.JPG","Pepper,_bell___healthy",19
data/PlantVillage-Dataset/raw/color/Strawberry___Leaf_scorch/08adf0a2-b86c-4c0c-b5b3-fcc7ac5447cb___RS_L.Scorch 1165.JPG,Strawberry___Leaf_scorch,26
data/PlantVillage-Dataset/raw/color/Corn_(maize)___Common_rust_/RS_Rust 2421.JPG,Corn_(maize)___Common_rust_,8
data/PlantVillage-Dataset/raw/color/Strawberry___healthy/4c5da64b-2f39-4c84-9130-0ff7b8fcda7a___RS_HL 1662.JPG,Strawberry___healthy,27
data/PlantVillage-Dataset/raw/color/Grape___Esca_(Black_Measles)/1461c5b3-2b6b-4cd2-947c-f2610257bde9___FAM_B.Msls 3899.JPG,Grape___Esca_(Black_Measles),12
data/PlantVillage-Dataset/raw/color/Cherry_(including_sour)___healthy/5af0622b-88ca-4a61-ba17-99dbd71448d2___JR_HL 4231.JPG,Cherry_(including_sour)___healthy,6
data/PlantVillage-Dataset/raw/color/Corn_(maize)___Cercospora_leaf_spot Gray_leaf_spot/5d69a1f2-cead-4661-8014-63e35e131850___RS_GLSp 4337 copy.jpg,Corn_(maize)___Cercospora_leaf_spot Gray_leaf_spot,7
data/PlantVillage-Dataset/raw/color/Grape___healthy/18db578d-ab6c-4469-8e07-01d8c211a91f___Mt.N.V_HL 8983.JPG,Grape___healthy,14
data/PlantVillage-Dataset/raw/color/Tomato___Early_blight/0f7a2408-9c26-4ff9-bee5-2bfcd91a11f7___RS_Erly.B 9440.JPG,Tomato___Early_blight,29
data/PlantVillage-Dataset/raw/color/Tomato___Leaf_Mold/fbd446f3-6104-4ab8-8d3f-d4f69befecef___Crnl_L.Mold 7131.JPG,Tomato___Leaf_Mold,31
data/PlantVillage-Dataset/raw/color/Apple___Cedar_apple_rust/18ba5927-bf67-47ff-bdcf-11056e368b60___FREC_C.Rust 4258.JPG,Apple___Cedar_apple_rust,2
data/PlantVillage-Dataset/raw/color/Grape___healthy/41b69ecd-4f54-4601-981e-8e5659f4ab76___Mt.N.V_HL 9071.JPG,Grape___healthy,14
data/PlantVillage-Dataset/raw/color/Apple___Cedar_apple_rust/8e4fc487-528e-4ff9-94dd-165332126018___FREC_C.Rust 9890.JPG,Apple___Cedar_apple_rust,2
data/PlantVillage-Dataset/raw/color/Grape___Esca_(Black_Measles)/74b8a767-7073-47e0-b30d-1c087d080fc0___FAM_B.Msls 3901.JPG,Grape___Esca_(Black_Measles),12
data/PlantVillage-Dataset/raw/color/Peach___healthy/4f9facfb-c1ed-4254-8581-85c35091d5d8___Rutg._HL 3675.JPG,Peach___healthy,17
data/PlantVillage-Dataset/raw/color/Tomato___Leaf_Mold/4babadaf-7d3f-4cc8-8179-05d86893dd97___Crnl_L.Mold 9096.JPG,Tomato___Leaf_Mold,31
data/PlantVillage-Dataset/raw/color/Potato___Late_blight/12d72127-7880-4481-b3c6-caff04116a86___RS_LB 2632.JPG,Potato___Late_blight,21
data/PlantVillage-Dataset/raw/color/Tomato___Target_Spot/9d04eab3-3ca0-4c04-aca6-6b63a5c0b491___Com.G_TgS_FL 0816.JPG,Tomato___Target_Spot,34
data/PlantVillage-Dataset/raw/color/Strawberry___healthy/caa95a07-527a-4ceb-923a-40c717c872b8___RS_HL 1916.JPG,Strawberry___healthy,27
data/PlantVillage-Dataset/raw/color/Potato___Late_blight/33551627-5824-42b9-9547-4df44590fee1___RS_LB 4848.JPG,Potato___Late_blight,21
data/PlantVillage-Dataset/raw/color/Apple___healthy/b876a8f5-9fee-48fe-817c-f810a55c9ee2___RS_HL 7496.JPG,Apple___healthy,3
data/PlantVillage-Dataset/raw/color/Orange___Haunglongbing_(Citrus_greening)/6d8a2a94-e837-425e-a145-685c4512e9ac___CREC_HLB 4251.JPG,Orange___Haunglongbing_(Citrus_greening),15
data/PlantVillage-Dataset/raw/color/Raspberry___healthy/d907d8a1-b993-4e4f-9e55-368ca54f3405___Mary_HL 6355.JPG,Raspberry___healthy,23
data/PlantVillage-Dataset/raw/color/Blueberry___healthy/8ac1f5aa-93e5-4235-81b8-a6822254f76f___RS_HL 0421.JPG,Blueberry___healthy,4
data/PlantVillage-Dataset/raw/color/Tomato___Spider_mites Two-spotted_spider_mite/a8095d03-62bd-4a7e-b4df-f385f809bbc8___Com.G_SpM_FL 8637.JPG,Tomato___Spider_mites Two-spotted_spider_mite,33
data/PlantVillage-Dataset/raw/color/Peach___Bacterial_spot/5c8b91e3-e8c8-4cb1-bfcd-1b60028883ac___Rutg._Bact.S 2089.JPG,Peach___Bacterial_spot,16
data/PlantVillage-Dataset/raw/color/Tomato___Target_Spot/e6b449e1-f864-457c-afc0-08a857d8ca2d___Com.G_TgS_FL 9685.JPG,Tomato___Target_Spot,34
data/PlantVillage-Dataset/raw/color/Raspberry___healthy/75b57c5e-9275-4342-882d-f144af40c631___Mary_HL 9346.JPG,Raspberry___healthy,23
data/PlantVillage-Dataset/raw/color/Grape___healthy/8a3ee8ca-0e55-4c2d-8a43-348431c9f60d___Mt.N.V_HL 6126.JPG,Grape___healthy,14
data/PlantVillage-Dataset/raw/color/Orange___Haunglongbing_(Citrus_greening)/d403b0d1-5377-44cc-b19e-d17d78ce60d6___CREC_HLB 5523.JPG,Orange___Haunglongbing_(Citrus_greening),15
data/PlantVillage-Dataset/raw/color/Tomato___Tomato_Yellow_Leaf_Curl_Virus/165fe4f2-8a94-448c-bcd3-c86a687f6f1a___YLCV_GCREC 5370.JPG,Tomato___Tomato_Yellow_Leaf_Curl_Virus,35
data/PlantVillage-Dataset/raw/color/Apple___Black_rot/a3fddb87-e0d3-4ebb-8a5e-2b7bc9c33ee8___JR_FrgE.S 3084.JPG,Apple___Black_rot,1
data/PlantVillage-Dataset/raw/color/Potato___Early_blight/aed93c24-f226-4dd4-b5fb-b1f2d1202c63___RS_Early.B 8363.JPG,Potato___Early_blight,20
data/PlantVillage-Dataset/raw/color/Raspberry___healthy/2f5293ed-9843-4c15-830e-94ea76b56c3a___Mary_HL 6368.JPG,Raspberry___healthy,23
data/PlantVillage-Dataset/raw/color/Potato___healthy/5cb360dd-5c17-4c57-b31d-97cd8dd8d0bd___RS_HL 1797.JPG,Potato___healthy,22
data/PlantVillage-Dataset/raw/color/Tomato___Tomato_mosaic_virus/a4453e9a-4ede-4377-be38-fd77e9bf16f0___PSU_CG 2308.JPG,Tomato___Tomato_mosaic_virus,36
data/PlantVillage-Dataset/raw/color/Apple___Cedar_apple_rust/a523f082-e20a-40a4-b91a-6806b3794f29___FREC_C.Rust 3965.JPG,Apple___Cedar_apple_rust,2
"data/PlantVillage-Dataset/raw/color/Pepper,_bell___healthy/e00c6d8e-1363-4e9e-a30f-58c8972b1272___JR_HL 7636.JPG","Pepper,_bell___healthy",19
data/PlantVillage-Dataset/raw/color/Squash___Powdery_mildew/230049e1-c0ae-446e-a06b-7763a6c500e8___MD_Powd.M 0928.JPG,Squash___Powdery_mildew,25
data/PlantVillage-Dataset/raw/color/Tomato___Tomato_mosaic_virus/33f5422e-7889-4ab4-ab53-93507cc83f78___PSU_CG 2261.JPG,Tomato___Tomato_mosaic_virus,36
data/PlantVillage-Dataset/raw/color/Apple___Apple_scab/2f668a95-80ab-40ac-98ef-657bd85b668b___FREC_Scab 3247.JPG,Apple___Apple_scab,0
data/PlantVillage-Dataset/raw/color/Corn_(maize)___healthy/220d849c-1a18-4743-bf5f-a570d2759818___R.S_HL 7911 copy.jpg,Corn_(maize)___healthy,10
data/PlantVillage-Dataset/raw/color/Tomato___Bacterial_spot/39397863-767f-4187-b580-f4fb2279dfe6___GCREC_Bact.Sp 3687.JPG,Tomato___Bacterial_spot,28
data/PlantVillage-Dataset/raw/color/Orange___Haunglongbing_(Citrus_greening)/b1367d2f-e61b-47cc-ac79-0c4e65ed1345___CREC_HLB 5408.JPG,Orange___Haunglongbing_(Citrus_greening),15
data/PlantVillage-Dataset/raw/color/Apple___healthy/0a285c8b-1c31-48d4-89f2-af8b9edc36f6___RS_HL 5759.JPG,Apple___healthy,3
data/PlantVillage-Dataset/raw/color/Apple___Cedar_apple_rust/3f9bd33d-ceeb-49fa-8874-d9cc013ca018___FREC_C.Rust 4183.JPG,Apple___Cedar_apple_rust,2
data/PlantVillage-Dataset/raw/color/Soybean___healthy/a85a16f9-cb7c-4949-94d3-9067f93e8866___RS_HL 2993.JPG,Soybean___healthy,24
data/PlantVillage-Dataset/raw/color/Tomato___Bacterial_spot/475758ba-01a6-41f7-abe4-81f2fff399b4___UF.GRC_BS_Lab Leaf 9185.JPG,Tomato___Bacterial_spot,28
data/PlantVillage-Dataset/raw/color/Blueberry___healthy/ae75ae2b-06bd-4397-bb2d-5f937bda687d___RS_HL 2645.JPG,Blueberry___healthy,4
data/PlantVillage-Dataset/raw/color/Tomato___Bacterial_spot/2f48b422-e9b2-4143-8b7f-c44cea6fb2fd___UF.GRC_BS_Lab Leaf 0450.JPG,Tomato___Bacterial_spot,28
data/PlantVillage-Dataset/raw/color/Tomato___Late_blight/aa25e72b-b191-4fa8-99d6-6a8cbefbcaf4___RS_Late.B 6277.JPG,Tomato___Late_blight,30
data/PlantVillage-Dataset/raw/color/Strawberry___healthy/fd603558-801c-43bc-94c7-07bcd78814a5___RS_HL 4485.JPG,Strawberry___healthy,27
data/PlantVillage-Dataset/raw/color/Corn_(maize)___healthy/c5bb2153-fbb8-4394-a911-1fbe186cafe5___R.S_HL 8044 copy 2.jpg,Corn_(maize)___healthy,10
data/PlantVillage-Dataset/raw/color/Tomato___Late_blight/fcfe91fc-c578-4c6d-8fe4-b8ff4cfdb766___GHLB2 Leaf 75.1.JPG,Tomato___Late_blight,30
data/PlantVillage-Dataset/raw/color/Corn_(maize)___Northern_Leaf_Blight/747fb09f-a7c2-4465-833f-537b32edd8ea___RS_NLB 4123.JPG,Corn_(maize)___Northern_Leaf_Blight,9
data/PlantVillage-Dataset/raw/color/Potato___Early_blight/ea403e5a-34b3-4b06-a94d-65ad2e78831f___RS_Early.B 8136.JPG,Potato___Early_blight,20
data/PlantVillage-Dataset/raw/color/Potato___Late_blight/357bfc61-bb46-4e77-b9eb-eafdd3af7f6f___RS_LB 3082.JPG,Potato___Late_blight,21
data/PlantVillage-Dataset/raw/color/Tomato___Spider_mites Two-spotted_spider_mite/0ade19e4-c48b-4e58-bddf-153d44d48c3e___Com.G_SpM_FL 9449.JPG,Tomato___Spider_mites Two-spotted_spider_mite,33
data/PlantVillage-Dataset/raw/color/Apple___Black_rot/1cdac481-1275-4228-a2ca-e3deaf268ffc___JR_FrgE.S 2897.JPG,Apple___Black_rot,1
data/PlantVillage-Dataset/raw/color/Grape___Black_rot/0bfeae5e-878a-45ac-b62c-fbdfa9577874___FAM_B.Rot 0501.JPG,Grape___Black_rot,11
data/PlantVillage-Dataset/raw/color/Grape___Esca_(Black_Measles)/95a42fdb-444d-4152-920b-c62529b47454___FAM_B.Msls 1824.JPG,Grape___Esca_(Black_Measles),12
data/PlantVillage-Dataset/raw/color/Corn_(maize)___Cercospora_leaf_spot Gray_leaf_spot/40dceef3-f53b-4132-87c0-69bf1046f8c4___RS_GLSp 9362.JPG,Corn_(maize)___Cercospora_leaf_spot Gray_leaf_spot,7
data/PlantVillage-Dataset/raw/color/Potato___Late_blight/24482fe2-5139-4f73-909e-9ea4a3d8bf5d___RS_LB 4733.JPG,Potato___Late_blight,21
data/PlantVillage-Dataset/raw/color/Tomato___Tomato_mosaic_virus/f81551fc-f506-4217-8e73-0e81501ffa36___PSU_CG 2389.JPG,Tomato___Tomato_mosaic_virus,36
data/PlantVillage-Dataset/raw/color/Tomato___Bacterial_spot/49b9840f-d9f1-42cc-92ad-96bbbd8bf9b2___GCREC_Bact.Sp 6379.JPG,Tomato___Bacterial_spot,28
data/PlantVillage-Dataset/raw/color/Potato___Early_blight/41eccd84-6a67-4b04-ae69-59c1bcf17728___RS_Early.B 7964.JPG,Potato___Early_blight,20
data/PlantVillage-Dataset/raw/color/Corn_(maize)___Cercospora_leaf_spot Gray_leaf_spot/9d3711f5-7b4a-4d56-8455-f092daf27a01___RS_GLSp 4306.JPG,Corn_(maize)___Cercospora_leaf_spot Gray_leaf_spot,7
data/PlantVillage-Dataset/raw/color/Strawberry___Leaf_scorch/bc27498b-e23c-4f4f-b2ac-5202de687ef5___RS_L.Scorch 9955.JPG,Strawberry___Leaf_scorch,26
data/PlantVillage-Dataset/raw/color/Tomato___Tomato_mosaic_virus/9876590b-d8fd-48b0-9b48-c8ed707db6f8___PSU_CG 2127.JPG,Tomato___Tomato_mosaic_virus,36
"data/PlantVillage-Dataset/raw/color/Pepper,_bell___Bacterial_spot/162f0add-8d7d-477f-a724-cdfc2cc7de77___NREC_B.Spot 9154.JPG","Pepper,_bell___Bacterial_spot",18
data/PlantVillage-Dataset/raw/color/Apple___healthy/0b6ec66f-fe63-4eef-8068-cf8ed0baf0de___RS_HL 7482.JPG,Apple___healthy,3
data/PlantVillage-Dataset/raw/color/Tomato___Leaf_Mold/c9bdd302-7a60-43a7-9850-b48861d021b4___Crnl_L.Mold 7129.JPG,Tomato___Leaf_Mold,31
data/PlantVillage-Dataset/raw/color/Apple___healthy/cb2820ba-baab-455a-8830-df6f53bbb580___RS_HL 6097.JPG,Apple___healthy,3
data/PlantVillage-Dataset/raw/color/Grape___Leaf_blight_(Isariopsis_Leaf_Spot)/581d1b61-8c59-4470-9985-6f4d53750aca___FAM_L.Blight 1398.JPG,Grape___Leaf_blight_(Isariopsis_Leaf_Spot),13
data/PlantVillage-Dataset/raw/color/Tomato___Spider_mites Two-spotted_spider_mite/88b7e7b3-a94a-449c-8a7b-ed96ec541690___Com.G_SpM_FL 8437.JPG,Tomato___Spider_mites Two-spotted_spider_mite,33
"data/PlantVillage-Dataset/raw/color/Pepper,_bell___healthy/08203033-de6c-41fc-b5d2-ea5d3ac9da4f___JR_HL 5854.JPG","Pepper,_bell___healthy",19
data/PlantVillage-Dataset/raw/color/Corn_(maize)___Northern_Leaf_Blight/6f484030-13f8-4607-a036-ea329d1ef931___RS_NLB 4144.JPG,Corn_(maize)___Northern_Leaf_Blight,9
data/PlantVillage-Dataset/raw/color/Tomato___Tomato_mosaic_virus/2480c7f8-eb75-4606-bf92-24f09ac52a37___PSU_CG 2380.JPG,Tomato___Tomato_mosaic_virus,36
data/PlantVillage-Dataset/raw/color/Apple___Apple_scab/2d329823-7ad5-4189-89b7-4bdf24f9c393___FREC_Scab 3507.JPG,Apple___Apple_scab,0
data/PlantVillage-Dataset/raw/color/Strawberry___Leaf_scorch/b882a8dc-1956-448f-890a-fd188b7cc194___RS_L.Scorch 1010.JPG,Strawberry___Leaf_scorch,26
data/PlantVillage-Dataset/raw/color/Tomato___Early_blight/e63371a7-2fb1-4446-9fb2-6d679485d2b0___RS_Erly.B 8415.JPG,Tomato___Early_blight,29
data/PlantVillage-Dataset/raw/color/Cherry_(including_sour)___healthy/f0fff559-2c33-4f20-8a41-e8d612e9f24f___JR_HL 4286.JPG,Cherry_(including_sour)___healthy,6
data/PlantVillage-Dataset/raw/color/Tomato___healthy/54a6ab64-9e7f-4126-8497-857c7c339a80___RS_HL 0461.JPG,Tomato___healthy,37
data/PlantVillage-Dataset/raw/color/Squash___Powdery_mildew/809a99b4-cd52-4589-989b-116a22e6b021___MD_Powd.M 0463.JPG,Squash___Powdery_mildew,25
data/PlantVillage-Dataset/raw/color/Apple___Cedar_apple_rust/87ea6ae6-eaf6-468d-85cd-cded92ba526f___FREC_C.Rust 9963.JPG,Apple___Cedar_apple_rust,2
data/PlantVillage-Dataset/raw/color/Corn_(maize)___Common_rust_/RS_Rust 2413.JPG,Corn_(maize)___Common_rust_,8
data/PlantVillage-Dataset/raw/color/Tomato___Tomato_mosaic_virus/d398ca36-5b67-4690-a2d2-53380e63c4bb___PSU_CG 2085.JPG,Tomato___Tomato_mosaic_virus,36
data/PlantVillage-Dataset/raw/color/Tomato___healthy/a5de43e7-fc2f-4a14-a8e6-c0f2f94c84f1___GH_HL Leaf 434.JPG,Tomato___healthy,37
data/PlantVillage-Dataset/raw/color/Strawberry___Leaf_scorch/c509f71c-89c1-42a3-81e4-efb7958d6911___RS_L.Scorch 0813.JPG,Strawberry___Leaf_scorch,26
data/PlantVillage-Dataset/raw/color/Tomato___Bacterial_spot/7236e643-bb0f-475e-8bb6-41981fc696f4___UF.GRC_BS_Lab Leaf 8747.JPG,Tomato___Bacterial_spot,28
data/PlantVillage-Dataset/raw/color/Tomato___Leaf_Mold/d9dbc294-2f3a-409f-a238-218c4700d011___Crnl_L.Mold 8748.JPG,Tomato___Leaf_Mold,31
data/PlantVillage-Dataset/raw/color/Grape___Black_rot/d045079f-ca24-4e40-b203-7c70608c9d02___FAM_B.Rot 0665.JPG,Grape___Black_rot,11
"data/PlantVillage-Dataset/raw/color/Pepper,_bell___Bacterial_spot/cfcbe58e-1fee-4156-b375-1b4550718470___JR_B.Spot 3284.JPG","Pepper,_bell___Bacterial_spot",18
data/PlantVillage-Dataset/raw/color/Tomato___Early_blight/c8dd6713-727e-4811-b951-e70e44d0c483___RS_Erly.B 7817.JPG,Tomato___Early_blight,29
data/PlantVillage-Dataset/raw/color/Tomato___Tomato_Yellow_Leaf_Curl_Virus/ddbd7ee2-3225-442c-bcc0-199c96048899___YLCV_GCREC 2357.JPG,Tomato___Tomato_Yellow_Leaf_Curl_Virus,35
data/PlantVillage-Dataset/raw/color/Tomato___Leaf_Mold/629b73e7-834a-4b53-a164-bdc3a2030417___Crnl_L.Mold 8816.JPG,Tomato___Leaf_Mold,31
data/PlantVillage-Dataset/raw/color/Strawberry___healthy/c7d30b99-4e9d-4615-b1f4-bcc93ecb7919___RS_HL 4778.JPG,Strawberry___healthy,27
data/PlantVillage-Dataset/raw/color/Peach___Bacterial_spot/15ee66bd-5798-45b6-b37d-d6fbce4b6e3b___Rutg._Bact.S 2144.JPG,Peach___Bacterial_spot,16
data/PlantVillage-Dataset/raw/color/Blueberry___healthy/61375e09-4dc0-4e0b-962a-21528764f4c7___RS_HL 0704.JPG,Blueberry___healthy,4
data/PlantVillage-Dataset/raw/color/Cherry_(including_sour)___healthy/559408d6-2cd2-4fdb-9f45-fe0f7c23348c___JR_HL 9760.JPG,Cherry_(including_sour)___healthy,6
data/PlantVillage-Dataset/raw/color/Potato___Early_blight/12ebe6fe-c8ce-4a00-866f-8776aca75159___RS_Early.B 6873.JPG,Potato___Early_blight,20
data/PlantVillage-Dataset/raw/color/Corn_(maize)___healthy/e02d16a0-9933-4ec4-9904-de703aee599e___R.S_HL 8159 copy 2.jpg,Corn_(maize)___healthy,10
data/PlantVillage-Dataset/raw/color/Cherry_(including_sour)___healthy/cf616072-4062-498e-b524-a1705681351f___JR_HL 9868.JPG,Cherry_(including_sour)___healthy,6
data/PlantVillage-Dataset/raw/color/Grape___Esca_(Black_Measles)/f9e452d3-c5a1-4670-907e-b1498c25a872___FAM_B.Msls 4456.JPG,Grape___Esca_(Black_Measles),12
data/PlantVillage-Dataset/raw/color/Raspberry___healthy/8b13b5cd-a34f-4f4d-9e3b-cd7a113c65f5___Mary_HL 6314.JPG,Raspberry___healthy,23
data/PlantVillage-Dataset/raw/color/Squash___Powdery_mildew/5c8c5add-8e65-425a-b1a1-5401a32a2368___MD_Powd.M 0381.JPG,Squash___Powdery_mildew,25
data/PlantVillage-Dataset/raw/color/Apple___healthy/123de292-f902-404e-bfc9-3f248342f418___RS_HL 7542.JPG,Apple___healthy,3
data/PlantVillage-Dataset/raw/color/Apple___healthy/468c07f3-8ac1-4b0f-8e10-f97a7b41f4f9___RS_HL 7661.JPG,Apple___healthy,3
data/PlantVillage-Dataset/raw/color/Potato___healthy/23f1ab77-d664-49c4-92eb-41eb66c6d101___RS_HL 4169.JPG,Potato___healthy,22
data/PlantVillage-Dataset/raw/color/Peach___Bacterial_spot/94179a48-d43f-4902-8d1c-529ea9e03274___Rut._Bact.S 3372.JPG,Peach___Bacterial_spot,16
data/PlantVillage-Dataset/raw/color/Orange___Haunglongbing_(Citrus_greening)/24059a6b-a8af-4f50-b16a-3aa83be8bc77___CREC_HLB 6971.JPG,Orange___Haunglongbing_(Citrus_greening),15
data/PlantVillage-Dataset/raw/color/Tomato___healthy/b4c862d2-74e7-44c7-be0e-226be86da648___RS_HL 9725.JPG,Tomato___healthy,37
data/PlantVillage-Dataset/raw/color/Cherry_(including_sour)___Powdery_mildew/fc5a6065-20bd-440d-92fd-03457bdb8614___FREC_Pwd.M 4589.JPG,Cherry_(including_sour)___Powdery_mildew,5
data/PlantVillage-Dataset/raw/color/Tomato___Bacterial_spot/8ce30140-8d8b-4a58-81f1-8efd2655a907___GCREC_Bact.Sp 3180.JPG,Tomato___Bacterial_spot,28
data/PlantVillage-Dataset/raw/color/Tomato___Tomato_mosaic_virus/dccceb76-131a-4ce3-a864-5e46cf863c09___PSU_CG 2336.JPG,Tomato___Tomato_mosaic_virus,36
data/PlantVillage-Dataset/raw/color/Tomato___Bacterial_spot/7cf98788-6726-455c-9b6b-0163e80d4c0d___GCREC_Bact.Sp 3733.JPG,Tomato___Bacterial_spot,28
data/PlantVillage-Dataset/raw/color/Grape___Esca_(Black_Measles)/dcb92793-7506-4373-a8ec-4abd4befc940___FAM_B.Msls 0930.JPG,Grape___Esca_(Black_Measles),12
data/PlantVillage-Dataset/raw/color/Tomato___Bacterial_spot/7007f29f-6c4d-4b83-9bec-6e711d6fa7e0___UF.GRC_BS_Lab Leaf 0722.JPG,Tomato___Bacterial_spot,28
data/PlantVillage-Dataset/raw/color/Corn_(maize)___healthy/508527ca-609b-427f-9b08-7ac3f3d45034___R.S_HL 8112 copy 2.jpg,Corn_(maize)___healthy,10
data/PlantVillage-Dataset/raw/color/Apple___Apple_scab/8a212787-77fb-40dc-a028-92d5ff2d6c7c___FREC_Scab 3043.JPG,Apple___Apple_scab,0
data/PlantVillage-Dataset/raw/color/Cherry_(including_sour)___Powdery_mildew/4aaa4317-e0d2-4068-9416-0138cc27325a___FREC_Pwd.M 4607.JPG,Cherry_(including_sour)___Powdery_mildew,5
data/PlantVillage-Dataset/raw/color/Potato___Early_blight/37c72e1c-7981-4d84-9587-f5014b609230___RS_Early.B 7457.JPG,Potato___Early_blight,20
data/PlantVillage-Dataset/raw/color/Blueberry___healthy/f5afb3e1-9f3e-4008-9f37-98548360dde0___RS_HL 0528.JPG,Blueberry___healthy,4
data/PlantVillage-Dataset/raw/color/Raspberry___healthy/e1b5fa88-4c95-4845-a422-20c96d77b384___Mary_HL 9229.JPG,Raspberry___healthy,23
data/PlantVillage-Dataset/raw/color/Potato___healthy/b28c43f9-5844-4e9b-86bf-36bc114cae07___RS_HL 1736.JPG,Potato___healthy,22
data/PlantVillage-Dataset/raw/color/Tomato___Tomato_mosaic_virus/f7d8d2a1-2cc6-41e7-9626-76ddf51e7a8b___PSU_CG 2179.JPG,Tomato___Tomato_mosaic_virus,36
data/PlantVillage-Dataset/raw/color/Grape___Esca_(Black_Measles)/6c6e0066-626b-4503-b40c-68e9ca4343c4___FAM_B.Msls 1837.JPG,Grape___Esca_(Black_Measles),12
data/PlantVillage-Dataset/raw/color/Tomato___Leaf_Mold/77451675-72f4-41be-9e1f-698f7bb5d7bc___Crnl_L.Mold 7032.JPG,Tomato___Leaf_Mold,31
data/PlantVillage-Dataset/raw/color/Cherry_(including_sour)___healthy/9157434b-8dce-4726-9187-1911302312b9___JR_HL 4053.JPG,Cherry_(including_sour)___healthy,6
data/PlantVillage-Dataset/raw/color/Tomato___Leaf_Mold/a36f9c7a-b964-452c-988b-e45e49da61cf___Crnl_L.Mold 8706.JPG,Tomato___Leaf_Mold,31
data/PlantVillage-Dataset/raw/color/Potato___healthy/b35b9f8b-daca-4d12-a5be-defe68d0acc5___RS_HL 1903.JPG,Potato___healthy,22
data/PlantVillage-Dataset/raw/color/Grape___Black_rot/5ea46817-2610-4fe8-b3d5-3a9e21870972___FAM_B.Rot 0605.JPG,Grape___Black_rot,11
data/PlantVillage-Dataset/raw/color/Cherry_(including_sour)___healthy/3ca64926-0979-496f-a49b-1bdf04af6072___JR_HL 4065.JPG,Cherry_(including_sour)___healthy,6
data/PlantVillage-Dataset/raw/color/Tomato___Early_blight/d98cdabc-9183-4829-aa46-d40538d25462___RS_Erly.B 7554.JPG,Tomato___Early_blight,29
data/PlantVillage-Dataset/raw/color/Corn_(maize)___Northern_Leaf_Blight/42e5960b-f56e-430d-b729-e48a543a136f___RS_NLB 4072.JPG,Corn_(maize)___Northern_Leaf_Blight,9
"data/PlantVillage-Dataset/raw/color/Pepper,_bell___Bacterial_spot/0719e8e8-c1ae-4d5a-b29c-dbadc36d13f3___NREC_B.Spot 1947.JPG","Pepper,_bell___Bacterial_spot",18
data/PlantVillage-Dataset/raw/color/Tomato___Target_Spot/300a1a92-1ef2-4e5f-914a-58cb34268f89___Com.G_TgS_FL 9787.JPG,Tomato___Target_Spot,34
data/PlantVillage-Dataset/raw/color/Grape___Black_rot/1265c7db-f189-48ca-8a41-f894c763925a___FAM_B.Rot 0573.JPG,Grape___Black_rot,11
data/PlantVillage-Dataset/raw/color/Apple___Black_rot/33f2ada7-3d14-4a85-9601-126da3eac03f___JR_FrgE.S 3022.JPG,Apple___Black_rot,1
data/PlantVillage-Dataset/raw/color/Apple___Black_rot/0f3d45f4-e121-42cd-a5b6-be2f866a0574___JR_FrgE.S 2870.JPG,Apple___Black_rot,1
data/PlantVillage-Dataset/raw/color/Corn_(maize)___Northern_Leaf_Blight/15803dee-8071-49f1-81b6-fd3dedbc1c58___RS_NLB 4020 copy.jpg,Corn_(maize)___Northern_Leaf_Blight,9
data/PlantVillage-Dataset/raw/color/Soybean___healthy/eca16e5e-770a-480c-80a9-215ee7f6b7d6___RS_HL 3212.JPG,Soybean___healthy,24
data/PlantVillage-Dataset/raw/color/Peach___healthy/6544ed11-a701-4a1a-8b7c-9cfbdfd8154c___Rutg._HL 3607.JPG,Peach___healthy,17
data/PlantVillage-Dataset/raw/color/Tomato___Target_Spot/7c74577b-b663-4c28-be70-bbb4c6ae88e6___Com.G_TgS_FL 1111.JPG,Tomato___Target_Spot,34
data/PlantVillage-Dataset/raw/color/Peach___Bacterial_spot/7a150d22-e5ed-4dee-9584-52650f59ab33___Rut._Bact.S 1520.JPG,Peach___Bacterial_spot,16
data/PlantVillage-Dataset/raw/color/Tomato___Leaf_Mold/7922fafa-294f-4a34-999a-040d1a1a1d44___Crnl_L.Mold 6771.JPG,Tomato___Leaf_Mold,31
data/PlantVillage-Dataset/raw/color/Tomato___Leaf_Mold/5f3285ca-687c-4466-8581-93eb7d8a6af5___Crnl_L.Mold 6686.JPG,Tomato___Leaf_Mold,31
data/PlantVillage-Dataset/raw/color/Tomato___Bacterial_spot/526959cc-f05a-46fb-8625-ed60fdac30cd___GCREC_Bact.Sp 3032.JPG,Tomato___Bacterial_spot,28
data/PlantVillage-Dataset/raw/color/Apple___Apple_scab/f8ef99d9-9d01-4aeb-9248-e8c312c9a981___FREC_Scab 3129.JPG,Apple___Apple_scab,0
"data/PlantVillage-Dataset/raw/color/Pepper,_bell___Bacterial_spot/e230f529-47b2-4841-9b10-2447be1b31da___NREC_B.Spot 9118.JPG","Pepper,_bell___Bacterial_spot",18
data/PlantVillage-Dataset/raw/color/Corn_(maize)___Common_rust_/RS_Rust 1887.JPG,Corn_(maize)___Common_rust_,8
data/PlantVillage-Dataset/raw/color/Grape___Black_rot/0abb363c-2365-4816-a6c4-ce4bac6ffc38___FAM_B.Rot 3122.JPG,Grape___Black_rot,11
data/PlantVillage-Dataset/raw/color/Tomato___Septoria_leaf_spot/4271d0f3-743c-4006-b9e6-fbee7ab28ec7___Matt.S_CG 7484.JPG,Tomato___Septoria_leaf_spot,32
data/PlantVillage-Dataset/raw/color/Strawberry___healthy/64531481-3721-4073-879e-d1db62204a2f___RS_HL 1932.JPG,Strawberry___healthy,27
data/PlantVillage-Dataset/raw/color/Grape___Leaf_blight_(Isariopsis_Leaf_Spot)/8ef47bf0-a5e6-417b-aeee-8258c743b892___FAM_L.Blight 4938.JPG,Grape___Leaf_blight_(Isariopsis_Leaf_Spot),13
data/PlantVillage-Dataset/raw/color/Orange___Haunglongbing_(Citrus_greening)/9362cbc1-ff89-4847-93c8-d91dc1f54688___CREC_HLB 7353.JPG,Orange___Haunglongbing_(Citrus_greening),15
data/PlantVillage-Dataset/raw/color/Corn_(maize)___Northern_Leaf_Blight/0569f31d-50e6-479a-bd60-4e3282c152e4___RS_NLB 3599.JPG,Corn_(maize)___Northern_Leaf_Blight,9
data/PlantVillage-Dataset/raw/color/Soybean___healthy/26d305e8-149e-4ace-82f7-a92d26689165___RS_HL 5662.JPG,Soybean___healthy,24
data/PlantVillage-Dataset/raw/color/Corn_(maize)___Common_rust_/RS_Rust 2498.JPG,Corn_(maize)___Common_rust_,8
"data/PlantVillage-Dataset/raw/color/Pepper,_bell___Bacterial_spot/6b1b260e-fab5-4a73-936c-5592119c13fe___NREC_B.Spot 1952.JPG","Pepper,_bell___Bacterial_spot",18
data/PlantVillage-Dataset/raw/color/Grape___healthy/00e00912-bf75-4cf8-8b7d-ad64b73bea5f___Mt.N.V_HL 6067.JPG,Grape___healthy,14
data/PlantVillage-Dataset/raw/color/Raspberry___healthy/479f93df-1351-41a1-b953-0453b3b66227___Mary_HL 6219.JPG,Raspberry___healthy,23
data/PlantVillage-Dataset/raw/color/Corn_(maize)___Common_rust_/RS_Rust 1901.JPG,Corn_(maize)___Common_rust_,8
data/PlantVillage-Dataset/raw/color/Tomato___Tomato_Yellow_Leaf_Curl_Virus/e00c7101-9f63-45fe-970c-b48e425d554c___YLCV_NREC 2899.JPG,Tomato___Tomato_Yellow_Leaf_Curl_Virus,35
"data/PlantVillage-Dataset/raw/color/Pepper,_bell___Bacterial_spot/43aa27d3-3a37-4245-8b20-984512abfc6c___JR_B.Spot 3386.JPG","Pepper,_bell___Bacterial_spot",18
data/PlantVillage-Dataset/raw/color/Blueberry___healthy/2f677184-b22d-4088-85f8-2cb0a8380269___RS_HL 2560.JPG,Blueberry___healthy,4
data/PlantVillage-Dataset/raw/color/Tomato___Target_Spot/b3201f15-9503-436f-889e-c71663ca0b2c___Com.G_TgS_FL 9691.JPG,Tomato___Target_Spot,34
data/PlantVillage-Dataset/raw/color/Grape___healthy/14ffc2c7-87a8-4419-a250-a46593684397___Mt.N.V_HL 6095.JPG,Grape___healthy,14
data/PlantVillage-Dataset/raw/color/Cherry_(including_sour)___healthy/930752b3-ce70-40c3-8183-ed444e2cae17___JR_HL 3999.JPG,Cherry_(including_sour)___healthy,6
data/PlantVillage-Dataset/raw/color/Tomato___Target_Spot/8b0db49a-127f-47e5-b942-a869a028903a___Com.G_TgS_FL 0717.JPG,Tomato___Target_Spot,34
data/PlantVillage-Dataset/raw/color/Grape___healthy/0708190e-d6a1-4186-8428-1cd816419bfd___Mt.N.V_HL 9017.JPG,Grape___healthy,14
data/PlantVillage-Dataset/raw/color/Tomato___Bacterial_spot/f103eb02-d5b1-4601-8de4-674286ee8a6c___GCREC_Bact.Sp 6129.JPG,Tomato___Bacterial_spot,28
data/PlantVillage-Dataset/raw/color/Potato___Early_blight/13cfb9dc-8951-44c0-8c16-e96fd6ccc659___RS_Early.B 7070.JPG,Potato___Early_blight,20
data/PlantVillage-Dataset/raw/color/Tomato___Early_blight/b69edd18-e303-41b5-92a7-769154106917___RS_Erly.B 7587.JPG,Tomato___Early_blight,29
data/PlantVillage-Dataset/raw/color/Grape___Esca_(Black_Measles)/6e2af83a-9b10-47b6-b053-d5e858a5e25b___FAM_B.Msls 1312.JPG,Grape___Esca_(Black_Measles),12
data/PlantVillage-Dataset/raw/color/Grape___Black_rot/e4855d02-b355-4468-9e76-e46b062813a3___FAM_B.Rot 3215.JPG,Grape___Black_rot,11
data/PlantVillage-Dataset/raw/color/Tomato___Leaf_Mold/f42103cc-e7e6-4b18-97cb-e78b1bf0395f___Crnl_L.Mold 6819.JPG,Tomato___Leaf_Mold,31
data/PlantVillage-Dataset/raw/color/Cherry_(including_sour)___healthy/4a4c92aa-54e7-4a06-a18c-a399fcc4a649___JR_HL 4064.JPG,Cherry_(including_sour)___healthy,6
data/PlantVillage-Dataset/raw/color/Peach___Bacterial_spot/47ae9262-39b8-4368-9d5e-bb1fbdb95dbd___Rutg._Bact.S 1178.JPG,Peach___Bacterial_spot,16
data/PlantVillage-Dataset/raw/color/Tomato___Tomato_Yellow_Leaf_Curl_Virus/0120b8af-1482-4af9-85d1-a2bfe24c6985___UF.GRC_YLCV_Lab 02748.JPG,Tomato___Tomato_Yellow_Leaf_Curl_Virus,35
data/PlantVillage-Dataset/raw/color/Potato___Early_blight/906bb6f0-e61b-42f2-83a9-22593dadcedc___RS_Early.B 8564.JPG,Potato___Early_blight,20
data/PlantVillage-Dataset/raw/color/Tomato___Tomato_Yellow_Leaf_Curl_Virus/089806a4-72a6-4a9d-aed1-5ae29f2bfa2e___YLCV_NREC 2193.JPG,Tomato___Tomato_Yellow_Leaf_Curl_Virus,35
data/PlantVillage-Dataset/raw/color/Orange___Haunglongbing_(Citrus_greening)/9acd639b-48d2-43ca-b677-e3ce89296be5___CREC_HLB 5552.JPG,Orange___Haunglongbing_(Citrus_greening),15
data/PlantVillage-Dataset/raw/color/Tomato___Tomato_Yellow_Leaf_Curl_Virus/fc8c58be-8910-4fc4-a846-16baf3fbac5f___UF.GRC_YLCV_Lab 03128.JPG,Tomato___Tomato_Yellow_Leaf_Curl_Virus,35
data/PlantVillage-Dataset/raw/color/Peach___healthy/a79301ce-a47a-453f-8154-5902cfa3be0e___Rutg._HL 3746.JPG,Peach___healthy,17
data/PlantVillage-Dataset/raw/color/Apple___Apple_scab/ad6539ea-7bc6-4f4a-810f-63ee95db8bfe___FREC_Scab 3184.JPG,Apple___Apple_scab,0
data/PlantVillage-Dataset/raw/color/Peach___healthy/afb24333-036f-4939-a71c-60bd6762d219___Rutg._HL 3585.JPG,Peach___healthy,17
data/PlantVillage-Dataset/raw/color/Grape___Black_rot/86192071-649f-475a-9c25-968bbd2c0770___FAM_B.Rot 3003.JPG,Grape___Black_rot,11
data/PlantVillage-Dataset/raw/color/Tomato___healthy/d461b7c8-4c81-4309-8ccd-4400ddbb25aa___RS_HL 0586.JPG,Tomato___healthy,37
data/PlantVillage-Dataset/raw/color/Potato___healthy/ef7005dc-1d44-412e-b858-145a2d7a6fa9___RS_HL 1951.JPG,Potato___healthy,22
data/PlantVillage-Dataset/raw/color/Apple___healthy/cb368d24-b5a9-4056-8515-096c649d4007___RS_HL 7752.JPG,Apple___healthy,3
data/PlantVillage-Dataset/raw/color/Tomato___Target_Spot/76cefc70-6454-4dd0-bd4d-fddb3d129bed___Com.G_TgS_FL 1057.JPG,Tomato___Target_Spot,34
data/PlantVillage-Dataset/raw/color/Potato___Early_blight/f8de1c8d-67a0-4825-9ad6-e15809ff909c___RS_Early.B 7348.JPG,Potato___Early_blight,20
data/PlantVillage-Dataset/raw/color/Potato___Early_blight/24ced43c-a862-4e3d-8300-dffd350de2c4___RS_Early.B 6957.JPG,Potato___Early_blight,20
data/PlantVillage-Dataset/raw/color/Grape___healthy/fc24bccd-6d46-48b8-9dad-99f7bc0e3eec___Mt.N.V_HL 6031.JPG,Grape___healthy,14
data/PlantVillage-Dataset/raw/color/Peach___Bacterial_spot/0483ec87-7965-49bb-b27b-a0125b7dc56a___Rut._Bact.S 0961.JPG,Peach___Bacterial_spot,16
data/PlantVillage-Dataset/raw/color/Cherry_(including_sour)___healthy/319abe40-ce3e-485c-8651-6c98f5f06e69___JR_HL 4069.JPG,Cherry_(including_sour)___healthy,6
data/PlantVillage-Dataset/raw/color/Strawberry___healthy/20dab82c-afc9-4e70-9334-b9245de1f537___RS_HL 2139.JPG,Strawberry___healthy,27
data/PlantVillage-Dataset/raw/color/Tomato___Bacterial_spot/d2cbc8f4-b632-47de-bc45-edeb4f0911f1___GCREC_Bact.Sp 5994.JPG,Tomato___Bacterial_spot,28
"data/PlantVillage-Dataset/raw/color/Pepper,_bell___Bacterial_spot/8695a15f-cdb4-444f-817b-7f4fc22a7a7a___NREC_B.Spot 9230.JPG","Pepper,_bell___Bacterial_spot",18
data/PlantVillage-Dataset/raw/color/Potato___Late_blight/c0a69909-e94c-4155-a008-20b5445c56d7___RS_LB 3909.JPG,Potato___Late_blight,21
data/PlantVillage-Dataset/raw/color/Squash___Powdery_mildew/b2f5e351-4295-4761-afa7-13bbc1508fcf___UMD_Powd.M 0560.JPG,Squash___Powdery_mildew,25
"data/PlantVillage-Dataset/raw/color/Pepper,_bell___healthy/673a3d34-3bf8-4b65-a5e4-bf1f02a32961___JR_HL 7646.JPG","Pepper,_bell___healthy",19
data/PlantVillage-Dataset/raw/color/Grape___Leaf_blight_(Isariopsis_Leaf_Spot)/d9c9a1d5-e149-44be-9f50-4ec44100c8eb___FAM_L.Blight 1427.JPG,Grape___Leaf_blight_(Isariopsis_Leaf_Spot),13
data/PlantVillage-Dataset/raw/color/Tomato___Bacterial_spot/cb4644f6-9f79-4cad-96e8-08da62d43550___GCREC_Bact.Sp 5732.JPG,Tomato___Bacterial_spot,28
data/PlantVillage-Dataset/raw/color/Grape___Leaf_blight_(Isariopsis_Leaf_Spot)/1742d75f-43fb-402b-a087-dccaa1930220___FAM_L.Blight 1635.JPG,Grape___Leaf_blight_(Isariopsis_Leaf_Spot),13
data/PlantVillage-Dataset/raw/color/Corn_(maize)___Common_rust_/RS_Rust 1808.JPG,Corn_(maize)___Common_rust_,8
data/PlantVillage-Dataset/raw/color/Tomato___Early_blight/8fd0e481-6590-4314-8dd9-975e5da774c8___RS_Erly.B 9559.JPG,Tomato___Early_blight,29
data/PlantVillage-Dataset/raw/color/Apple___Apple_scab/18ea82fd-4e16-416f-8ad9-54e0f6601693___FREC_Scab 3127.JPG,Apple___Apple_scab,0
data/PlantVillage-Dataset/raw/color/Corn_(maize)___Common_rust_/RS_Rust 1732.JPG,Corn_(maize)___Common_rust_,8
data/PlantVillage-Dataset/raw/color/Raspberry___healthy/6e1e9d62-fe33-4df9-8f02-8603c21b06a1___Mary_HL 9231.JPG,Raspberry___healthy,23
data/PlantVillage-Dataset/raw/color/Tomato___Tomato_mosaic_virus/3d028390-f367-423b-b0f7-a44e2cac2393___PSU_CG 2205.JPG,Tomato___Tomato_mosaic_virus,36
data/PlantVillage-Dataset/raw/color/Tomato___Late_blight/1e5ba644-efeb-4bd3-b878-a0606cf8a992___RS_Late.B 6272.JPG,Tomato___Late_blight,30
"data/PlantVillage-Dataset/raw/color/Pepper,_bell___Bacterial_spot/1d2949cc-b0fa-4a29-8540-2983230c34e9___JR_B.Spot 9017.JPG","Pepper,_bell___Bacterial_spot",18
data/PlantVillage-Dataset/raw/color/Potato___Early_blight/e3779bc5-a8e2-4be6-8e15-4a4713ab9531___RS_Early.B 8431.JPG,Potato___Early_blight,20
data/PlantVillage-Dataset/raw/color/Tomato___Tomato_Yellow_Leaf_Curl_Virus/2c19550b-7f01-4112-aa92-c12e601c940d___UF.GRC_YLCV_Lab 03362.JPG,Tomato___Tomato_Yellow_Leaf_Curl_Virus,35
data/PlantVillage-Dataset/raw/color/Peach___healthy/3af39eb1-8252-4443-b9aa-6c432e95ddd4___Rutg._HL 2434.JPG,Peach___healthy,17
data/PlantVillage-Dataset/raw/color/Apple___Cedar_apple_rust/accd43fa-2496-47ad-a24b-81da9e5f82b7___FREC_C.Rust 3783.JPG,Apple___Cedar_apple_rust,2
data/PlantVillage-Dataset/raw/color/Tomato___healthy/063d05a7-1a53-4631-818d-44b34126974e___GH_HL Leaf 453.JPG,Tomato___healthy,37
data/PlantVillage-Dataset/raw/color/Peach___Bacterial_spot/b5d6ea54-f948-4e84-bcb3-550e8d3fafdb___Rutg._Bact.S 1922.JPG,Peach___Bacterial_spot,16
data/PlantVillage-Dataset/raw/color/Peach___Bacterial_spot/a1fa06d2-2f2f-44df-a6cd-bf4d00d8a2cf___Rut._Bact.S 1053.JPG,Peach___Bacterial_spot,16
data/PlantVillage-Dataset/raw/color/Grape___Black_rot/636b8472-ce10-4889-a68f-c71d407768e6___FAM_B.Rot 3573.JPG,Grape___Black_rot,11
data/PlantVillage-Dataset/raw/color/Tomato___Spider_mites Two-spotted_spider_mite/e1170356-0933-423b-a247-fa0da8b52cea___Com.G_SpM_FL 1239.JPG,Tomato___Spider_mites Two-spotted_spider_mite,33
data/PlantVillage-Dataset/raw/color/Tomato___Target_Spot/841b9730-7ea0-4cae-8735-49f057be9d11___Com.G_TgS_FL 8062.JPG,Tomato___Target_Spot,34
data/PlantVillage-Dataset/raw/color/Soybean___healthy/188ca027-7d50-4969-9f74-116b40820f98___RS_HL 7261.JPG,Soybean___healthy,24
data/PlantVillage-Dataset/raw/color/Cherry_(including_sour)___Powdery_mildew/32f9b09e-963a-4724-99cc-d4b4adff9914___FREC_Pwd.M 0317.JPG,Cherry_(including_sour)___Powdery_mildew,5
data/PlantVillage-Dataset/raw/color/Potato___Late_blight/dc0ad08c-a096-4ad2-9a69-597c10e12f71___RS_LB 4869.JPG,Potato___Late_blight,21
data/PlantVillage-Dataset/raw/color/Raspberry___healthy/05f26de9-3f26-44f8-9ad4-cd83952399b3___Mary_HL 9140.JPG,Raspberry___healthy,23
data/PlantVillage-Dataset/raw/color/Corn_(maize)___Cercospora_leaf_spot Gray_leaf_spot/27db0747-841a-454c-aff6-cb506689cca9___RS_GLSp 9347.JPG,Corn_(maize)___Cercospora_leaf_spot Gray_leaf_spot,7
data/PlantVillage-Dataset/raw/color/Tomato___Spider_mites Two-spotted_spider_mite/cd69a28b-61e1-476c-8a44-9c584cde6c2a___Com.G_SpM_FL 9481.JPG,Tomato___Spider_mites Two-spotted_spider_mite,33
data/PlantVillage-Dataset/raw/color/Grape___Black_rot/8b250da7-5a16-406d-9a95-62a997bbfd21___FAM_B.Rot 3091.JPG,Grape___Black_rot,11
data/PlantVillage-Dataset/raw/color/Tomato___Early_blight/69ec13bc-48bf-4a91-adc0-acb4386979ac___RS_Erly.B 7732.JPG,Tomato___Early_blight,29
data/PlantVillage-Dataset/raw/color/Potato___healthy/923d4cc3-021a-4bcd-9f5f-1d6f69e4ad33___RS_HL 1888.JPG,Potato___healthy,22
data/PlantVillage-Dataset/raw/color/Blueberry___healthy/965e90ca-f57d-432b-a648-5cbe17584789___RS_HL 0703.JPG,Blueberry___healthy,4
data/PlantVillage-Dataset/raw/color/Potato___healthy/a5050bde-febc-4931-b31d-45c9652df318___RS_HL 5373.JPG,Potato___healthy,22
data/PlantVillage-Dataset/raw/color/Tomato___Tomato_mosaic_virus/db6ecf05-d8bd-431f-86d7-d3f5403eab81___PSU_CG 2408.JPG,Tomato___Tomato_mosaic_virus,36
data/PlantVillage-Dataset/raw/color/Grape___healthy/03492a0d-6ad7-42ec-a742-c2f1fa59499a___Mt.N.V_HL 6035.JPG,Grape___healthy,14
data/PlantVillage-Dataset/raw/color/Corn_(maize)___Cercospora_leaf_spot Gray_leaf_spot/89d03cba-77b6-4197-9993-434138cf6eba___RS_GLSp 7303.JPG,Corn_(maize)___Cercospora_leaf_spot Gray_leaf_spot,7
data/PlantVillage-Dataset/raw/color/Raspberry___healthy/5829c049-aa10-494a-9663-8ce0677e64f7___Mary_HL 6330.JPG,Raspberry___healthy,23
data/PlantVillage-Dataset/raw/color/Tomato___Early_blight/16dcb9cd-05ab-46d3-b76e-d19c16077a6a___RS_Erly.B 8345.JPG,Tomato___Early_blight,29
data/PlantVillage-Dataset/raw/color/Strawberry___Leaf_scorch/771dd036-852e-4e99-83c4-900bf47f2204___RS_L.Scorch 1018.JPG,Strawberry___Leaf_scorch,26
data/PlantVillage-Dataset/raw/color/Corn_(maize)___Common_rust_/RS_Rust 2469.JPG,Corn_(maize)___Common_rust_,8
data/PlantVillage-Dataset/raw/color/Corn_(maize)___Cercospora_leaf_spot Gray_leaf_spot/ad47f4e8-308f-4c56-b50b-19e4f7fedd6d___RS_GLSp 4583.JPG,Corn_(maize)___Cercospora_leaf_spot Gray_leaf_spot,7
data/PlantVillage-Dataset/raw/color/Blueberry___healthy/054d69b5-0b6e-4fd0-b36d-3fd9f2945182___RS_HL 2666.JPG,Blueberry___healthy,4
data/PlantVillage-Dataset/raw/color/Tomato___healthy/4777e41f-56f7-4f8f-9c81-33bd40ca1d0b___RS_HL 9875.JPG,Tomato___healthy,37
data/PlantVillage-Dataset/raw/color/Potato___Early_blight/b328c22c-c9c6-41fd-9bac-daf2f26143b1___RS_Early.B 6854.JPG,Potato___Early_blight,20
data/PlantVillage-Dataset/raw/color/Potato___Early_blight/6bb48ab5-6f0d-4bd8-a3c0-bf2b6d5ed936___RS_Early.B 7281.JPG,Potato___Early_blight,20
data/PlantVillage-Dataset/raw/color/Tomato___Leaf_Mold/ae1a8d9f-85a8-4d62-9700-b31bf1dd7a78___Crnl_L.Mold 8659.JPG,Tomato___Leaf_Mold,31
data/PlantVillage-Dataset/raw/color/Potato___Late_blight/3f3bd8d4-82d4-456c-a3fc-068a63710d52___RS_LB 4971.JPG,Potato___Late_blight,21
data/PlantVillage-Dataset/raw/color/Peach___Bacterial_spot/2e256ddc-3648-457b-a0a7-77bf6bc070d2___Rutg._Bact.S 1174.JPG,Peach___Bacterial_spot,16
data/PlantVillage-Dataset/raw/color/Tomato___healthy/20249fbb-29c5-40fb-985e-5a0b9f0e67b1___RS_HL 0117.JPG,Tomato___healthy,37
data/PlantVillage-Dataset/raw/color/Corn_(maize)___healthy/7de08764-f878-43c3-9b8e-99a57612174e___R.S_HL 0625 copy 2.jpg,Corn_(maize)___healthy,10
data/PlantVillage-Dataset/raw/color/Potato___Early_blight/ec4e730c-02c1-4b4e-b9fc-9387e2f30a8a___RS_Early.B 7701.JPG,Potato___Early_blight,20
data/PlantVillage-Dataset/raw/color/Tomato___Bacterial_spot/b1ad1aff-89ac-47fb-ba0b-d88f1517a63f___UF.GRC_BS_Lab Leaf 8824.JPG,Tomato___Bacterial_spot,28
data/PlantVillage-Dataset/raw/color/Cherry_(including_sour)___Powdery_mildew/e8abf13a-ddfe-4dd8-b397-9ac7484279cf___FREC_Pwd.M 0557.JPG,Cherry_(including_sour)___Powdery_mildew,5
data/PlantVillage-Dataset/raw/color/Apple___Cedar_apple_rust/a9c36955-73f5-43d5-9e1e-03672ed95b38___FREC_C.Rust 3893.JPG,Apple___Cedar_apple_rust,2
data/PlantVillage-Dataset/raw/color/Blueberry___healthy/3f3268c7-8c2c-4db8-8c78-4f8dbd7e0d5b___RS_HL 4924.JPG,Blueberry___healthy,4
data/PlantVillage-Dataset/raw/color/Corn_(maize)___Common_rust_/RS_Rust 2009.JPG,Corn_(maize)___Common_rust_,8
data/PlantVillage-Dataset/raw/color/Potato___Early_blight/a801f66c-b8bc-42e5-ad5b-99f68d219fa9___RS_Early.B 8552.JPG,Potato___Early_blight,20
data/PlantVillage-Dataset/raw/color/Tomato___Spider_mites Two-spotted_spider_mite/44755960-f542-4f8e-a1a0-94cf3cad8c21___Com.G_SpM_FL 1498.JPG,Tomato___Spider_mites Two-spotted_spider_mite,33
data/PlantVillage-Dataset/raw/color/Orange___Haunglongbing_(Citrus_greening)/f0d203ee-ba6f-4f63-a835-eb6753dbf572___CREC_HLB 6886.JPG,Orange___Haunglongbing_(Citrus_greening),15
data/PlantVillage-Dataset/raw/color/Peach___Bacterial_spot/85e0dbde-5505-4abd-8759-51d77ab165ff___Rut._Bact.S 3380.JPG,Peach___Bacterial_spot,16
data/PlantVillage-Dataset/raw/color/Potato___Late_blight/12e2c9b5-fbfc-4bc9-898b-86ead976a615___RS_LB 2702.JPG,Potato___Late_blight,21
data/PlantVillage-Dataset/raw/color/Cherry_(including_sour)___Powdery_mildew/783e28d7-3b7f-4b9c-81a0-99218f2d3f84___FREC_Pwd.M 4833.JPG,Cherry_(including_sour)___Powdery_mildew,5
data/PlantVillage-Dataset/raw/color/Corn_(maize)___Northern_Leaf_Blight/cd0b6059-1250-4230-bdd6-488f75143df6___RS_NLB 3596.JPG,Corn_(maize)___Northern_Leaf_Blight,9
data/PlantVillage-Dataset/raw/color/Tomato___Septoria_leaf_spot/722659bb-4ce3-4f02-9799-8adb171d194f___JR_Sept.L.S 8511.JPG,Tomato___Septoria_leaf_spot,32
data/PlantVillage-Dataset/raw/color/Cherry_(including_sour)___healthy/fe061ef6-f54a-4edd-8ac2-03a2397c6df8___JR_HL 4160.JPG,Cherry_(including_sour)___healthy,6
data/PlantVillage-Dataset/raw/color/Apple___Apple_scab/7c83792f-d375-42fb-a5a0-1bc2cb3a8eff___FREC_Scab 2914.JPG,Apple___Apple_scab,0
data/PlantVillage-Dataset/raw/color/Grape___Esca_(Black_Measles)/8980e3c5-1937-4acf-94aa-1c5d58e60404___FAM_B.Msls 1860.JPG,Grape___Esca_(Black_Measles),12
data/PlantVillage-Dataset/raw/color/Peach___healthy/8ff4c576-976d-4488-83a5-cc5a694028f5___Rutg._HL 3566.JPG,Peach___healthy,17
data/PlantVillage-Dataset/raw/color/Tomato___Septoria_leaf_spot/fc5b136a-102b-454a-8200-ddf85b2a0e52___Keller.St_CG 1898.JPG,Tomato___Septoria_leaf_spot,32
data/PlantVillage-Dataset/raw/color/Grape___Esca_(Black_Measles)/324974f4-6058-4cc1-9af3-ceaf3bc96867___FAM_B.Msls 1294.JPG,Grape___Esca_(Black_Measles),12
data/PlantVillage-Dataset/raw/color/Blueberry___healthy/4c7b7f86-9816-403a-98bc-1123dba9478e___RS_HL 0612.JPG,Blueberry___healthy,4
data/PlantVillage-Dataset/raw/color/Tomato___Septoria_leaf_spot/2b45f5a7-e6d1-4750-9e92-bda4c2ca8bf0___Matt.S_CG 7672.JPG,Tomato___Septoria_leaf_spot,32
data/PlantVillage-Dataset/raw/color/Apple___Black_rot/b0fce660-5598-4007-b8d0-7cbd643edb9e___JR_FrgE.S 2851.JPG,Apple___Black_rot,1
data/PlantVillage-Dataset/raw/color/Peach___Bacterial_spot/f265f491-f6b0-4142-a68b-97fd52d06d70___Rut._Bact.S 0993.JPG,Peach___Bacterial_spot,16
data/PlantVillage-Dataset/raw/color/Tomato___Septoria_leaf_spot/5be70ee0-f463-488c-b0e5-377994a0cf45___JR_Sept.L.S 2502.JPG,Tomato___Septoria_leaf_spot,32
data/PlantVillage-Dataset/raw/color/Soybean___healthy/59059c86-a7da-49ed-9934-87c6a5a80dcf___RS_HL 5754.JPG,Soybean___healthy,24
data/PlantVillage-Dataset/raw/color/Apple___Black_rot/57cbfc0a-6720-4672-bda8-e9ad59c0fefc___JR_FrgE.S 8651.JPG,Apple___Black_rot,1
data/PlantVillage-Dataset/raw/color/Corn_(maize)___Northern_Leaf_Blight/0e4a16ba-4a67-4d0d-8c54-79108e3ddae2___RS_NLB 4165.JPG,Corn_(maize)___Northern_Leaf_Blight,9
data/PlantVillage-Dataset/raw/color/Tomato___healthy/6e1abdb8-4020-48c9-9488-2d320e8d5a4d___RS_HL 0168.JPG,Tomato___healthy,37
data/PlantVillage-Dataset/raw/color/Apple___healthy/176a0917-16d8-43c6-8698-1ae095282e66___RS_HL 7903.JPG,Apple___healthy,3
data/PlantVillage-Dataset/raw/color/Tomato___Bacterial_spot/c772de4c-5514-4b6f-b136-bf73532c7332___GCREC_Bact.Sp 3571.JPG,Tomato___Bacterial_spot,28
data/PlantVillage-Dataset/raw/color/Tomato___Tomato_mosaic_virus/169a7634-85a7-4096-85a3-4e75de98defe___PSU_CG 2226.JPG,Tomato___Tomato_mosaic_virus,36
data/PlantVillage-Dataset/raw/color/Corn_(maize)___Cercospora_leaf_spot Gray_leaf_spot/8858dd29-eac0-443a-8213-425bbe223f7e___RS_GLSp 7334.JPG,Corn_(maize)___Cercospora_leaf_spot Gray_leaf_spot,7
data/PlantVillage-Dataset/raw/color/Strawberry___healthy/ce36f5b8-cffb-49d5-9cf1-e8505de98fc6___RS_HL 1649.JPG,Strawberry___healthy,27
data/PlantVillage-Dataset/raw/color/Grape___Leaf_blight_(Isariopsis_Leaf_Spot)/8bb44bd5-52f7-416d-98bf-f95ec6ca4d99___FAM_L.Blight 1581.JPG,Grape___Leaf_blight_(Isariopsis_Leaf_Spot),13
data/PlantVillage-Dataset/raw/color/Grape___Black_rot/52018b03-b024-4eb9-b19e-b62fd70a2523___FAM_B.Rot 5037.JPG,Grape___Black_rot,11
data/PlantVillage-Dataset/raw/color/Peach___healthy/f5820967-2eb3-41d7-98e4-3e05d7c4d391___Rutg._HL 3570.JPG,Peach___healthy,17
data/PlantVillage-Dataset/raw/color/Tomato___Tomato_mosaic_virus/3671c4a4-c7dd-40cb-a6a8-02fb84331246___PSU_CG 2383.JPG,Tomato___Tomato_mosaic_virus,36
data/PlantVillage-Dataset/raw/color/Peach___healthy/9d4dab6a-9f3d-4824-9956-99895d9e0089___Rutg._HL 2483.JPG,Peach___healthy,17
data/PlantVillage-Dataset/raw/color/Tomato___Bacterial_spot/f332d822-2557-42ee-ba97-c62cafcc5c29___GCREC_Bact.Sp 3172.JPG,Tomato___Bacterial_spot,28
data/PlantVillage-Dataset/raw/color/Raspberry___healthy/3368e77a-9245-4e4f-89ee-41968b060e56___Mary_HL 6251.JPG,Raspberry___healthy,23
data/PlantVillage-Dataset/raw/color/Strawberry___Leaf_scorch/2e30632f-6f08-4fc7-8ade-536b651c0f01___RS_L.Scorch 1580.JPG,Strawberry___Leaf_scorch,26
data/PlantVillage-Dataset/raw/color/Grape___Leaf_blight_(Isariopsis_Leaf_Spot)/b366cb97-22ed-4347-99a4-8c9586728662___FAM_L.Blight 4800.JPG,Grape___Leaf_blight_(Isariopsis_Leaf_Spot),13
data/PlantVillage-Dataset/raw/color/Tomato___Bacterial_spot/d8a90b81-eb30-461d-80ba-4fa9c93f379d___GCREC_Bact.Sp 3757.JPG,Tomato___Bacterial_spot,28
data/PlantVillage-Dataset/raw/color/Peach___healthy/35d97a27-1462-4c2a-9e56-840ddb6a034b___Rutg._HL 3509.JPG,Peach___healthy,17
data/PlantVillage-Dataset/raw/color/Corn_(maize)___Cercospora_leaf_spot Gray_leaf_spot/0d13a6d5-7993-4a5d-beb1-4f38b7805fac___RS_GLSp 9303.JPG,Corn_(maize)___Cercospora_leaf_spot Gray_leaf_spot,7
data/PlantVillage-Dataset/raw/color/Tomato___healthy/f5252d99-6752-457b-b430-965d545d3b41___RS_HL 0412.JPG,Tomato___healthy,37
data/PlantVillage-Dataset/raw/color/Corn_(maize)___Northern_Leaf_Blight/534e86f0-1e17-4fa0-b042-b0b26ab53eb4___RS_NLB 3745.JPG,Corn_(maize)___Northern_Leaf_Blight,9
"data/PlantVillage-Dataset/raw/color/Pepper,_bell___Bacterial_spot/70985466-254f-479b-86f2-9792be0864ed___JR_B.Spot 9044.JPG","Pepper,_bell___Bacterial_spot",18
data/PlantVillage-Dataset/raw/color/Tomato___Target_Spot/d85a58df-b7e9-4552-b067-fe9fa070ce4e___Com.G_TgS_FL 9686.JPG,Tomato___Target_Spot,34
data/PlantVillage-Dataset/raw/color/Cherry_(including_sour)___healthy/be36a613-f4c9-434c-a0da-50f6dd98984d___JR_HL 4212.JPG,Cherry_(including_sour)___healthy,6
data/PlantVillage-Dataset/raw/color/Tomato___Bacterial_spot/c0f90bbb-d9ac-4ed6-9e3c-296c17ce42a2___GCREC_Bact.Sp 3808.JPG,Tomato___Bacterial_spot,28
data/PlantVillage-Dataset/raw/color/Grape___Leaf_blight_(Isariopsis_Leaf_Spot)/a7f2a181-6e98-4ebe-b2c2-f1bb7c1eac9c___FAM_L.Blight 1615.JPG,Grape___Leaf_blight_(Isariopsis_Leaf_Spot),13
data/PlantVillage-Dataset/raw/color/Corn_(maize)___Northern_Leaf_Blight/89faef04-7b28-41bc-a910-d89890f028d1___RS_NLB 0795.JPG,Corn_(maize)___Northern_Leaf_Blight,9
data/PlantVillage-Dataset/raw/color/Grape___Leaf_blight_(Isariopsis_Leaf_Spot)/fdcc77e7-78cc-4546-aae3-a0c8bd9a3427___FAM_L.Blight 4820.JPG,Grape___Leaf_blight_(Isariopsis_Leaf_Spot),13
data/PlantVillage-Dataset/raw/color/Corn_(maize)___Cercospora_leaf_spot Gray_leaf_spot/c7900124-4885-46fa-95b8-f335fbcd48d7___RS_GLSp 4290 copy.jpg,Corn_(maize)___Cercospora_leaf_spot Gray_leaf_spot,7
data/PlantVillage-Dataset/raw/color/Corn_(maize)___Common_rust_/RS_Rust 1784.JPG,Corn_(maize)___Common_rust_,8
data/PlantVillage-Dataset/raw/color/Potato___healthy/1b434c52-7be4-40c4-90d5-13220f1a3eba___RS_HL 5418.JPG,Potato___healthy,22
data/PlantVillage-Dataset/raw/color/Potato___Early_blight/b35e4c48-e54e-4e42-a399-b236209314f4___RS_Early.B 8231.JPG,Potato___Early_blight,20
data/PlantVillage-Dataset/raw/color/Tomato___Spider_mites Two-spotted_spider_mite/d58b9f9a-d62c-44c4-8a76-dba4ccc7fca8___Com.G_SpM_FL 9562.JPG,Tomato___Spider_mites Two-spotted_spider_mite,33
data/PlantVillage-Dataset/raw/color/Tomato___Spider_mites Two-spotted_spider_mite/8b4b9281-cf1e-407e-acf7-5ead938e57d1___Com.G_SpM_FL 9597.JPG,Tomato___Spider_mites Two-spotted_spider_mite,33
"data/PlantVillage-Dataset/raw/color/Pepper,_bell___Bacterial_spot/820a7257-dc1d-46af-ba5a-b006c35fc1b1___JR_B.Spot 3116.JPG","Pepper,_bell___Bacterial_spot",18
"data/PlantVillage-Dataset/raw/color/Pepper,_bell___healthy/1f12962f-8c78-44dd-a2fc-fac013a76475___JR_HL 8489.JPG","Pepper,_bell___healthy",19
data/PlantVillage-Dataset/raw/color/Grape___Leaf_blight_(Isariopsis_Leaf_Spot)/e1743dca-30aa-455b-948a-de897c69a5f1___FAM_L.Blight 4888.JPG,Grape___Leaf_blight_(Isariopsis_Leaf_Spot),13
data/PlantVillage-Dataset/raw/color/Corn_(maize)___Common_rust_/RS_Rust 1782.JPG,Corn_(maize)___Common_rust_,8
data/PlantVillage-Dataset/raw/color/Orange___Haunglongbing_(Citrus_greening)/8da475c0-0acb-4ab7-9d72-3613c94b049c___CREC_HLB 4959.JPG,Orange___Haunglongbing_(Citrus_greening),15
data/PlantVillage-Dataset/raw/color/Tomato___Late_blight/d28bd097-8584-4269-a82b-43d6f5df787b___RS_Late.B 4832.JPG,Tomato___Late_blight,30
data/PlantVillage-Dataset/raw/color/Apple___Cedar_apple_rust/b2723e0b-7e61-48ae-b50e-0cee5d437cb3___FREC_C.Rust 3823.JPG,Apple___Cedar_apple_rust,2
data/PlantVillage-Dataset/raw/color/Orange___Haunglongbing_(Citrus_greening)/0ea1f41f-c970-4c51-9a8e-7ebaa9a3084a___CREC_HLB 4066.JPG,Orange___Haunglongbing_(Citrus_greening),15
data/PlantVillage-Dataset/raw/color/Tomato___Septoria_leaf_spot/ac451373-bee8-4c45-b6f8-86c4031062e7___Matt.S_CG 7501.JPG,Tomato___Septoria_leaf_spot,32
data/PlantVillage-Dataset/raw/color/Squash___Powdery_mildew/a9f90a12-9729-42e1-9543-8c07fd0cdc79___MD_Powd.M 0888.JPG,Squash___Powdery_mildew,25
data/PlantVillage-Dataset/raw/color/Strawberry___Leaf_scorch/62c2385e-8679-418e-8907-d0db613787db___RS_L.Scorch 0081.JPG,Strawberry___Leaf_scorch,26
data/PlantVillage-Dataset/raw/color/Tomato___Leaf_Mold/91a2c537-6b7c-463a-b59e-0f8b3ea8865b___Crnl_L.Mold 6526.JPG,Tomato___Leaf_Mold,31
data/PlantVillage-Dataset/raw/color/Corn_(maize)___Cercospora_leaf_spot Gray_leaf_spot/d20981e7-70ec-495a-9921-c48de5793822___RS_GLSp 4339.JPG,Corn_(maize)___Cercospora_leaf_spot Gray_leaf_spot,7
data/PlantVillage-Dataset/raw/color/Peach___Bacterial_spot/e8537d8f-60e3-47ff-af6d-b7a9f0c2fa6c___Rutg._Bact.S 1384.JPG,Peach___Bacterial_spot,16
data/PlantVillage-Dataset/raw/color/Corn_(maize)___Northern_Leaf_Blight/c8e9361a-fc77-4adb-ba39-3a08d859340f___RS_NLB 3560.JPG,Corn_(maize)___Northern_Leaf_Blight,9
data/PlantVillage-Dataset/raw/color/Cherry_(including_sour)___healthy/b56db96a-1581-4432-8d44-0d1884912a47___JR_HL 9894.JPG,Cherry_(including_sour)___healthy,6
"data/PlantVillage-Dataset/raw/color/Pepper,_bell___healthy/a2664ab8-aca6-4891-9f6f-8cc414d6b231___JR_HL 5849.JPG","Pepper,_bell___healthy",19
data/PlantVillage-Dataset/raw/color/Apple___Cedar_apple_rust/7ca50f21-d7c4-4fab-90ab-daabd7dd960d___FREC_C.Rust 3913.JPG,Apple___Cedar_apple_rust,2
"data/PlantVillage-Dataset/raw/color/Pepper,_bell___healthy/03e8ce3f-9bb5-481c-945b-1fa7d5da09e3___JR_HL 7583.JPG","Pepper,_bell___healthy",19
data/PlantVillage-Dataset/raw/color/Tomato___Spider_mites Two-spotted_spider_mite/3531f15b-53f7-4e0f-b80e-64a7b0e26fc9___Com.G_SpM_FL 8462.JPG,Tomato___Spider_mites Two-spotted_spider_mite,33
data/PlantVillage-Dataset/raw/color/Potato___healthy/fd92bd9c-02cb-4599-8673-9316159504a1___RS_HL 1927.JPG,Potato___healthy,22
data/PlantVillage-Dataset/raw/color/Grape___Esca_(Black_Measles)/b32b1e1d-a0e4-4959-bd2d-89710def27a6___FAM_B.Msls 1053.JPG,Grape___Esca_(Black_Measles),12
data/PlantVillage-Dataset/raw/color/Corn_(maize)___Common_rust_/RS_Rust 2579.JPG,Corn_(maize)___Common_rust_,8
data/PlantVillage-Dataset/raw/color/Apple___Apple_scab/b84c8919-1f8c-4751-a759-e0ec84839020___FREC_Scab 3264.JPG,Apple___Apple_scab,0
data/PlantVillage-Dataset/raw/color/Grape___Esca_(Black_Measles)/25290685-5144-4082-bc56-daf5237091d6___FAM_B.Msls 3884.JPG,Grape___Esca_(Black_Measles),12
data/PlantVillage-Dataset/raw/color/Corn_(maize)___Cercospora_leaf_spot Gray_leaf_spot/c6df65ae-6f54-4962-a7f3-cc21fd3e5b4d___RS_GLSp 3810 copy 2.jpg,Corn_(maize)___Cercospora_leaf_spot Gray_leaf_spot,7
data/PlantVillage-Dataset/raw/color/Corn_(maize)___Cercospora_leaf_spot Gray_leaf_spot/e16bfc88-93b9-4036-b77f-614967a4ee2f___RS_GLSp 4652.JPG,Corn_(maize)___Cercospora_leaf_spot Gray_leaf_spot,7
data/PlantVillage-Dataset/raw/color/Blueberry___healthy/b85f9f9b-02c5-483d-9ab3-9979136a6515___RS_HL 5075.JPG,Blueberry___healthy,4
data/PlantVillage-Dataset/raw/color/Strawberry___healthy/a386a7c2-9a92-4dd3-bffc-713d3a545b1f___RS_HL 1848.JPG,Strawberry___healthy,27
data/PlantVillage-Dataset/raw/color/Corn_(maize)___Common_rust_/RS_Rust 2686.JPG,Corn_(maize)___Common_rust_,8
data/PlantVillage-Dataset/raw/color/Raspberry___healthy/4c210242-adfc-4011-88e5-3380cbee49b1___Mary_HL 9351.JPG,Raspberry___healthy,23
data/PlantVillage-Dataset/raw/color/Apple___Apple_scab/f141c7f9-66b7-4052-b5c7-db3df1a894f2___FREC_Scab 3261.JPG,Apple___Apple_scab,0
data/PlantVillage-Dataset/raw/color/Tomato___Tomato_Yellow_Leaf_Curl_Virus/8c5009eb-dad7-4fd2-8a7c-83d1d0379812___YLCV_GCREC 5161.JPG,Tomato___Tomato_Yellow_Leaf_Curl_Virus,35
data/PlantVillage-Dataset/raw/color/Corn_(maize)___Common_rust_/RS_Rust 2539.JPG,Corn_(maize)___Common_rust_,8
data/PlantVillage-Dataset/raw/color/Tomato___healthy/3e98f24b-4c2e-4b4d-916f-fe48430cd94b___RS_HL 0129.JPG,Tomato___healthy,37
data/PlantVillage-Dataset/raw/color/Corn_(maize)___Common_rust_/RS_Rust 2008.JPG,Corn_(maize)___Common_rust_,8
data/PlantVillage-Dataset/raw/color/Potato___Late_blight/98a806fd-2839-4069-b40b-08522c34ccdc___RS_LB 3032.JPG,Potato___Late_blight,21
data/PlantVillage-Dataset/raw/color/Orange___Haunglongbing_(Citrus_greening)/6af70a66-1026-4f9a-97e0-c61cc12dbaba___UF.Citrus_HLB_Lab 0582.JPG,Orange___Haunglongbing_(Citrus_greening),15
data/PlantVillage-Dataset/raw/color/Grape___healthy/b297f494-eb0a-407f-8edf-25ecdbf278bf___Mt.N.V_HL 9022.JPG,Grape___healthy,14
data/PlantVillage-Dataset/raw/color/Orange___Haunglongbing_(Citrus_greening)/3417d9f0-835b-45ef-800e-07f17e6035ee___CREC_HLB 4328.JPG,Orange___Haunglongbing_(Citrus_greening),15
data/PlantVillage-Dataset/raw/color/Tomato___Late_blight/b88f6060-ca8b-4c4d-bd4c-1ec1ae186b71___GHLB2 Leaf 8711.JPG,Tomato___Late_blight,30
data/PlantVillage-Dataset/raw/color/Corn_(maize)___Cercospora_leaf_spot Gray_leaf_spot/978f82a3-d8c1-4ad8-a212-cc8b7b3306b8___RS_GLSp 7343 copy.jpg,Corn_(maize)___Cercospora_leaf_spot Gray_leaf_spot,7
data/PlantVillage-Dataset/raw/color/Cherry_(including_sour)___Powdery_mildew/83360ba1-5577-4fcf-8a6d-8496431a862d___FREC_Pwd.M 4936.JPG,Cherry_(including_sour)___Powdery_mildew,5
data/PlantVillage-Dataset/raw/color/Squash___Powdery_mildew/89eefea4-b1b7-4a2b-8678-280ab90e9532___UMD_Powd.M 0443.JPG,Squash___Powdery_mildew,25
data/PlantVillage-Dataset/raw/color/Grape___Black_rot/6cd047c1-d4c4-4215-8e8a-d81c7f5a3669___FAM_B.Rot 0408.JPG,Grape___Black_rot,11
data/PlantVillage-Dataset/raw/color/Grape___Leaf_blight_(Isariopsis_Leaf_Spot)/08ffc7d1-b618-41eb-a633-f7b453f1da03___FAM_L.Blight 4720.JPG,Grape___Leaf_blight_(Isariopsis_Leaf_Spot),13
data/PlantVillage-Dataset/raw/color/Tomato___Septoria_leaf_spot/417da1b3-d80b-4381-b439-bb876b0d3e62___Matt.S_CG 1674.JPG,Tomato___Septoria_leaf_spot,32
data/PlantVillage-Dataset/raw/color/Peach___healthy/03913ec4-36a4-4591-a3f5-33b1cc1a53a0___Rutg._HL 3663.JPG,Peach___healthy,17
data/PlantVillage-Dataset/raw/color/Soybean___healthy/b2dd26b4-8b7e-4af7-a0d0-a3721426efae___RS_HL 6986.JPG,Soybean___healthy,24
data/PlantVillage-Dataset/raw/color/Peach___Bacterial_spot/ffbd5dbc-880d-43d0-b422-e86a2e5ac1c5___Rut._Bact.S 0994.JPG,Peach___Bacterial_spot,16
"data/PlantVillage-Dataset/raw/color/Pepper,_bell___Bacterial_spot/538ad66b-39cb-4972-8ad7-8ebf1964f782___JR_B.Spot 9001.JPG","Pepper,_bell___Bacterial_spot",18
data/PlantVillage-Dataset/raw/color/Strawberry___healthy/e25be174-f4b9-453e-9287-faae83c62ff4___RS_HL 2025.JPG,Strawberry___healthy,27
data/PlantVillage-Dataset/raw/color/Potato___healthy/ec6e43d3-512d-4908-99f2-c9e2a0be54be___RS_HL 4202.JPG,Potato___healthy,22
data/PlantVillage-Dataset/raw/color/Peach___Bacterial_spot/189316c0-b51e-46bd-ae17-e1c2460f59a9___Rutg._Bact.S 1111.JPG,Peach___Bacterial_spot,16
data/PlantVillage-Dataset/raw/color/Potato___Late_blight/437640c6-1680-4d1b-aa0b-c1dd52aa13a5___RS_LB 4926.JPG,Potato___Late_blight,21
data/PlantVillage-Dataset/raw/color/Tomato___Target_Spot/da0e1f6d-8daa-4ca4-9776-08ce115d3d04___Com.G_TgS_FL 9680.JPG,Tomato___Target_Spot,34
data/PlantVillage-Dataset/raw/color/Raspberry___healthy/6b61c54a-9670-4049-8435-79e1b4e3c1d6___Mary_HL 6361.JPG,Raspberry___healthy,23
data/PlantVillage-Dataset/raw/color/Apple___healthy/595381e5-c16b-4348-aaea-00763903646d___RS_HL 6153.JPG,Apple___healthy,3
data/PlantVillage-Dataset/raw/color/Potato___Early_blight/11e974fa-928f-45f6-b983-e74c74c7d163___RS_Early.B 7992.JPG,Potato___Early_blight,20
data/PlantVillage-Dataset/raw/color/Tomato___Late_blight/62474b8c-4625-4d73-ab6a-5e1d328a9cd4___GHLB2 Leaf 9038.JPG,Tomato___Late_blight,30
data/PlantVillage-Dataset/raw/color/Tomato___Leaf_Mold/c5dae6ba-42cf-4497-bf05-52af90c98d8a___Crnl_L.Mold 9038.JPG,Tomato___Leaf_Mold,31
data/PlantVillage-Dataset/raw/color/Cherry_(including_sour)___healthy/d88e4a8d-fd1c-41a4-b307-2615ba6783c2___JR_HL 9584.JPG,Cherry_(including_sour)___healthy,6
data/PlantVillage-Dataset/raw/color/Apple___Cedar_apple_rust/402aad30-3914-4227-a9b4-4d40a49fae72___FREC_C.Rust 0230.JPG,Apple___Cedar_apple_rust,2
data/PlantVillage-Dataset/raw/color/Corn_(maize)___Northern_Leaf_Blight/8c4c376b-1f9a-4dde-88f3-453f6154c25f___RS_NLB 3987.JPG,Corn_(maize)___Northern_Leaf_Blight,9
data/PlantVillage-Dataset/raw/color/Tomato___healthy/06639369-2e38-48cc-a27a-5b90388d227e___RS_HL 0389.JPG,Tomato___healthy,37
data/PlantVillage-Dataset/raw/color/Apple___Apple_scab/5cd3df15-31a2-4076-9d1a-8735fa1dccdf___FREC_Scab 3410.JPG,Apple___Apple_scab,0
data/PlantVillage-Dataset/raw/color/Soybean___healthy/eadef2b9-01b2-43a5-9ebc-634ed3d224f0___RS_HL 7544.JPG,Soybean___healthy,24
data/PlantVillage-Dataset/raw/color/Orange___Haunglongbing_(Citrus_greening)/2c28797a-3682-4fde-9db3-6dfc31ad6c48___UF.Citrus_HLB_Lab 0349.JPG,Orange___Haunglongbing_(Citrus_greening),15
data/PlantVillage-Dataset/raw/color/Tomato___Tomato_mosaic_virus/1349c403-c930-42be-9bfd-39a099c66f4a___PSU_CG 2328.JPG,Tomato___Tomato_mosaic_virus,36
data/PlantVillage-Dataset/raw/color/Potato___Late_blight/a343cad1-3b4d-4761-b222-d0bbc0f4bdc0___RS_LB 2569.JPG,Potato___Late_blight,21
data/PlantVillage-Dataset/raw/color/Strawberry___healthy/fad0fc0b-4619-422e-8c59-d5bab6469af4___RS_HL 4737.JPG,Strawberry___healthy,27
data/PlantVillage-Dataset/raw/color/Potato___Early_blight/4f20f0e5-b870-414c-99a0-136575a61ce5___RS_Early.B 6724.JPG,Potato___Early_blight,20
data/PlantVillage-Dataset/raw/color/Grape___Black_rot/2e63e970-cfb6-4bcf-865b-7b3cdf3d51e0___FAM_B.Rot 3338.JPG,Grape___Black_rot,11
data/PlantVillage-Dataset/raw/color/Tomato___Septoria_leaf_spot/66b8d334-827c-429e-aac3-f4c80fc07000___Matt.S_CG 6831.JPG,Tomato___Septoria_leaf_spot,32
data/PlantVillage-Dataset/raw/color/Corn_(maize)___Northern_Leaf_Blight/937bf586-316f-4916-9a51-c9addfc9ff2a___RS_NLB 3733.JPG,Corn_(maize)___Northern_Leaf_Blight,9
data/PlantVillage-Dataset/raw/color/Corn_(maize)___Northern_Leaf_Blight/31a49b40-0f0a-496d-a3bc-cf566bbbe845___RS_NLB 3568.JPG,Corn_(maize)___Northern_Leaf_Blight,9
data/PlantVillage-Dataset/raw/color/Apple___Black_rot/49064db7-4ee0-41bf-97b9-64a50d08ef8c___JR_FrgE.S 3046.JPG,Apple___Black_rot,1
data/PlantVillage-Dataset/raw/color/Tomato___Bacterial_spot/288896d1-7094-4250-9fd6-00589c41b42a___UF.GRC_BS_Lab Leaf 0264.JPG,Tomato___Bacterial_spot,28
data/PlantVillage-Dataset/raw/color/Orange___Haunglongbing_(Citrus_greening)/f4ef5d3a-1711-43b3-8cef-39e736241134___CREC_HLB 5429.JPG,Orange___Haunglongbing_(Citrus_greening),15
data/PlantVillage-Dataset/raw/color/Orange___Haunglongbing_(Citrus_greening)/0455bdaa-5013-438e-9915-2062c5b4d2d4___CREC_HLB 4476.JPG,Orange___Haunglongbing_(Citrus_greening),15
data/PlantVillage-Dataset/raw/color/Soybean___healthy/1e9d1f80-d7c3-45dd-8587-c465ae6f7e4e___RS_HL 7216.JPG,Soybean___healthy,24
data/PlantVillage-Dataset/raw/color/Raspberry___healthy/9d5f3e6c-3f4c-4882-b423-d9ddb52ea4d8___Mary_HL 6332.JPG,Raspberry___healthy,23
data/PlantVillage-Dataset/raw/color/Squash___Powdery_mildew/83e446c3-eedc-4556-85ec-c99e12126607___MD_Powd.M 0708.JPG,Squash___Powdery_mildew,25
data/PlantVillage-Dataset/raw/color/Tomato___Tomato_Yellow_Leaf_Curl_Virus/c787226d-9c2c-436d-9f3d-e019cee60a69___UF.GRC_YLCV_Lab 01552.JPG,Tomato___Tomato_Yellow_Leaf_Curl_Virus,35
data/PlantVillage-Dataset/raw/color/Corn_(maize)___Cercospora_leaf_spot Gray_leaf_spot/efab43d9-e45a-4ad2-ac72-2f4c51253d90___RS_GLSp 4438.JPG,Corn_(maize)___Cercospora_leaf_spot Gray_leaf_spot,7
data/PlantVillage-Dataset/raw/color/Corn_(maize)___Cercospora_leaf_spot Gray_leaf_spot/dbc02d2a-f3ba-47d8-b79b-744210aa69fc___RS_GLSp 4556.JPG,Corn_(maize)___Cercospora_leaf_spot Gray_leaf_spot,7
data/PlantVillage-Dataset/raw/color/Grape___healthy/ceb17d89-9a96-4b3b-8fa5-5d4b9e442040___Mt.N.V_HL 8904.JPG,Grape___healthy,14
data/PlantVillage-Dataset/raw/color/Grape___Black_rot/def3b512-19a0-4cec-a258-6526c1da2430___FAM_B.Rot 0644.JPG,Grape___Black_rot,11
data/PlantVillage-Dataset/raw/color/Apple___Black_rot/deffd3c8-a9c7-4082-ba2a-4a54aad8ab17___JR_FrgE.S 2789.JPG,Apple___Black_rot,1
data/PlantVillage-Dataset/raw/color/Tomato___Septoria_leaf_spot/92fa6312-e883-462a-8251-4068f245699d___Keller.St_CG 1894.JPG,Tomato___Septoria_leaf_spot,32
"data/PlantVillage-Dataset/raw/color/Pepper,_bell___Bacterial_spot/6b8b1a3d-4dd3-42a3-bebb-062d43d45a34___NREC_B.Spot 9204.JPG","Pepper,_bell___Bacterial_spot",18
data/PlantVillage-Dataset/raw/color/Tomato___Late_blight/b07f5c6e-2e85-4b45-a166-522cc484619c___RS_Late.B 6276.JPG,Tomato___Late_blight,30
data/PlantVillage-Dataset/raw/color/Peach___healthy/fcd5573f-73c7-4cbc-9856-24c858a49ed9___Rutg._HL 3711.JPG,Peach___healthy,17
data/PlantVillage-Dataset/raw/color/Tomato___Leaf_Mold/5c8c542d-0f80-46c8-92f9-65e6d6554c37___Crnl_L.Mold 8628.JPG,Tomato___Leaf_Mold,31
data/PlantVillage-Dataset/raw/color/Tomato___Tomato_Yellow_Leaf_Curl_Virus/0202eabf-19ef-4656-8ede-5d0e96906304___YLCV_GCREC 2604.JPG,Tomato___Tomato_Yellow_Leaf_Curl_Virus,35
data/PlantVillage-Dataset/raw/color/Orange___Haunglongbing_(Citrus_greening)/4c6b2c06-fbe1-481c-9a93-0a8452ccdeee___CREC_HLB 7263.JPG,Orange___Haunglongbing_(Citrus_greening),15
data/PlantVillage-Dataset/raw/color/Peach___healthy/824f0af1-4855-4c40-a0f6-c54578362008___Rutg._HL 3634.JPG,Peach___healthy,17
data/PlantVillage-Dataset/raw/color/Corn_(maize)___Cercospora_leaf_spot Gray_leaf_spot/be07b9de-4629-49c1-bde7-e4c9b79c55ef___RS_GLSp 4495.JPG,Corn_(maize)___Cercospora_leaf_spot Gray_leaf_spot,7
data/PlantVillage-Dataset/raw/color/Potato___Late_blight/bbdf98a1-9e54-4afd-bdfc-870d91627a52___RS_LB 2853.JPG,Potato___Late_blight,21
data/PlantVillage-Dataset/raw/color/Tomato___Spider_mites Two-spotted_spider_mite/19ee147b-41b2-424b-b532-00ff31316109___Com.G_SpM_FL 1708.JPG,Tomato___Spider_mites Two-spotted_spider_mite,33
data/PlantVillage-Dataset/raw/color/Soybean___healthy/fa9aa347-413b-4509-a335-176585fffca8___RS_HL 7194.JPG,Soybean___healthy,24
data/PlantVillage-Dataset/raw/color/Corn_(maize)___Common_rust_/RS_Rust 2184.JPG,Corn_(maize)___Common_rust_,8
data/PlantVillage-Dataset/raw/color/Tomato___Early_blight/f91230c1-b28c-46fe-ab7a-329fdb689a02___RS_Erly.B 9439.JPG,Tomato___Early_blight,29
data/PlantVillage-Dataset/raw/color/Peach___Bacterial_spot/a462459d-35a2-4d21-bd50-65bbdab7b6e4___Rut._Bact.S 1476.JPG,Peach___Bacterial_spot,16
data/PlantVillage-Dataset/raw/color/Potato___healthy/c9ad5c9a-c9b0-4e07-9e03-9e9edfd58a19___RS_HL 1755.JPG,Potato___healthy,22
data/PlantVillage-Dataset/raw/color/Apple___healthy/aacd1350-3b5c-46c6-9320-84f45f5161db___RS_HL 7746.JPG,Apple___healthy,3
data/PlantVillage-Dataset/raw/color/Peach___healthy/88c99fc8-161d-4fb2-83d8-319e55866887___Rutg._HL 3579.JPG,Peach___healthy,17
data/PlantVillage-Dataset/raw/color/Tomato___Bacterial_spot/23642d88-83e5-491d-b9f2-7ddac809975b___GCREC_Bact.Sp 6186.JPG,Tomato___Bacterial_spot,28
data/PlantVillage-Dataset/raw/color/Squash___Powdery_mildew/c229b2d9-2509-4019-b564-ea6b213794f9___UMD_Powd.M 0137.JPG,Squash___Powdery_mildew,25
data/PlantVillage-Dataset/raw/color/Grape___Black_rot/8010a845-efdd-4e4c-8f2b-39214a271e0c___FAM_B.Rot 0409.JPG,Grape___Black_rot,11
data/PlantVillage-Dataset/raw/color/Corn_(maize)___healthy/b27ca23d-e90c-4087-8421-dec6e1876c89___R.S_HL 8075 copy.jpg,Corn_(maize)___healthy,10
data/PlantVillage-Dataset/raw/color/Tomato___Spider_mites Two-spotted_spider_mite/a46bbe0e-2964-41df-abe5-f9c9a6934c37___Com.G_SpM_FL 1599.JPG,Tomato___Spider_mites Two-spotted_spider_mite,33
data/PlantVillage-Dataset/raw/color/Tomato___Septoria_leaf_spot/873d0f1d-6f2e-4656-b0ea-aef32a9a0032___Matt.S_CG 6644.JPG,Tomato___Septoria_leaf_spot,32
data/PlantVillage-Dataset/raw/color/Peach___healthy/4c0dd104-cd6f-4ffe-8925-02f42b268640___Rutg._HL 3617.JPG,Peach___healthy,17
data/PlantVillage-Dataset/raw/color/Tomato___Target_Spot/a5f763b2-2034-4df0-a69e-69e4e9137be9___Com.G_TgS_FL 0872.JPG,Tomato___Target_Spot,34
data/PlantVillage-Dataset/raw/color/Squash___Powdery_mildew/7b7e08c5-f24f-4dda-8261-2f809dede00e___UMD_Powd.M 0521.JPG,Squash___Powdery_mildew,25
data/PlantVillage-Dataset/raw/color/Soybean___healthy/a8ad6135-8fbe-45f5-bc74-d53b01ca258d___RS_HL 3809.JPG,Soybean___healthy,24
data/PlantVillage-Dataset/raw/color/Cherry_(including_sour)___Powdery_mildew/59727cfd-2b6e-4f3c-8a65-6769b3e770f1___FREC_Pwd.M 4871.JPG,Cherry_(including_sour)___Powdery_mildew,5
data/PlantVillage-Dataset/raw/color/Apple___Black_rot/fef17b16-ce22-4cb6-ba6a-270f5e08a17d___JR_FrgE.S 2843.JPG,Apple___Black_rot,1
data/PlantVillage-Dataset/raw/color/Cherry_(including_sour)___healthy/f9ece352-c99c-4d2f-a53f-9a7f88867d03___JR_HL 9874 copy.JPG,Cherry_(including_sour)___healthy,6
"data/PlantVillage-Dataset/raw/color/Pepper,_bell___Bacterial_spot/1044c742-39a0-4b1a-984f-3cb2bdeda94b___NREC_B.Spot 9219.JPG","Pepper,_bell___Bacterial_spot",18
data/PlantVillage-Dataset/raw/color/Raspberry___healthy/67e543d3-ae80-4e75-8d3b-67cb1d509b29___Mary_HL 6378.JPG,Raspberry___healthy,23
data/PlantVillage-Dataset/raw/color/Potato___healthy/d287be3d-cac6-4485-8c31-674fb8b459be___RS_HL 1973.JPG,Potato___healthy,22
data/PlantVillage-Dataset/raw/color/Tomato___Early_blight/676eb874-87e8-4f5d-bd38-013799c31996___RS_Erly.B 6458.JPG,Tomato___Early_blight,29
data/PlantVillage-Dataset/raw/color/Potato___Early_blight/8c1f94fb-d8e0-4607-a967-b71408dfd1ab___RS_Early.B 8723.JPG,Potato___Early_blight,20
data/PlantVillage-Dataset/raw/color/Tomato___Leaf_Mold/150f6844-796d-4960-b42b-629f25806bfb___Crnl_L.Mold 7096.JPG,Tomato___Leaf_Mold,31
data/PlantVillage-Dataset/raw/color/Blueberry___healthy/0c9c2e97-647e-4f19-848b-3cddabbf8ace___RS_HL 2425.JPG,Blueberry___healthy,4
data/PlantVillage-Dataset/raw/color/Tomato___Leaf_Mold/b1f8ad0b-b955-4e6e-b789-a856effaa990___Crnl_L.Mold 9109.JPG,Tomato___Leaf_Mold,31
data/PlantVillage-Dataset/raw/color/Corn_(maize)___Cercospora_leaf_spot Gray_leaf_spot/468d93ab-7a44-4ae7-a489-a03d39651009___RS_GLSp 4466.JPG,Corn_(maize)___Cercospora_leaf_spot Gray_leaf_spot,7
data/PlantVillage-Dataset/raw/color/Peach___Bacterial_spot/b6608d9f-2750-49a6-9082-d43e23460e07___Rut._Bact.S 1531.JPG,Peach___Bacterial_spot,16
data/PlantVillage-Dataset/raw/color/Grape___healthy/6b11a8e2-a729-4f80-9836-e90402c0b47f___Mt.N.V_HL 6062.JPG,Grape___healthy,14
data/PlantVillage-Dataset/raw/color/Corn_(maize)___Northern_Leaf_Blight/fc6b2569-68e4-49cc-bd4b-c27e037bd3c9___RS_NLB 3806.JPG,Corn_(maize)___Northern_Leaf_Blight,9
data/PlantVillage-Dataset/raw/color/Apple___Black_rot/73b7ad12-02d0-4775-8f51-c7d404177132___JR_FrgE.S 2969.JPG,Apple___Black_rot,1
data/PlantVillage-Dataset/raw/color/Tomato___Spider_mites Two-spotted_spider_mite/5a5cd601-bff2-4815-88da-5f641928aa67___Com.G_SpM_FL 8706.JPG,Tomato___Spider_mites Two-spotted_spider_mite,33
data/PlantVillage-Dataset/raw/color/Tomato___Leaf_Mold/a3bcb764-2c05-44e0-a177-70d0d8294894___Crnl_L.Mold 7170.JPG,Tomato___Leaf_Mold,31
data/PlantVillage-Dataset/raw/color/Corn_(maize)___healthy/38eac1aa-9b93-4f9e-83c0-51f47a336fb4___R.S_HL 8195 copy 2.jpg,Corn_(maize)___healthy,10
data/PlantVillage-Dataset/raw/color/Grape___Esca_(Black_Measles)/df33332e-be7b-4217-b6d3-bc986ece79c9___FAM_B.Msls 4441.JPG,Grape___Esca_(Black_Measles),12
data/PlantVillage-Dataset/raw/color/Tomato___Late_blight/d6dde2e1-097a-4d45-b646-0110aaa06107___GHLB2 Leaf 8816.JPG,Tomato___Late_blight,30
data/PlantVillage-Dataset/raw/color/Tomato___Bacterial_spot/aeda6048-63dc-44ea-b479-b139131c3846___GCREC_Bact.Sp 5604.JPG,Tomato___Bacterial_spot,28
data/PlantVillage-Dataset/raw/color/Corn_(maize)___Cercospora_leaf_spot Gray_leaf_spot/276eaa0e-3c86-4190-8701-fdb5f9148bb1___RS_GLSp 7283.JPG,Corn_(maize)___Cercospora_leaf_spot Gray_leaf_spot,7
data/PlantVillage-Dataset/raw/color/Tomato___healthy/6e41f26a-5ce7-4fba-9fb5-e6a886b55f75___GH_HL Leaf 230.JPG,Tomato___healthy,37
data/PlantVillage-Dataset/raw/color/Potato___Late_blight/aa58c1c8-82a1-4e68-9ecb-3cd47341d09b___RS_LB 4331.JPG,Potato___Late_blight,21
data/PlantVillage-Dataset/raw/color/Grape___Leaf_blight_(Isariopsis_Leaf_Spot)/4195a89c-b6b5-47b7-95e2-537446ef3a68___FAM_L.Blight 4614.JPG,Grape___Leaf_blight_(Isariopsis_Leaf_Spot),13
data/PlantVillage-Dataset/raw/color/Tomato___Late_blight/d2564630-8c1a-484b-a4e1-8c98905750d0___RS_Late.B 5014.JPG,Tomato___Late_blight,30
data/PlantVillage-Dataset/raw/color/Strawberry___Leaf_scorch/641cd93f-6140-4fa7-9396-4206e55113f9___RS_L.Scorch 0978.JPG,Strawberry___Leaf_scorch,26
data/PlantVillage-Dataset/raw/color/Apple___Cedar_apple_rust/fbf3ccdb-6130-47f3-b5e3-3d2726b4b5c7___FREC_C.Rust 4237.JPG,Apple___Cedar_apple_rust,2
data/PlantVillage-Dataset/raw/color/Cherry_(including_sour)___healthy/5c8f1248-bc0f-4367-8f2a-ce9d1f675c96___JR_HL 4303.JPG,Cherry_(including_sour)___healthy,6
data/PlantVillage-Dataset/raw/color/Tomato___Early_blight/1bff3ab2-9e99-4d4b-ad0e-acd943324050___RS_Erly.B 6460.JPG,Tomato___Early_blight,29
data/PlantVillage-Dataset/raw/color/Tomato___Target_Spot/0eaa45be-4346-4e3c-ab6f-4ce9f9aec1db___Com.G_TgS_FL 7902.JPG,Tomato___Target_Spot,34
data/PlantVillage-Dataset/raw/color/Corn_(maize)___Northern_Leaf_Blight/91646911-a079-4183-bc96-f0ea25e8a847___RS_NLB 3492.JPG,Corn_(maize)___Northern_Leaf_Blight,9
data/PlantVillage-Dataset/raw/color/Corn_(maize)___healthy/0ca3c51a-3f26-4668-aaad-a7924667f855___R.S_HL 8193 copy 2.jpg,Corn_(maize)___healthy,10
data/PlantVillage-Dataset/raw/color/Grape___healthy/c48a4277-3bd4-45c8-be06-8bdc4404f252___Mt.N.V_HL 6137.JPG,Grape___healthy,14
data/PlantVillage-Dataset/raw/color/Corn_(maize)___Common_rust_/RS_Rust 1844.JPG,Corn_(maize)___Common_rust_,8
"data/PlantVillage-Dataset/raw/color/Pepper,_bell___Bacterial_spot/c21c9506-e89f-4ff4-b9f1-7a666de39f50___NREC_B.Spot 9078.JPG","Pepper,_bell___Bacterial_spot",18
data/PlantVillage-Dataset/raw/color/Strawberry___Leaf_scorch/41bc22da-9d26-4ad7-a084-c781b17e069e___RS_L.Scorch 0776.JPG,Strawberry___Leaf_scorch,26
data/PlantVillage-Dataset/raw/color/Tomato___Tomato_mosaic_virus/7569fab7-ac19-4ac4-a01b-b77a4abb0c29___PSU_CG 2350.JPG,Tomato___Tomato_mosaic_virus,36
data/PlantVillage-Dataset/raw/color/Apple___Black_rot/e2da6207-2cfa-4620-8569-2f4c57a34f30___JR_FrgE.S 8682.JPG,Apple___Black_rot,1
data/PlantVillage-Dataset/raw/color/Tomato___Spider_mites Two-spotted_spider_mite/0f75930a-4f0c-49db-b5d8-6e4987b868eb___Com.G_SpM_FL 1729.JPG,Tomato___Spider_mites Two-spotted_spider_mite,33
data/PlantVillage-Dataset/raw/color/Tomato___Septoria_leaf_spot/944d1a18-653e-4f97-9ecb-ed8de360de7a___Matt.S_CG 0663.JPG,Tomato___Septoria_leaf_spot,32
data/PlantVillage-Dataset/raw/color/Potato___Early_blight/d2dcbc63-47c6-4a67-914b-cb1e117b58b0___RS_Early.B 7159.JPG,Potato___Early_blight,20
data/PlantVillage-Dataset/raw/color/Orange___Haunglongbing_(Citrus_greening)/e7ed6328-8f15-4122-addd-385be34dc522___CREC_HLB 5170.JPG,Orange___Haunglongbing_(Citrus_greening),15
data/PlantVillage-Dataset/raw/color/Tomato___Late_blight/df95ecc8-c074-4d29-8571-0fae8d2a620a___RS_Late.B 7191.JPG,Tomato___Late_blight,30
"data/PlantVillage-Dataset/raw/color/Pepper,_bell___healthy/71711626-a835-43fe-941d-36f314205074___JR_HL 8679.JPG","Pepper,_bell___healthy",19
data/PlantVillage-Dataset/raw/color/Tomato___Leaf_Mold/3ceb9ab8-dc0e-4f17-a6fb-224b0b8b2e4f___Crnl_L.Mold 8839.JPG,Tomato___Leaf_Mold,31
"data/PlantVillage-Dataset/raw/color/Pepper,_bell___Bacterial_spot/56d81c17-6145-4887-af27-ea9c6dd64b33___NREC_B.Spot 9068.JPG","Pepper,_bell___Bacterial_spot",18
data/PlantVillage-Dataset/raw/color/Tomato___Spider_mites Two-spotted_spider_mite/f640c64b-1ab5-4c75-8b30-0d05834ad11b___Com.G_SpM_FL 1610.JPG,Tomato___Spider_mites Two-spotted_spider_mite,33
data/PlantVillage-Dataset/raw/color/Orange___Haunglongbing_(Citrus_greening)/7652787c-d881-4cf8-aa32-68febbb1a448___CREC_HLB 5285.JPG,Orange___Haunglongbing_(Citrus_greening),15
data/PlantVillage-Dataset/raw/color/Apple___Apple_scab/afab688d-242c-4e62-abef-ba277df5a76d___FREC_Scab 3188.JPG,Apple___Apple_scab,0
data/PlantVillage-Dataset/raw/color/Cherry_(including_sour)___Powdery_mildew/3b29c5d1-5a66-421c-974c-38c604b918ae___FREC_Pwd.M 5030.JPG,Cherry_(including_sour)___Powdery_mildew,5
data/PlantVillage-Dataset/raw/color/Cherry_(including_sour)___healthy/b76ae033-ddb2-4052-9ed8-af7d18c2fee8___JR_HL 9823.JPG,Cherry_(including_sour)___healthy,6
data/PlantVillage-Dataset/raw/color/Tomato___Leaf_Mold/462317c2-9028-473b-9dc6-523eb348e47b___Crnl_L.Mold 6875.JPG,Tomato___Leaf_Mold,31
data/PlantVillage-Dataset/raw/color/Tomato___Tomato_Yellow_Leaf_Curl_Virus/b0c09bba-f23e-451e-9b1a-24cbb5878c47___UF.GRC_YLCV_Lab 09356.JPG,Tomato___Tomato_Yellow_Leaf_Curl_Virus,35
data/PlantVillage-Dataset/raw/color/Soybean___healthy/6242d50b-3407-40a8-b665-2ef066e4562b___RS_HL 5765.JPG,Soybean___healthy,24
data/PlantVillage-Dataset/raw/color/Cherry_(including_sour)___Powdery_mildew/b24c156d-6183-49a7-86ad-3b90c943d470___FREC_Pwd.M 4889.JPG,Cherry_(including_sour)___Powdery_mildew,5
data/PlantVillage-Dataset/raw/color/Tomato___Bacterial_spot/3eb58ecd-dff2-47e6-a7a9-81fc4b75ada0___GCREC_Bact.Sp 5563.JPG,Tomato___Bacterial_spot,28
data/PlantVillage-Dataset/raw/color/Potato___Early_blight/fa61b2e4-413c-4503-a2a2-cff2d8a11351___RS_Early.B 7370.JPG,Potato___Early_blight,20
data/PlantVillage-Dataset/raw/color/Orange___Haunglongbing_(Citrus_greening)/9aede0f7-71c4-4166-ae8e-10004943f88d___UF.Citrus_HLB_Lab 1219.JPG,Orange___Haunglongbing_(Citrus_greening),15
data/PlantVillage-Dataset/raw/color/Apple___Apple_scab/a15c8e33-6b90-489e-800d-99b3056235c2___FREC_Scab 3466.JPG,Apple___Apple_scab,0
data/PlantVillage-Dataset/raw/color/Grape___Leaf_blight_(Isariopsis_Leaf_Spot)/79a36ce0-653e-4607-a6ac-bfa5e0209fc2___FAM_L.Blight 4767.JPG,Grape___Leaf_blight_(Isariopsis_Leaf_Spot),13
data/PlantVillage-Dataset/raw/color/Tomato___Spider_mites Two-spotted_spider_mite/317f11f9-657f-43f7-943e-efb03cc62b40___Com.G_SpM_FL 1608.JPG,Tomato___Spider_mites Two-spotted_spider_mite,33
data/PlantVillage-Dataset/raw/color/Apple___Cedar_apple_rust/46b6b57e-9c90-4de7-9fb1-b8b674d51f38___FREC_C.Rust 9857.JPG,Apple___Cedar_apple_rust,2
data/PlantVillage-Dataset/raw/color/Corn_(maize)___Northern_Leaf_Blight/b34cc20b-1efb-4df2-bb33-6005963eaedf___RS_NLB 3683.JPG,Corn_(maize)___Northern_Leaf_Blight,9
data/PlantVillage-Dataset/raw/color/Tomato___Target_Spot/55bda748-2593-42ff-b928-f6cf4f066940___Com.G_TgS_FL 8389.JPG,Tomato___Target_Spot,34
data/PlantVillage-Dataset/raw/color/Peach___healthy/65fa58a5-1f75-41d9-8d5f-a4a680c55e5a___Rutg._HL 2470.JPG,Peach___healthy,17
data/PlantVillage-Dataset/raw/color/Grape___Esca_(Black_Measles)/dcc3727e-98b0-4dd0-b0bf-1f039736f2e3___FAM_B.Msls 1739.JPG,Grape___Esca_(Black_Measles),12
data/PlantVillage-Dataset/raw/color/Tomato___Tomato_mosaic_virus/526f2f56-2290-422d-a454-d576aa72d466___PSU_CG 2057.JPG,Tomato___Tomato_mosaic_virus,36
data/PlantVillage-Dataset/raw/color/Tomato___Early_blight/d368153c-6779-4a7e-a82d-9ae10dd36bb2___RS_Erly.B 7678.JPG,Tomato___Early_blight,29
data/PlantVillage-Dataset/raw/color/Apple___Black_rot/e43cb49a-44ff-4ee5-9dae-aa2e89fb643b___JR_FrgE.S 2927.JPG,Apple___Black_rot,1
data/PlantVillage-Dataset/raw/color/Corn_(maize)___healthy/bd16cdda-2c8d-4577-a597-a46c0222d841___R.S_HL 8281 copy.jpg,Corn_(maize)___healthy,10
data/PlantVillage-Dataset/raw/color/Soybean___healthy/27f14cf5-a1b6-4385-b1d8-bba0a24c2708___RS_HL 6406.JPG,Soybean___healthy,24
data/PlantVillage-Dataset/raw/color/Tomato___Early_blight/10a46a0b-debe-49f9-8562-c7c81855160e___RS_Erly.B 6339.JPG,Tomato___Early_blight,29
data/PlantVillage-Dataset/raw/color/Tomato___Late_blight/0b988f87-fdce-40ba-aa09-7e6c9e1d6d30___GHLB_PS Leaf 21 Day 8.jpg,Tomato___Late_blight,30
data/PlantVillage-Dataset/raw/color/Tomato___Leaf_Mold/636917d9-3ca7-43d0-9295-6b9fcf1103b0___Crnl_L.Mold 8919.JPG,Tomato___Leaf_Mold,31
data/PlantVillage-Dataset/raw/color/Strawberry___healthy/fdc2ad6e-3ed2-46be-b862-2475be5cc19a___RS_HL 4570.JPG,Strawberry___healthy,27
data/PlantVillage-Dataset/raw/color/Apple___Black_rot/dd73bcb6-849f-4df3-9939-6893d07b2b45___JR_FrgE.S 8572.JPG,Apple___Black_rot,1
data/PlantVillage-Dataset/raw/color/Apple___Black_rot/fe6a81b9-9198-4db7-82df-0802913716e1___JR_FrgE.S 2976.JPG,Apple___Black_rot,1
data/PlantVillage-Dataset/raw/color/Apple___healthy/0eeeccc7-f3fb-4b7a-90ec-750fbf10f7e6___RS_HL 6249.JPG,Apple___healthy,3
data/PlantVillage-Dataset/raw/color/Tomato___Septoria_leaf_spot/a3fa1904-fa88-407e-982c-b26e64d457db___Matt.S_CG 7420.JPG,Tomato___Septoria_leaf_spot,32
data/PlantVillage-Dataset/raw/color/Corn_(maize)___healthy/8edc3c56-97f0-4bcd-8f77-968048928cdd___R.S_HL 8042 copy.jpg,Corn_(maize)___healthy,10
data/PlantVillage-Dataset/raw/color/Strawberry___healthy/f5c2a553-b9af-4141-a6ba-5a4af090db7d___RS_HL 2068.JPG,Strawberry___healthy,27
data/PlantVillage-Dataset/raw/color/Tomato___Tomato_Yellow_Leaf_Curl_Virus/90bb9f6a-cf26-4f03-a7b9-80b9e8ecaed1___YLCV_NREC 2453.JPG,Tomato___Tomato_Yellow_Leaf_Curl_Virus,35
data/PlantVillage-Dataset/raw/color/Grape___Leaf_blight_(Isariopsis_Leaf_Spot)/0f3cf98a-45cd-4488-90e3-186b60abf638___FAM_L.Blight 4921.JPG,Grape___Leaf_blight_(Isariopsis_Leaf_Spot),13
data/PlantVillage-Dataset/raw/color/Potato___Early_blight/8ff3274d-02b2-4859-9415-982aa4ec7d8c___RS_Early.B 7465.JPG,Potato___Early_blight,20
data/PlantVillage-Dataset/raw/color/Orange___Haunglongbing_(Citrus_greening)/56acd6f0-cfe4-45e9-a054-b5ef7f4b70c2___UF.Citrus_HLB_Lab 0511.JPG,Orange___Haunglongbing_(Citrus_greening),15
data/PlantVillage-Dataset/raw/color/Tomato___Septoria_leaf_spot/8eb8581e-fe35-432a-bb91-6e4d01e20d86___Matt.S_CG 7696.JPG,Tomato___Septoria_leaf_spot,32
data/PlantVillage-Dataset/raw/color/Tomato___Target_Spot/3f8bc89a-03ec-4adb-a403-4176b7bb1057___Com.G_TgS_FL 1008.JPG,Tomato___Target_Spot,34
data/PlantVillage-Dataset/raw/color/Tomato___Target_Spot/70f5bc00-6c82-4051-b616-e33417ac8c82___Com.G_TgS_FL 9689.JPG,Tomato___Target_Spot,34
data/PlantVillage-Dataset/raw/color/Cherry_(including_sour)___healthy/37aa9cca-5c9e-4fd7-b668-c4df93c26b17___JR_HL 9720.JPG,Cherry_(including_sour)___healthy,6
data/PlantVillage-Dataset/raw/color/Strawberry___healthy/0f79c593-bcf2-4a5b-baac-6433f3037a89___RS_HL 2022.JPG,Strawberry___healthy,27
data/PlantVillage-Dataset/raw/color/Corn_(maize)___Cercospora_leaf_spot Gray_leaf_spot/065fe7da-dcaf-41be-9332-5ec5ebceb94b___RS_GLSp 9337.JPG,Corn_(maize)___Cercospora_leaf_spot Gray_leaf_spot,7
data/PlantVillage-Dataset/raw/color/Grape___Esca_(Black_Measles)/f5e92056-b995-43f0-b33b-5166dc6cf967___FAM_B.Msls 0897.JPG,Grape___Esca_(Black_Measles),12
data/PlantVillage-Dataset/raw/color/Raspberry___healthy/3d9757e9-7753-4d8c-8c60-d78f4522b021___Mary_HL 6352.JPG,Raspberry___healthy,23
data/PlantVillage-Dataset/raw/color/Soybean___healthy/82fa6fff-d70c-4da0-b0ec-d12f15956083___RS_HL 6498.JPG,Soybean___healthy,24
data/PlantVillage-Dataset/raw/color/Corn_(maize)___healthy/847fd306-e1a9-4e3f-a8b5-3e8eca322535___R.S_HL 8226 copy.jpg,Corn_(maize)___healthy,10
data/PlantVillage-Dataset/raw/color/Tomato___Early_blight/48160d05-d3e5-44bb-810e-18d08407b529___RS_Erly.B 9606.JPG,Tomato___Early_blight,29
data/PlantVillage-Dataset/raw/color/Corn_(maize)___Common_rust_/RS_Rust 1762.JPG,Corn_(maize)___Common_rust_,8
data/PlantVillage-Dataset/raw/color/Raspberry___healthy/dca7fd16-7615-4b8b-86f3-0cffb9632a6e___Mary_HL 9205.JPG,Raspberry___healthy,23
data/PlantVillage-Dataset/raw/color/Grape___Esca_(Black_Measles)/588792a1-d220-41c4-a7b4-2dd582662ec0___FAM_B.Msls 4181.JPG,Grape___Esca_(Black_Measles),12
data/PlantVillage-Dataset/raw/color/Soybean___healthy/2d85e3b4-48c4-488b-9789-1485b7a19741___RS_HL 5537.JPG,Soybean___healthy,24
data/PlantVillage-Dataset/raw/color/Corn_(maize)___Common_rust_/RS_Rust 2290.JPG,Corn_(maize)___Common_rust_,8
data/PlantVillage-Dataset/raw/color/Tomato___Early_blight/47465f0e-80ef-4641-b24b-7147dd82596d___RS_Erly.B 9473.JPG,Tomato___Early_blight,29
data/PlantVillage-Dataset/raw/color/Tomato___Tomato_mosaic_virus/dcb74f2b-c523-4147-b9ce-690800411273___PSU_CG 2154.JPG,Tomato___Tomato_mosaic_virus,36
data/PlantVillage-Dataset/raw/color/Tomato___Late_blight/df13d0be-1ef9-4371-bf7f-bedb930fc190___RS_Late.B 4846.JPG,Tomato___Late_blight,30
data/PlantVillage-Dataset/raw/color/Soybean___healthy/9f88e4a3-a414-432a-8cdc-2bdd2ad03d6c___RS_HL 6679.JPG,Soybean___healthy,24
data/PlantVillage-Dataset/raw/color/Tomato___Target_Spot/7dbcdc64-8646-4251-8253-22361604a72f___Com.G_TgS_FL 9717.JPG,Tomato___Target_Spot,34
data/PlantVillage-Dataset/raw/color/Tomato___Septoria_leaf_spot/90121b1e-8f2e-400b-85c0-940ca59ad873___Matt.S_CG 0673.JPG,Tomato___Septoria_leaf_spot,32
data/PlantVillage-Dataset/raw/color/Potato___healthy/7e6c8297-dfe1-4826-826e-01d696cc263b___RS_HL 1863.JPG,Potato___healthy,22
data/PlantVillage-Dataset/raw/color/Grape___healthy/a58dadba-775a-4053-8261-16a071479d1c___Mt.N.V_HL 9027.JPG,Grape___healthy,14
data/PlantVillage-Dataset/raw/color/Strawberry___healthy/4c953897-2924-49cc-a504-e4249b012d18___RS_HL 4869.JPG,Strawberry___healthy,27
data/PlantVillage-Dataset/raw/color/Potato___Late_blight/acf05b32-0d7e-423c-96b2-f78b6fdf975d___RS_LB 5309.JPG,Potato___Late_blight,21
data/PlantVillage-Dataset/raw/color/Tomato___Spider_mites Two-spotted_spider_mite/a3730723-fc8b-4576-b031-e584e270d775___Com.G_SpM_FL 1144.JPG,Tomato___Spider_mites Two-spotted_spider_mite,33
data/PlantVillage-Dataset/raw/color/Tomato___Septoria_leaf_spot/28cb8afe-1a9d-4f90-b992-24c383d0a53f___Matt.S_CG 6920.JPG,Tomato___Septoria_leaf_spot,32
data/PlantVillage-Dataset/raw/color/Blueberry___healthy/8cfdb844-1a5e-4d2d-ac56-9b733b66fa9d___RS_HL 0631.JPG,Blueberry___healthy,4
data/PlantVillage-Dataset/raw/color/Cherry_(including_sour)___healthy/b4f21001-a18e-46ca-9185-3172ef2a0de2___JR_HL 3934.JPG,Cherry_(including_sour)___healthy,6
data/PlantVillage-Dataset/raw/color/Corn_(maize)___Cercospora_leaf_spot Gray_leaf_spot/d55fc5ff-b6d1-4eb9-8811-6b039c38f06d___RS_GLSp 9268.JPG,Corn_(maize)___Cercospora_leaf_spot Gray_leaf_spot,7
data/PlantVillage-Dataset/raw/color/Cherry_(including_sour)___healthy/a36fb3a6-f05b-4541-8617-6079781ea8ed___JR_HL 9831.JPG,Cherry_(including_sour)___healthy,6
data/PlantVillage-Dataset/raw/color/Apple___Black_rot/02186b4f-a9e1-4d19-ae3d-6cfb0f4b106a___JR_FrgE.S 2828.JPG,Apple___Black_rot,1
data/PlantVillage-Dataset/raw/color/Corn_(maize)___Cercospora_leaf_spot Gray_leaf_spot/60360241-19f0-4773-9eca-4ca26fcf49b4___RS_GLSp 4394.JPG,Corn_(maize)___Cercospora_leaf_spot Gray_leaf_spot,7
data/PlantVillage-Dataset/raw/color/Potato___Early_blight/f069744b-375b-4fee-b1f9-23963195e936___RS_Early.B 6837.JPG,Potato___Early_blight,20
data/PlantVillage-Dataset/raw/color/Peach___Bacterial_spot/616ede3e-f5e0-4941-bf1f-71b2b7da0863___Rutg._Bact.S 1264.JPG,Peach___Bacterial_spot,16
data/PlantVillage-Dataset/raw/color/Tomato___Late_blight/5c715755-192c-4d69-8740-e778e4a66618___RS_Late.B 6215.JPG,Tomato___Late_blight,30
data/PlantVillage-Dataset/raw/color/Potato___healthy/30126310-39de-4c02-b10a-23409417a4f6___RS_HL 1826.JPG,Potato___healthy,22
data/PlantVillage-Dataset/raw/color/Raspberry___healthy/6f4c7d33-4f72-44e7-9354-2e8e86fcd304___Mary_HL 9191.JPG,Raspberry___healthy,23
data/PlantVillage-Dataset/raw/color/Tomato___Early_blight/d3ebceea-8021-4168-85a4-27ef48cdaacb___RS_Erly.B 7857.JPG,Tomato___Early_blight,29
data/PlantVillage-Dataset/raw/color/Potato___Early_blight/839a8aeb-9bcc-4fd9-b196-639d6f681426___RS_Early.B 7068.JPG,Potato___Early_blight,20
data/PlantVillage-Dataset/raw/color/Apple___Cedar_apple_rust/4485494e-e310-49b5-9ca8-73608ec4e83c___FREC_C.Rust 3631.JPG,Apple___Cedar_apple_rust,2
data/PlantVillage-Dataset/raw/color/Strawberry___Leaf_scorch/b91a707a-4ea5-4af7-a19e-bc7db68d6d55___RS_L.Scorch 0036.JPG,Strawberry___Leaf_scorch,26
data/PlantVillage-Dataset/raw/color/Potato___Late_blight/e231f522-dd72-4fbd-94b4-5b4d7b935269___RS_LB 4131.JPG,Potato___Late_blight,21
data/PlantVillage-Dataset/raw/color/Cherry_(including_sour)___healthy/0a273dc4-db45-4936-aee3-59919e1df44f___JR_HL 9805.JPG,Cherry_(including_sour)___healthy,6
data/PlantVillage-Dataset/raw/color/Potato___Late_blight/0f6eac3b-d674-4c4d-ab3a-88689feec07f___RS_LB 5232.JPG,Potato___Late_blight,21
data/PlantVillage-Dataset/raw/color/Tomato___Septoria_leaf_spot/32acbdf3-0c99-4a5d-b40e-f5dd906ba4ec___JR_Sept.L.S 2494.JPG,Tomato___Septoria_leaf_spot,32
data/PlantVillage-Dataset/raw/color/Squash___Powdery_mildew/9db55354-8506-4c56-abfd-0deb2a8343dc___MD_Powd.M 0279.JPG,Squash___Powdery_mildew,25
data/PlantVillage-Dataset/raw/color/Grape___healthy/cf290224-e5ca-4d0b-8037-c147acfc290d___Mt.N.V_HL 6049.JPG,Grape___healthy,14
data/PlantVillage-Dataset/raw/color/Tomato___Late_blight/2482cadb-d097-4091-8b10-099abca71a72___RS_Late.B 5078.JPG,Tomato___Late_blight,30
data/PlantVillage-Dataset/raw/color/Tomato___healthy/9662364c-aaba-45e3-b907-10792d60578c___GH_HL Leaf 220.JPG,Tomato___healthy,37
data/PlantVillage-Dataset/raw/color/Strawberry___healthy/c4605ff1-113a-4d78-b318-e301d80c0b7d___RS_HL 1644.JPG,Strawberry___healthy,27
data/PlantVillage-Dataset/raw/color/Tomato___Tomato_mosaic_virus/57b10f20-7819-40b1-924c-b484c42c515f___PSU_CG 2356.JPG,Tomato___Tomato_mosaic_virus,36
data/PlantVillage-Dataset/raw/color/Tomato___Spider_mites Two-spotted_spider_mite/bc948d02-7e65-4075-b2bc-cb0c29ebe90e___Com.G_SpM_FL 8416.JPG,Tomato___Spider_mites Two-spotted_spider_mite,33
data/PlantVillage-Dataset/raw/color/Peach___Bacterial_spot/b1dffe4b-f7f4-4474-b493-bd2534a5a3b6___Rutg._Bact.S 1750.JPG,Peach___Bacterial_spot,16
data/PlantVillage-Dataset/raw/color/Cherry_(including_sour)___Powdery_mildew/b7da6789-7b7f-4b46-bc80-8d134a870fff___FREC_Pwd.M 4866.JPG,Cherry_(including_sour)___Powdery_mildew,5
data/PlantVillage-Dataset/raw/color/Tomato___Bacterial_spot/7bd0f0c4-082e-4da4-ade1-a1d79637949c___GCREC_Bact.Sp 3664.JPG,Tomato___Bacterial_spot,28
data/PlantVillage-Dataset/raw/color/Corn_(maize)___Cercospora_leaf_spot Gray_leaf_spot/e2199152-0f4e-44bf-8edd-4c4392494b8b___RS_GLSp 4578.JPG,Corn_(maize)___Cercospora_leaf_spot Gray_leaf_spot,7
data/PlantVillage-Dataset/raw/color/Peach___healthy/b0d72b66-bf52-4ca8-855f-d9379996c6cc___Rutg._HL 2433.JPG,Peach___healthy,17
data/PlantVillage-Dataset/raw/color/Apple___Cedar_apple_rust/3dcf5bf7-744a-439e-881b-10f73fd83616___FREC_C.Rust 3642.JPG,Apple___Cedar_apple_rust,2
data/PlantVillage-Dataset/raw/color/Cherry_(including_sour)___healthy/32f80959-fec7-4f33-a205-28e3f8b7a277___JR_HL 9682.JPG,Cherry_(including_sour)___healthy,6
data/PlantVillage-Dataset/raw/color/Strawberry___Leaf_scorch/94f6ed8a-9bd1-4d29-b862-d195209d29d2___RS_L.Scorch 0027.JPG,Strawberry___Leaf_scorch,26
data/PlantVillage-Dataset/raw/color/Peach___healthy/6a69def6-4b4d-463c-865a-7b932d487054___Rutg._HL 2429.JPG,Peach___healthy,17
"data/PlantVillage-Dataset/raw/color/Pepper,_bell___Bacterial_spot/df68ca05-d886-44af-918d-99fb81d59e94___JR_B.Spot 3270.JPG","Pepper,_bell___Bacterial_spot",18
data/PlantVillage-Dataset/raw/color/Squash___Powdery_mildew/1ea5b4d2-6174-4c17-b2a6-437a6bb12764___MD_Powd.M 0973.JPG,Squash___Powdery_mildew,25
data/PlantVillage-Dataset/raw/color/Blueberry___healthy/3886f958-b561-470b-aec7-68d888ed0f8b___RS_HL 0643.JPG,Blueberry___healthy,4
data/PlantVillage-Dataset/raw/color/Tomato___Septoria_leaf_spot/09033832-a345-408c-823e-a4081d7fbbf4___JR_Sept.L.S 8523.JPG,Tomato___Septoria_leaf_spot,32
data/PlantVillage-Dataset/raw/color/Grape___Leaf_blight_(Isariopsis_Leaf_Spot)/f0e644ee-aa1f-416c-a308-d2b9170986da___FAM_L.Blight 1624.JPG,Grape___Leaf_blight_(Isariopsis_Leaf_Spot),13
data/PlantVillage-Dataset/raw/color/Apple___healthy/33f6e93f-9275-445e-a795-e1ef9c20db7b___RS_HL 8051.JPG,Apple___healthy,3
data/PlantVillage-Dataset/raw/color/Tomato___Spider_mites Two-spotted_spider_mite/f8b06c4f-6f3a-44dd-9a70-2ab2a9be23e6___Com.G_SpM_FL 1534.JPG,Tomato___Spider_mites Two-spotted_spider_mite,33
data/PlantVillage-Dataset/raw/color/Apple___Cedar_apple_rust/f0d04e6e-18c3-4c74-a56c-609b5035f358___FREC_C.Rust 4231.JPG,Apple___Cedar_apple_rust,2
data/PlantVillage-Dataset/raw/color/Tomato___Tomato_mosaic_virus/2d981dde-7e7f-4486-ae83-cdb9b28c7904___PSU_CG 2258.JPG,Tomato___Tomato_mosaic_virus,36
data/PlantVillage-Dataset/raw/color/Tomato___Tomato_mosaic_virus/59e3d4c3-f6fe-4d68-82a5-d509b810b39d___PSU_CG 2303.JPG,Tomato___Tomato_mosaic_virus,36
data/PlantVillage-Dataset/raw/color/Tomato___Early_blight/ee18e688-a12c-45aa-bd18-74df670c71bb___RS_Erly.B 7776.JPG,Tomato___Early_blight,29
data/PlantVillage-Dataset/raw/color/Grape___healthy/2ba70e62-f225-475a-9449-a7fe5f11a59c___Mt.N.V_HL 6074.JPG,Grape___healthy,14
data/PlantVillage-Dataset/raw/color/Tomato___Septoria_leaf_spot/8cbaba7f-8b0b-4eea-a4ed-afd375a7c55a___JR_Sept.L.S 2720.JPG,Tomato___Septoria_leaf_spot,32
data/PlantVillage-Dataset/raw/color/Apple___Black_rot/e0ee140b-d60c-4b08-ae6f-e44c5c31fbc8___JR_FrgE.S 2817.JPG,Apple___Black_rot,1
data/PlantVillage-Dataset/raw/color/Cherry_(including_sour)___Powdery_mildew/c4aac531-67ac-4117-8484-cfba3b091b7f___FREC_Pwd.M 5167.JPG,Cherry_(including_sour)___Powdery_mildew,5
data/PlantVillage-Dataset/raw/color/Cherry_(including_sour)___Powdery_mildew/f8719075-186b-41c2-af02-65f27d50e01f___FREC_Pwd.M 0289.JPG,Cherry_(including_sour)___Powdery_mildew,5
data/PlantVillage-Dataset/raw/color/Squash___Powdery_mildew/4e024f1d-8c1d-4236-ac0a-38faf75b8851___UMD_Powd.M 0305.JPG,Squash___Powdery_mildew,25
data/PlantVillage-Dataset/raw/color/Corn_(maize)___healthy/65deda93-1bde-4adc-a57e-b7e1b8372101___R.S_HL 0603.JPG,Corn_(maize)___healthy,10
data/PlantVillage-Dataset/raw/color/Apple___Cedar_apple_rust/8a2c7dda-c639-47f2-8f10-3bd33d24a08e___FREC_C.Rust 3929.JPG,Apple___Cedar_apple_rust,2
data/PlantVillage-Dataset/raw/color/Tomato___Late_blight/9191536b-0dd5-4c85-935a-37fdab6e4fab___RS_Late.B 6042.JPG,Tomato___Late_blight,30
data/PlantVillage-Dataset/raw/color/Soybean___healthy/89ed5130-7fad-4509-957a-68eea572cb1d___RS_HL 2812.JPG,Soybean___healthy,24
data/PlantVillage-Dataset/raw/color/Potato___Late_blight/ced49a2c-c7b3-4c10-9475-2b004afebff1___RS_LB 4436.JPG,Potato___Late_blight,21
data/PlantVillage-Dataset/raw/color/Tomato___Early_blight/f4e5115b-ca57-4f02-9271-0c8eda45717e___RS_Erly.B 8317.JPG,Tomato___Early_blight,29
data/PlantVillage-Dataset/raw/color/Peach___Bacterial_spot/4cc4cc8c-b9fe-4b9c-979a-7ec9bd2adbca___Rut._Bact.S 0815.JPG,Peach___Bacterial_spot,16
data/PlantVillage-Dataset/raw/color/Tomato___Septoria_leaf_spot/3fc5146d-71b5-4764-8a78-481e098e661e___Matt.S_CG 2752.JPG,Tomato___Septoria_leaf_spot,32
data/PlantVillage-Dataset/raw/color/Corn_(maize)___Cercospora_leaf_spot Gray_leaf_spot/fadf58aa-98fd-402a-8fdc-d06e250ec265___RS_GLSp 4557.JPG,Corn_(maize)___Cercospora_leaf_spot Gray_leaf_spot,7
data/PlantVillage-Dataset/raw/color/Blueberry___healthy/f0005cff-d101-474d-8a1f-c119df6b9a7d___RS_HL 5168.JPG,Blueberry___healthy,4
data/PlantVillage-Dataset/raw/color/Peach___healthy/33324434-3bb4-406e-a0db-3dafcbdb5bfb___Rutg._HL 3601.JPG,Peach___healthy,17
data/PlantVillage-Dataset/raw/color/Peach___healthy/859a8beb-ffa8-4dd5-9583-f628b25bb873___Rutg._HL 3717.JPG,Peach___healthy,17
data/PlantVillage-Dataset/raw/color/Tomato___healthy/e47d2178-aaf3-438b-bcce-2fcb6efd833b___RS_HL 9924.JPG,Tomato___healthy,37
data/PlantVillage-Dataset/raw/color/Tomato___Late_blight/523e5382-14a5-4849-bbec-1bfab9aeecfb___GHLB2 Leaf 8776.JPG,Tomato___Late_blight,30
"data/PlantVillage-Dataset/raw/color/Pepper,_bell___Bacterial_spot/0c99cb45-b4e0-4ade-bba5-fab3b678f0bb___JR_B.Spot 8912.JPG","Pepper,_bell___Bacterial_spot",18
data/PlantVillage-Dataset/raw/color/Tomato___Tomato_Yellow_Leaf_Curl_Virus/bae705f0-d149-474c-b6ee-f7d026dd0e5e___YLCV_NREC 2230.JPG,Tomato___Tomato_Yellow_Leaf_Curl_Virus,35
data/PlantVillage-Dataset/raw/color/Grape___Esca_(Black_Measles)/3374a5c7-85b1-44a7-92a5-acf497aa3803___FAM_B.Msls 4347.JPG,Grape___Esca_(Black_Measles),12
data/PlantVillage-Dataset/raw/color/Tomato___Septoria_leaf_spot/0b6a9374-858d-49ce-8a94-ab57c957718c___Matt.S_CG 2488.JPG,Tomato___Septoria_leaf_spot,32
data/PlantVillage-Dataset/raw/color/Apple___Black_rot/58053fa6-04df-4c96-901e-924bdbcaaf1e___JR_FrgE.S 8774.JPG,Apple___Black_rot,1
data/PlantVillage-Dataset/raw/color/Strawberry___healthy/f58ee24e-67e0-4883-a6b9-9591634e535c___RS_HL 1949.JPG,Strawberry___healthy,27
data/PlantVillage-Dataset/raw/color/Squash___Powdery_mildew/1d765e78-47f2-443f-a0da-effb1aaf7722___MD_Powd.M 0456.JPG,Squash___Powdery_mildew,25
data/PlantVillage-Dataset/raw/color/Strawberry___healthy/17a7354e-4d31-4b34-8efa-adc1a370b201___RS_HL 4692.JPG,Strawberry___healthy,27
data/PlantVillage-Dataset/raw/color/Orange___Haunglongbing_(Citrus_greening)/294e6502-e655-4635-94b4-4889c4c79d2e___CREC_HLB 6580.JPG,Orange___Haunglongbing_(Citrus_greening),15
data/PlantVillage-Dataset/raw/color/Grape___Leaf_blight_(Isariopsis_Leaf_Spot)/102da92a-b647-40f6-872d-4754ce6b7934___FAM_L.Blight 4697.JPG,Grape___Leaf_blight_(Isariopsis_Leaf_Spot),13
data/PlantVillage-Dataset/raw/color/Apple___Apple_scab/bef6e86f-946a-4c2e-be1d-6b2913be449d___FREC_Scab 3187.JPG,Apple___Apple_scab,0
data/PlantVillage-Dataset/raw/color/Apple___healthy/3a6789e3-2dd3-4513-b21d-be34f521c4a1___RS_HL 8031.JPG,Apple___healthy,3
data/PlantVillage-Dataset/raw/color/Potato___healthy/57c2663b-5d1d-4476-b067-38b2149c3b2d___RS_HL 1796.JPG,Potato___healthy,22
data/PlantVillage-Dataset/raw/color/Potato___Late_blight/8f80caee-38ed-4b49-9596-6f66c3cb9c1b___RS_LB 2535.JPG,Potato___Late_blight,21
data/PlantVillage-Dataset/raw/color/Cherry_(including_sour)___Powdery_mildew/1816815c-24b3-4da2-bc43-61f8a9a93e2d___FREC_Pwd.M 4937.JPG,Cherry_(including_sour)___Powdery_mildew,5
data/PlantVillage-Dataset/raw/color/Grape___Esca_(Black_Measles)/cfd7c9e5-bab4-49a5-b902-15c09de3c3ea___FAM_B.Msls 1068.JPG,Grape___Esca_(Black_Measles),12
data/PlantVillage-Dataset/raw/color/Apple___Apple_scab/8a8f8dd2-a938-4288-a8ec-56ef0aaa2d4f___FREC_Scab 2947.JPG,Apple___Apple_scab,0
data/PlantVillage-Dataset/raw/color/Tomato___Septoria_leaf_spot/d5244d08-ddff-4848-8685-2d06caf4cbfa___Matt.S_CG 0748.JPG,Tomato___Septoria_leaf_spot,32
"data/PlantVillage-Dataset/raw/color/Pepper,_bell___healthy/6f13ae9f-a9e0-46e3-8e5a-445c4f16898a___JR_HL 8283.JPG","Pepper,_bell___healthy",19
data/PlantVillage-Dataset/raw/color/Grape___Black_rot/4b7b10cb-99f2-4688-b5c8-b820c3214845___FAM_B.Rot 3489.JPG,Grape___Black_rot,11
data/PlantVillage-Dataset/raw/color/Tomato___Tomato_Yellow_Leaf_Curl_Virus/be6bb0b2-fa10-4b18-884a-deee85358e85___YLCV_NREC 2782.JPG,Tomato___Tomato_Yellow_Leaf_Curl_Virus,35
data/PlantVillage-Dataset/raw/color/Soybean___healthy/2cb73542-5925-4b13-922b-6e5f63a46d7e___RS_HL 4368.JPG,Soybean___healthy,24
data/PlantVillage-Dataset/raw/color/Tomato___Target_Spot/cda3b0ec-ee7d-4616-95d4-d8064c30e376___Com.G_TgS_FL 0928.JPG,Tomato___Target_Spot,34
data/PlantVillage-Dataset/raw/color/Apple___healthy/7450ae7f-41df-4afb-a9f5-6a4059d7a4a1___RS_HL 5818.JPG,Apple___healthy,3
data/PlantVillage-Dataset/raw/color/Soybean___healthy/5327698d-fe17-4978-898a-f379d79d99d7___RS_HL 3603.JPG,Soybean___healthy,24
data/PlantVillage-Dataset/raw/color/Squash___Powdery_mildew/3bfd838f-8a5a-4320-91c5-1d2c6d2ede71___MD_Powd.M 9924.JPG,Squash___Powdery_mildew,25
data/PlantVillage-Dataset/raw/color/Cherry_(including_sour)___healthy/0b2ed0b4-a6e1-4fb3-82dc-47f903f3d0a9___JR_HL 9603.JPG,Cherry_(including_sour)___healthy,6
data/PlantVillage-Dataset/raw/color/Apple___healthy/44f96d95-150b-499d-8fb7-a95ed4df85c6___RS_HL 8152.JPG,Apple___healthy,3
data/PlantVillage-Dataset/raw/color/Raspberry___healthy/20f4809a-295a-4671-ae22-1bf60ec9fc80___Mary_HL 6299.JPG,Raspberry___healthy,23
data/PlantVillage-Dataset/raw/color/Strawberry___healthy/963dd16b-956b-44c4-b2e8-bfdd1beed6a9___RS_HL 4371.JPG,Strawberry___healthy,27
data/PlantVillage-Dataset/raw/color/Blueberry___healthy/2ad79d48-24ec-4f16-b3d9-a39e8095592b___RS_HL 2635.JPG,Blueberry___healthy,4
data/PlantVillage-Dataset/raw/color/Soybean___healthy/2095ae1d-d2d9-4936-9437-c25940321556___RS_HL 7525.JPG,Soybean___healthy,24
data/PlantVillage-Dataset/raw/color/Corn_(maize)___healthy/31d66378-9596-4743-89cc-17ea23bdf269___R.S_HL 5548 copy 3.jpg,Corn_(maize)___healthy,10
data/PlantVillage-Dataset/raw/color/Cherry_(including_sour)___healthy/8ac9b3d3-23c6-42e1-84d7-c4109379b7a1___JR_HL 9640.JPG,Cherry_(including_sour)___healthy,6
data/PlantVillage-Dataset/raw/color/Apple___Apple_scab/d842b34b-d2ab-48fc-9e78-ef586308c359___FREC_Scab 2982.JPG,Apple___Apple_scab,0
data/PlantVillage-Dataset/raw/color/Apple___Apple_scab/cbf63da6-f1a7-41e0-b581-6f5b6cff2bc2___FREC_Scab 3496.JPG,Apple___Apple_scab,0
data/PlantVillage-Dataset/raw/color/Corn_(maize)___Common_rust_/RS_Rust 2516.JPG,Corn_(maize)___Common_rust_,8
data/PlantVillage-Dataset/raw/color/Grape___Leaf_blight_(Isariopsis_Leaf_Spot)/2d17737b-862c-4818-a0e9-01846b582bc2___FAM_L.Blight 4537.JPG,Grape___Leaf_blight_(Isariopsis_Leaf_Spot),13
data/PlantVillage-Dataset/raw/color/Apple___healthy/3d0032d5-ac37-4dbe-8c2c-ef567472578b___RS_HL 7750.JPG,Apple___healthy,3
data/PlantVillage-Dataset/raw/color/Tomato___Late_blight/9c749114-89e9-49ee-a549-5b8bbf8da543___GHLB2 Leaf 119.JPG,Tomato___Late_blight,30
data/PlantVillage-Dataset/raw/color/Tomato___Spider_mites Two-spotted_spider_mite/485a1c9a-979b-46a5-b5b7-9bfca42919f6___Com.G_SpM_FL 1409.JPG,Tomato___Spider_mites Two-spotted_spider_mite,33
data/PlantVillage-Dataset/raw/color/Tomato___healthy/388c05b0-964f-40e1-9319-2466a4021311___GH_HL Leaf 479.4.JPG,Tomato___healthy,37
data/PlantVillage-Dataset/raw/color/Tomato___Early_blight/893b7469-eb50-4567-9292-dc8f7610c311___RS_Erly.B 6442.JPG,Tomato___Early_blight,29
data/PlantVillage-Dataset/raw/color/Apple___Apple_scab/222a9802-f14c-433e-9d18-d0668ed3c279___FREC_Scab 3239.JPG,Apple___Apple_scab,0
data/PlantVillage-Dataset/raw/color/Tomato___Early_blight/313ff9e3-e43c-45b6-9879-b76a1e040eef___RS_Erly.B 8454.JPG,Tomato___Early_blight,29
data/PlantVillage-Dataset/raw/color/Orange___Haunglongbing_(Citrus_greening)/38958de2-8448-471f-9521-21eed9c15d2f___CREC_HLB 5557.JPG,Orange___Haunglongbing_(Citrus_greening),15
data/PlantVillage-Dataset/raw/color/Tomato___Tomato_mosaic_virus/a374c412-e665-4f38-9e73-49a70fb18b1c___PSU_CG 2378.JPG,Tomato___Tomato_mosaic_virus,36
data/PlantVillage-Dataset/raw/color/Tomato___Target_Spot/2a955c94-cc01-416d-ae86-6ea06af3c253___Com.G_TgS_FL 8056.JPG,Tomato___Target_Spot,34
data/PlantVillage-Dataset/raw/color/Corn_(maize)___Northern_Leaf_Blight/b9f34f6d-5d5f-4638-a2f0-d45ac2ea71c3___RS_NLB 3959.JPG,Corn_(maize)___Northern_Leaf_Blight,9
data/PlantVillage-Dataset/raw/color/Apple___Cedar_apple_rust/85c546e8-0e5c-4d84-9ec8-3ebb53942b98___FREC_C.Rust 9847.JPG,Apple___Cedar_apple_rust,2
data/PlantVillage-Dataset/raw/color/Grape___Leaf_blight_(Isariopsis_Leaf_Spot)/c4d2c087-d73d-4e0e-9dd6-6b2da0f2faaf___FAM_L.Blight 4659.JPG,Grape___Leaf_blight_(Isariopsis_Leaf_Spot),13
data/PlantVillage-Dataset/raw/color/Cherry_(including_sour)___Powdery_mildew/70c5c136-d253-4825-902a-ab8e4f6b8588___FREC_Pwd.M 4849.JPG,Cherry_(including_sour)___Powdery_mildew,5
data/PlantVillage-Dataset/raw/color/Apple___Black_rot/d65349b4-80ff-474e-a48e-bf8fa597d880___JR_FrgE.S 8775.JPG,Apple___Black_rot,1
data/PlantVillage-Dataset/raw/color/Tomato___Early_blight/cf8c6e28-201c-4c8e-994f-8dcf98362e64___RS_Erly.B 7651.JPG,Tomato___Early_blight,29
data/PlantVillage-Dataset/raw/color/Grape___Black_rot/c7806f17-99c4-42b1-ab9a-efac3d37e51b___FAM_B.Rot 0752.JPG,Grape___Black_rot,11
data/PlantVillage-Dataset/raw/color/Tomato___Bacterial_spot/1f8c98e1-b5ff-48eb-b676-7c51e99a1329___GCREC_Bact.Sp 5919.JPG,Tomato___Bacterial_spot,28
data/PlantVillage-Dataset/raw/color/Tomato___Tomato_Yellow_Leaf_Curl_Virus/f26a6182-b3c3-4e0d-8866-d313e0c8fbc2___UF.GRC_YLCV_Lab 09579.JPG,Tomato___Tomato_Yellow_Leaf_Curl_Virus,35
data/PlantVillage-Dataset/raw/color/Potato___Late_blight/8f8e338a-b6ac-4ca7-b3f3-596dc15eb140___RS_LB 3970.JPG,Potato___Late_blight,21
data/PlantVillage-Dataset/raw/color/Corn_(maize)___Cercospora_leaf_spot Gray_leaf_spot/00120a18-ff90-46e4-92fb-2b7a10345bd3___RS_GLSp 9357.JPG,Corn_(maize)___Cercospora_leaf_spot Gray_leaf_spot,7
data/PlantVillage-Dataset/raw/color/Tomato___Tomato_Yellow_Leaf_Curl_Virus/78fd411e-6aff-42a5-8797-a56b80346ccb___UF.GRC_YLCV_Lab 02539.JPG,Tomato___Tomato_Yellow_Leaf_Curl_Virus,35
data/PlantVillage-Dataset/raw/color/Orange___Haunglongbing_(Citrus_greening)/1973b7f1-6ae3-4d1a-96ec-6b6b11809d39___UF.Citrus_HLB_Lab 1752.JPG,Orange___Haunglongbing_(Citrus_greening),15
data/PlantVillage-Dataset/raw/color/Raspberry___healthy/67cff824-a58b-40c3-93a2-7dead429b1f0___Mary_HL 6322.JPG,Raspberry___healthy,23
data/PlantVillage-Dataset/raw/color/Corn_(maize)___healthy/7528601d-d6bf-4f8b-9d63-db0c185d58d9___R.S_HL 8254 copy 2.jpg,Corn_(maize)___healthy,10
data/PlantVillage-Dataset/raw/color/Tomato___Bacterial_spot/19e29a5d-897d-4ff0-8aab-8562d74b0eb8___GCREC_Bact.Sp 6031.JPG,Tomato___Bacterial_spot,28
data/PlantVillage-Dataset/raw/color/Corn_(maize)___Common_rust_/RS_Rust 2561.JPG,Corn_(maize)___Common_rust_,8
data/PlantVillage-Dataset/raw/color/Soybean___healthy/dfb1f2e3-603c-4a52-94e6-7fae24a3cb09___RS_HL 3964.JPG,Soybean___healthy,24
data/PlantVillage-Dataset/raw/color/Tomato___Leaf_Mold/f2da011d-7004-40de-ba61-9e9fe12ad6b0___Crnl_L.Mold 7143.JPG,Tomato___Leaf_Mold,31
data/PlantVillage-Dataset/raw/color/Tomato___Leaf_Mold/fe52f026-be65-43bf-823e-d5fc9a9b0340___Crnl_L.Mold 6774.JPG,Tomato___Leaf_Mold,31
data/PlantVillage-Dataset/raw/color/Potato___Late_blight/e575421c-a9d4-4c0e-8027-b12fca1e3ac9___RS_LB 2806.JPG,Potato___Late_blight,21
data/PlantVillage-Dataset/raw/color/Potato___Late_blight/d5f14365-91a1-41e4-95a5-9ae88c3ff4d6___RS_LB 5163.JPG,Potato___Late_blight,21
data/PlantVillage-Dataset/raw/color/Raspberry___healthy/2e6f50f0-c9ac-4990-bb81-46936cb62a17___Mary_HL 6402.JPG,Raspberry___healthy,23
data/PlantVillage-Dataset/raw/color/Tomato___Early_blight/a86f36c6-2089-4367-ba3e-5b7c8b3c0084___RS_Erly.B 7492.JPG,Tomato___Early_blight,29
data/PlantVillage-Dataset/raw/color/Grape___Esca_(Black_Measles)/c4c82eee-f228-407f-81c2-7335cbc6c4c4___FAM_B.Msls 1765.JPG,Grape___Esca_(Black_Measles),12
data/PlantVillage-Dataset/raw/color/Tomato___healthy/806a1f93-1b9f-4860-91e1-9aff2d68c494___RS_HL 0468.JPG,Tomato___healthy,37
data/PlantVillage-Dataset/raw/color/Tomato___healthy/4b8f6f0d-ed84-49ae-a92e-6cf049a42207___RS_HL 9652.JPG,Tomato___healthy,37
"data/PlantVillage-Dataset/raw/color/Pepper,_bell___Bacterial_spot/557f35cb-b34b-4dc5-959b-efad147d5e88___JR_B.Spot 3382.JPG","Pepper,_bell___Bacterial_spot",18
data/PlantVillage-Dataset/raw/color/Tomato___Tomato_mosaic_virus/efd2cbd0-24dc-4c09-92b1-37963ae84721___PSU_CG 2379.JPG,Tomato___Tomato_mosaic_virus,36
data/PlantVillage-Dataset/raw/color/Cherry_(including_sour)___Powdery_mildew/3f56f44a-0a1b-4bf7-abda-d1893f44abc3___FREC_Pwd.M 5090.JPG,Cherry_(including_sour)___Powdery_mildew,5
data/PlantVillage-Dataset/raw/color/Tomato___Early_blight/113562f3-fe24-4b28-9ec8-7ca432bded47___RS_Erly.B 9402.JPG,Tomato___Early_blight,29
data/PlantVillage-Dataset/raw/color/Grape___Esca_(Black_Measles)/d06da1d8-67c0-44d5-b34d-ee74a4602138___FAM_B.Msls 1868.JPG,Grape___Esca_(Black_Measles),12
data/PlantVillage-Dataset/raw/color/Apple___Apple_scab/dc12e2fd-e41b-43b5-9874-09661913316e___FREC_Scab 3073.JPG,Apple___Apple_scab,0
data/PlantVillage-Dataset/raw/color/Tomato___Early_blight/afc527c5-c9b2-478b-8df0-ff66767191df___RS_Erly.B 7473.JPG,Tomato___Early_blight,29
data/PlantVillage-Dataset/raw/color/Corn_(maize)___Northern_Leaf_Blight/0db9d2c1-46d7-4cce-aa6a-299ad6fd367d___RS_NLB 3608.JPG,Corn_(maize)___Northern_Leaf_Blight,9
data/PlantVillage-Dataset/raw/color/Peach___healthy/46053143-6404-4496-8d26-9f801d1c6f4f___Rutg._HL 3532.JPG,Peach___healthy,17
data/PlantVillage-Dataset/raw/color/Tomato___Leaf_Mold/e7391b48-0b36-41fd-81f0-35c6b5a24d0a___Crnl_L.Mold 6761.JPG,Tomato___Leaf_Mold,31
data/PlantVillage-Dataset/raw/color/Peach___healthy/7dead63c-e61f-4b32-9a82-80430fb73db8___Rutg._HL 3704.JPG,Peach___healthy,17
data/PlantVillage-Dataset/raw/color/Strawberry___Leaf_scorch/ecf07471-8d4d-4902-a270-9f88e8651c4d___RS_L.Scorch 1545.JPG,Strawberry___Leaf_scorch,26
data/PlantVillage-Dataset/raw/color/Potato___Early_blight/b549ab3b-06f1-45ef-bf34-86071552d870___RS_Early.B 8576.JPG,Potato___Early_blight,20
data/PlantVillage-Dataset/raw/color/Soybean___healthy/e2d95430-fdbf-4668-aaea-2018ea829f5a___RS_HL 4903.JPG,Soybean___healthy,24
data/PlantVillage-Dataset/raw/color/Tomato___Leaf_Mold/7c8dcf96-0825-49a2-8309-bb02524c64da___Crnl_L.Mold 8775.JPG,Tomato___Leaf_Mold,31
data/PlantVillage-Dataset/raw/color/Apple___Cedar_apple_rust/9e83b384-97cc-4b00-a283-cbed301e876a___FREC_C.Rust 4052.JPG,Apple___Cedar_apple_rust,2
data/PlantVillage-Dataset/raw/color/Tomato___Bacterial_spot/971d1645-3708-40ed-a3ed-25e5e3a9d393___UF.GRC_BS_Lab Leaf 9094.JPG,Tomato___Bacterial_spot,28
data/PlantVillage-Dataset/raw/color/Tomato___Tomato_mosaic_virus/6c3a09c7-04b2-4c0d-bbe0-bf55ea2e5472___PSU_CG 2195.JPG,Tomato___Tomato_mosaic_virus,36
data/PlantVillage-Dataset/raw/color/Squash___Powdery_mildew/93d4ebb8-5e11-4b9d-9d04-63ba8da4eae1___MD_Powd.M 0899.JPG,Squash___Powdery_mildew,25
data/PlantVillage-Dataset/raw/color/Potato___Late_blight/8137ed93-0e40-4bcd-9da7-f69ad5a08cd5___RS_LB 3059.JPG,Potato___Late_blight,21
data/PlantVillage-Dataset/raw/color/Grape___Leaf_blight_(Isariopsis_Leaf_Spot)/ac50f487-970b-4076-a0fd-126f65066bec___FAM_L.Blight 4923.JPG,Grape___Leaf_blight_(Isariopsis_Leaf_Spot),13
data/PlantVillage-Dataset/raw/color/Corn_(maize)___healthy/70b37163-3817-4d1e-98eb-75ba4ef240ea___R.S_HL 7927 copy.jpg,Corn_(maize)___healthy,10
data/PlantVillage-Dataset/raw/color/Cherry_(including_sour)___Powdery_mildew/48a8b952-2746-4a2d-95f0-18f6efcaa834___FREC_Pwd.M 4794.JPG,Cherry_(including_sour)___Powdery_mildew,5
data/PlantVillage-Dataset/raw/color/Potato___Early_blight/450b4a32-39ae-4daa-aeb6-87559afb0b42___RS_Early.B 9202.JPG,Potato___Early_blight,20
data/PlantVillage-Dataset/raw/color/Grape___Esca_(Black_Measles)/2a060fdd-7e9a-4f01-8d8a-8e4b32b05302___FAM_B.Msls 4410.JPG,Grape___Esca_(Black_Measles),12
data/PlantVillage-Dataset/raw/color/Cherry_(including_sour)___Powdery_mildew/f727949e-3f0f-40a1-bcb5-e7619df8ff87___FREC_Pwd.M 5128.JPG,Cherry_(including_sour)___Powdery_mildew,5
"data/PlantVillage-Dataset/raw/color/Pepper,_bell___Bacterial_spot/937f93b6-2ecd-4129-9995-e0473d498335___NREC_B.Spot 9045.JPG","Pepper,_bell___Bacterial_spot",18
data/PlantVillage-Dataset/raw/color/Tomato___healthy/dd50e041-1df0-45e4-8ab7-126f0ae2b984___GH_HL Leaf 270.JPG,Tomato___healthy,37
data/PlantVillage-Dataset/raw/color/Tomato___Tomato_mosaic_virus/9c96bbe3-5599-4e31-996f-ae37d75872f5___PSU_CG 2215.JPG,Tomato___Tomato_mosaic_virus,36
data/PlantVillage-Dataset/raw/color/Raspberry___healthy/4c3285d2-1ba0-4147-afd9-1869ee19ec4c___Mary_HL 6229.JPG,Raspberry___healthy,23
data/PlantVillage-Dataset/raw/color/Tomato___Septoria_leaf_spot/f4ab136f-c32b-4973-8117-be0c05a591c5___Matt.S_CG 7611.JPG,Tomato___Septoria_leaf_spot,32
data/PlantVillage-Dataset/raw/color/Squash___Powdery_mildew/0c651f2e-6c35-49d9-9e4d-3c853b271610___UMD_Powd.M 0509.JPG,Squash___Powdery_mildew,25
data/PlantVillage-Dataset/raw/color/Peach___Bacterial_spot/dbcb3a31-6bd8-4bd3-99d9-7650edfb2eef___Rutg._Bact.S 1544.JPG,Peach___Bacterial_spot,16
data/PlantVillage-Dataset/raw/color/Strawberry___healthy/0de0d575-5dd7-4fca-b003-d4a13354c89d___RS_HL 4629.JPG,Strawberry___healthy,27
data/PlantVillage-Dataset/raw/color/Tomato___Septoria_leaf_spot/26696658-5564-47e2-9b51-c43cd872343a___Matt.S_CG 7765.JPG,Tomato___Septoria_leaf_spot,32
data/PlantVillage-Dataset/raw/color/Corn_(maize)___healthy/bda08b6c-bbd4-446c-900e-ba832f139434___R.S_HL 0613.JPG,Corn_(maize)___healthy,10
data/PlantVillage-Dataset/raw/color/Potato___healthy/369479a9-3c28-4d77-8731-9ae54e719af3___RS_HL 1785.JPG,Potato___healthy,22
data/PlantVillage-Dataset/raw/color/Tomato___Target_Spot/2e92c5f1-e71e-4d65-9fa8-6f51c242142e___Com.G_TgS_FL 0936.JPG,Tomato___Target_Spot,34
data/PlantVillage-Dataset/raw/color/Tomato___Tomato_Yellow_Leaf_Curl_Virus/eff5b4c8-5688-482f-86a1-50ed4d18a850___YLCV_GCREC 2049.JPG,Tomato___Tomato_Yellow_Leaf_Curl_Virus,35
data/PlantVillage-Dataset/raw/color/Potato___healthy/1ae826e2-5148-47bd-a44c-711ec9cc9c75___RS_HL 1954.JPG,Potato___healthy,22
data/PlantVillage-Dataset/raw/color/Corn_(maize)___Northern_Leaf_Blight/77798831-63a1-44a6-81ba-a86e673b9cf1___RS_NLB 3489.JPG,Corn_(maize)___Northern_Leaf_Blight,9
data/PlantVillage-Dataset/raw/color/Orange___Haunglongbing_(Citrus_greening)/6ead7502-b053-47cf-a9c8-bbdd97043bf1___UF.Citrus_HLB_Lab 1116.JPG,Orange___Haunglongbing_(Citrus_greening),15
data/PlantVillage-Dataset/raw/color/Apple___Black_rot/5d35cca0-8f51-4cfc-945a-1bd10fd62002___JR_FrgE.S 2966.JPG,Apple___Black_rot,1
data/PlantVillage-Dataset/raw/color/Apple___Black_rot/9db24caa-7d1e-4b4d-a5fd-ddc794e48ec4___JR_FrgE.S 2980.JPG,Apple___Black_rot,1
data/PlantVillage-Dataset/raw/color/Grape___healthy/dd8269de-653e-42c1-a787-cb9f537e6d10___Mt.N.V_HL 6112.JPG,Grape___healthy,14
data/PlantVillage-Dataset/raw/color/Peach___Bacterial_spot/71e24fb4-36b4-449e-a17c-d2cc4ef6d217___Rutg._Bact.S 1760.JPG,Peach___Bacterial_spot,16
data/PlantVillage-Dataset/raw/color/Apple___Apple_scab/f0963f8c-18f5-42db-853a-8d52d40d8c07___FREC_Scab 2956.JPG,Apple___Apple_scab,0
data/PlantVillage-Dataset/raw/color/Strawberry___Leaf_scorch/4ed944ee-0eb1-42e5-9346-f6e519dd8c94___RS_L.Scorch 0017.JPG,Strawberry___Leaf_scorch,26
data/PlantVillage-Dataset/raw/color/Peach___healthy/fd40d2b0-c139-4661-973f-7c5ee06a55a2___Rutg._HL 3597.JPG,Peach___healthy,17
data/PlantVillage-Dataset/raw/color/Potato___Early_blight/8f3f9eed-1a3d-4f0f-adcc-0fe3a832d95f___RS_Early.B 8518.JPG,Potato___Early_blight,20
data/PlantVillage-Dataset/raw/color/Tomato___Bacterial_spot/8833a1e2-425e-4902-9883-2727ad858d23___UF.GRC_BS_Lab Leaf 9103.JPG,Tomato___Bacterial_spot,28
data/PlantVillage-Dataset/raw/color/Grape___Black_rot/7a4d0c96-378b-42d6-bb9f-649f75207d6b___FAM_B.Rot 3070.JPG,Grape___Black_rot,11
data/PlantVillage-Dataset/raw/color/Strawberry___healthy/1345a880-f629-49ea-8524-234770fe3cc6___RS_HL 4529.JPG,Strawberry___healthy,27
data/PlantVillage-Dataset/raw/color/Tomato___Septoria_leaf_spot/b17ef6a5-face-416c-82e7-2cce4b30eea2___Matt.S_CG 6242.JPG,Tomato___Septoria_leaf_spot,32
data/PlantVillage-Dataset/raw/color/Tomato___Late_blight/c1af9374-2c73-4af4-a139-7b636467743f___RS_Late.B 5592.JPG,Tomato___Late_blight,30
data/PlantVillage-Dataset/raw/color/Orange___Haunglongbing_(Citrus_greening)/bfe36b72-d4c5-4d0f-a684-e5d93c774380___CREC_HLB 4016.JPG,Orange___Haunglongbing_(Citrus_greening),15
data/PlantVillage-Dataset/raw/color/Strawberry___Leaf_scorch/0e30a013-04c1-4936-b8b3-1eeaa65cfaac___RS_L.Scorch 1559.JPG,Strawberry___Leaf_scorch,26
data/PlantVillage-Dataset/raw/color/Corn_(maize)___Northern_Leaf_Blight/0fb76874-6a95-4071-87aa-aa1bfe63f815___RS_NLB 3979.JPG,Corn_(maize)___Northern_Leaf_Blight,9
data/PlantVillage-Dataset/raw/color/Tomato___Bacterial_spot/9955425d-d21e-4318-a394-099e4e5db3d3___GCREC_Bact.Sp 3646.JPG,Tomato___Bacterial_spot,28
data/PlantVillage-Dataset/raw/color/Apple___healthy/686f612d-bb49-409a-8afa-0707481774fe___RS_HL 8184.JPG,Apple___healthy,3
data/PlantVillage-Dataset/raw/color/Apple___healthy/3ee00792-0430-445e-8c25-970607d2759d___RS_HL 7810.JPG,Apple___healthy,3
"data/PlantVillage-Dataset/raw/color/Pepper,_bell___Bacterial_spot/7f9fc159-4db8-4e64-93eb-47e1f323d981___JR_B.Spot 8872.JPG","Pepper,_bell___Bacterial_spot",18
data/PlantVillage-Dataset/raw/color/Grape___Esca_(Black_Measles)/d6866b19-3ef9-4989-a4e0-e9b69d6dc5da___FAM_B.Msls 4221.JPG,Grape___Esca_(Black_Measles),12
data/PlantVillage-Dataset/raw/color/Apple___Black_rot/58da5350-ae11-490e-9c28-7b52970331f4___JR_FrgE.S 8616.JPG,Apple___Black_rot,1
data/PlantVillage-Dataset/raw/color/Tomato___Leaf_Mold/3d203bd1-7814-4d66-a2eb-cf97193c1fbb___Crnl_L.Mold 8960.JPG,Tomato___Leaf_Mold,31
data/PlantVillage-Dataset/raw/color/Corn_(maize)___Cercospora_leaf_spot Gray_leaf_spot/295e2145-800f-4c3c-9728-e45b1cd8e113___RS_GLSp 4316.JPG,Corn_(maize)___Cercospora_leaf_spot Gray_leaf_spot,7
data/PlantVillage-Dataset/raw/color/Peach___Bacterial_spot/28a75920-daa9-4cd8-926a-6c2813f213f8___Rut._Bact.S 3437.JPG,Peach___Bacterial_spot,16
data/PlantVillage-Dataset/raw/color/Tomato___Tomato_mosaic_virus/bd8c0b7d-08b5-422e-9043-4cbfcfa165e6___PSU_CG 2271.JPG,Tomato___Tomato_mosaic_virus,36
data/PlantVillage-Dataset/raw/color/Potato___Late_blight/430b0d0d-c0aa-4e5b-9826-34251466f735___RS_LB 4718.JPG,Potato___Late_blight,21
data/PlantVillage-Dataset/raw/color/Tomato___Tomato_Yellow_Leaf_Curl_Virus/8f1a743b-d0cf-4405-9d85-8d40f9187da3___YLCV_NREC 2212.JPG,Tomato___Tomato_Yellow_Leaf_Curl_Virus,35
data/PlantVillage-Dataset/raw/color/Tomato___Leaf_Mold/35a6c962-8f94-4c23-97e3-726b1dcf7170___Crnl_L.Mold 8874.JPG,Tomato___Leaf_Mold,31
data/PlantVillage-Dataset/raw/color/Tomato___Bacterial_spot/fe217957-9c9c-4913-a78a-9d7928aa31f2___GCREC_Bact.Sp 3787.JPG,Tomato___Bacterial_spot,28
data/PlantVillage-Dataset/raw/color/Cherry_(including_sour)___Powdery_mildew/7d12ee5a-03ea-4fb4-9d11-0ef46304e29a___FREC_Pwd.M 5052.JPG,Cherry_(including_sour)___Powdery_mildew,5
data/PlantVillage-Dataset/raw/color/Grape___healthy/f37f2d8a-9f14-4b68-a680-3f2a483ccb6f___Mt.N.V_HL 9073.JPG,Grape___healthy,14
"data/PlantVillage-Dataset/raw/color/Pepper,_bell___healthy/4f770d4f-fd8b-4987-8a9b-e813e0c7a61b___JR_HL 8093.JPG","Pepper,_bell___healthy",19
data/PlantVillage-Dataset/raw/color/Grape___healthy/e6073510-a72b-441c-9b8a-a2de063a54a4___Mt.N.V_HL 6093.JPG,Grape___healthy,14
data/PlantVillage-Dataset/raw/color/Orange___Haunglongbing_(Citrus_greening)/ee2665fb-ec5b-4f28-9157-e3454f8842de___CREC_HLB 4873.JPG,Orange___Haunglongbing_(Citrus_greening),15
data/PlantVillage-Dataset/raw/color/Orange___Haunglongbing_(Citrus_greening)/d91c1c92-ad03-4b02-9914-51ae8125615a___CREC_HLB 7060.JPG,Orange___Haunglongbing_(Citrus_greening),15
data/PlantVillage-Dataset/raw/color/Blueberry___healthy/4b3ad67f-2cde-45ec-bc8c-dace6ce7082a___RS_HL 2589.JPG,Blueberry___healthy,4
data/PlantVillage-Dataset/raw/color/Tomato___healthy/cc69ca79-bef9-449b-892f-b1e76310aa60___RS_HL 9868.JPG,Tomato___healthy,37
data/PlantVillage-Dataset/raw/color/Tomato___Early_blight/ac57ab70-6d8c-4065-8bab-3a88b5239aea___RS_Erly.B 7408.JPG,Tomato___Early_blight,29
data/PlantVillage-Dataset/raw/color/Tomato___Leaf_Mold/8955f58d-9250-4070-9a6e-ebac0f4e473c___Crnl_L.Mold 9037.JPG,Tomato___Leaf_Mold,31
data/PlantVillage-Dataset/raw/color/Tomato___Early_blight/fae08468-fe96-4604-9b86-bfe4c4f06999___RS_Erly.B 9530.JPG,Tomato___Early_blight,29
data/PlantVillage-Dataset/raw/color/Grape___Black_rot/ec735567-6db2-4d2e-ab35-d416a6ff0f25___FAM_B.Rot 3183.JPG,Grape___Black_rot,11
data/PlantVillage-Dataset/raw/color/Grape___Esca_(Black_Measles)/0e764e54-e2ba-43bf-914d-23d3cf5a244d___FAM_B.Msls 4274.JPG,Grape___Esca_(Black_Measles),12
data/PlantVillage-Dataset/raw/color/Corn_(maize)___Cercospora_leaf_spot Gray_leaf_spot/d9d2f7df-7161-4d20-b0ee-48f8dc8683de___RS_GLSp 9313.JPG,Corn_(maize)___Cercospora_leaf_spot Gray_leaf_spot,7
data/PlantVillage-Dataset/raw/color/Tomato___Target_Spot/4a7b8d1e-ca1e-4b87-a7bc-0a43720f66dd___Com.G_TgS_FL 9929.JPG,Tomato___Target_Spot,34
data/PlantVillage-Dataset/raw/color/Tomato___Leaf_Mold/822c1a03-77c7-4640-bf3b-055542fda0bb___Crnl_L.Mold 6950.JPG,Tomato___Leaf_Mold,31
data/PlantVillage-Dataset/raw/color/Potato___Late_blight/42451eb3-fb45-4b9a-8dd3-c9b9aa3a29c8___RS_LB 4340.JPG,Potato___Late_blight,21
data/PlantVillage-Dataset/raw/color/Strawberry___Leaf_scorch/9aec2d41-309d-450a-93e8-d4c2e85b0b04___RS_L.Scorch 1441.JPG,Strawberry___Leaf_scorch,26
data/PlantVillage-Dataset/raw/color/Corn_(maize)___Cercospora_leaf_spot Gray_leaf_spot/89edb9c3-2ae7-4a95-937f-74778fc98df0___RS_GLSp 7287.JPG,Corn_(maize)___Cercospora_leaf_spot Gray_leaf_spot,7
data/PlantVillage-Dataset/raw/color/Cherry_(including_sour)___Powdery_mildew/d2886ddb-1696-406e-842d-04e7c5fd1c8a___FREC_Pwd.M 4900.JPG,Cherry_(including_sour)___Powdery_mildew,5
"data/PlantVillage-Dataset/raw/color/Pepper,_bell___Bacterial_spot/19a868e4-5e24-43e8-b61b-a41022340f8e___NREC_B.Spot 1886.JPG","Pepper,_bell___Bacterial_spot",18
data/PlantVillage-Dataset/raw/color/Corn_(maize)___Cercospora_leaf_spot Gray_leaf_spot/0995786c-d397-439a-bfeb-bd897cd431c8___RS_GLSp 9343.JPG,Corn_(maize)___Cercospora_leaf_spot Gray_leaf_spot,7
data/PlantVillage-Dataset/raw/color/Grape___Black_rot/3432b9e9-a51a-4ce2-973e-b91e311ae6ef___FAM_B.Rot 3362.JPG,Grape___Black_rot,11
data/PlantVillage-Dataset/raw/color/Cherry_(including_sour)___Powdery_mildew/21f36453-b011-4ac8-8156-2876561b154c___FREC_Pwd.M 0424.JPG,Cherry_(including_sour)___Powdery_mildew,5
data/PlantVillage-Dataset/raw/color/Grape___Black_rot/9e03a638-fcf6-494b-859f-3beead48e8cd___FAM_B.Rot 0432.JPG,Grape___Black_rot,11
data/PlantVillage-Dataset/raw/color/Strawberry___Leaf_scorch/29e56679-80ca-4254-b95b-392645fd9b7f___RS_L.Scorch 0792.JPG,Strawberry___Leaf_scorch,26
data/PlantVillage-Dataset/raw/color/Tomato___Leaf_Mold/1071fb04-ba12-4c59-a6ef-b43cd16139e5___Crnl_L.Mold 7119.JPG,Tomato___Leaf_Mold,31
data/PlantVillage-Dataset/raw/color/Corn_(maize)___healthy/ba5545b4-4812-42ed-94ee-73fa785156ad___R.S_HL 8227 copy 2.jpg,Corn_(maize)___healthy,10
"data/PlantVillage-Dataset/raw/color/Pepper,_bell___healthy/dbb6495b-0765-4d94-afad-6020819aa893___JR_HL 8233.JPG","Pepper,_bell___healthy",19
data/PlantVillage-Dataset/raw/color/Corn_(maize)___Cercospora_leaf_spot Gray_leaf_spot/3caaee0c-993e-4b59-8e88-ab7ee052ed48___RS_GLSp 4643.JPG,Corn_(maize)___Cercospora_leaf_spot Gray_leaf_spot,7
data/PlantVillage-Dataset/raw/color/Cherry_(including_sour)___healthy/1b4b8772-493c-4dfb-ac02-d46b97a96b6a___JR_HL 4080.JPG,Cherry_(including_sour)___healthy,6
data/PlantVillage-Dataset/raw/color/Squash___Powdery_mildew/7b3e0c57-280c-4927-9677-07e5375b0e54___UMD_Powd.M 0654.JPG,Squash___Powdery_mildew,25
data/PlantVillage-Dataset/raw/color/Raspberry___healthy/1588fdc0-3aa4-4c75-b813-7a62780136ad___Mary_HL 9186.JPG,Raspberry___healthy,23
data/PlantVillage-Dataset/raw/color/Strawberry___healthy/3cffaab3-eb47-4ba7-8596-35445be017fc___RS_HL 2217.JPG,Strawberry___healthy,27
"data/PlantVillage-Dataset/raw/color/Pepper,_bell___healthy/e2157d7b-cb1c-417a-8db6-679a20872be4___JR_HL 5960.JPG","Pepper,_bell___healthy",19
data/PlantVillage-Dataset/raw/color/Tomato___Target_Spot/c799a079-5151-4d82-bc0f-23979da84d4b___Com.G_TgS_FL 0798.JPG,Tomato___Target_Spot,34
data/PlantVillage-Dataset/raw/color/Strawberry___Leaf_scorch/4c881e29-a78c-4b7d-9c75-5b72e29397de___RS_L.Scorch 0973.JPG,Strawberry___Leaf_scorch,26
data/PlantVillage-Dataset/raw/color/Soybean___healthy/dcf80f99-0adf-4ab4-ad8b-54b225f047ba___RS_HL 6442.JPG,Soybean___healthy,24
data/PlantVillage-Dataset/raw/color/Squash___Powdery_mildew/87a37c05-0317-4ac9-8ad5-a2af3b2e22a4___UMD_Powd.M 9666.JPG,Squash___Powdery_mildew,25
data/PlantVillage-Dataset/raw/color/Grape___Esca_(Black_Measles)/8bc43aa5-c8bf-45fa-b1b7-ed28a38e5e6a___FAM_B.Msls 4355.JPG,Grape___Esca_(Black_Measles),12
data/PlantVillage-Dataset/raw/color/Potato___Late_blight/468629f7-6ca2-4823-9a39-d42b4d92c4bb___RS_LB 5312.JPG,Potato___Late_blight,21
"data/PlantVillage-Dataset/raw/color/Pepper,_bell___healthy/8fb8b9da-da17-44e5-8ce6-05c47cd356f4___JR_HL 8087.JPG","Pepper,_bell___healthy",19
data/PlantVillage-Dataset/raw/color/Apple___Apple_scab/6e17c808-c071-4eae-befd-bf7e2ed0d9e1___FREC_Scab 3256.JPG,Apple___Apple_scab,0
data/PlantVillage-Dataset/raw/color/Tomato___Early_blight/bef16984-17c5-4796-9496-85808dfa3a56___RS_Erly.B 9405.JPG,Tomato___Early_blight,29
data/PlantVillage-Dataset/raw/color/Corn_(maize)___healthy/193e6262-e589-4f7d-93b8-c707368ee3b0___R.S_HL 8262 copy.jpg,Corn_(maize)___healthy,10
data/PlantVillage-Dataset/raw/color/Cherry_(including_sour)___healthy/ec107e6d-b18e-458c-9890-113cef2d6b85___JR_HL 4288.JPG,Cherry_(including_sour)___healthy,6
data/PlantVillage-Dataset/raw/color/Peach___Bacterial_spot/4dd5f8b1-0b86-4eb5-a90f-655641827647___Rutg._Bact.S 2339.JPG,Peach___Bacterial_spot,16
data/PlantVillage-Dataset/raw/color/Tomato___Early_blight/0c221e01-a85e-4794-b45b-3a91e349a8d2___RS_Erly.B 6425.JPG,Tomato___Early_blight,29
data/PlantVillage-Dataset/raw/color/Corn_(maize)___Common_rust_/RS_Rust 2288.JPG,Corn_(maize)___Common_rust_,8
data/PlantVillage-Dataset/raw/color/Strawberry___healthy/666a3c73-655c-43e4-a4d3-a9cff6a31b84___RS_HL 4331.JPG,Strawberry___healthy,27
data/PlantVillage-Dataset/raw/color/Raspberry___healthy/dd14b50c-230e-4d4e-aaad-7e7c9c856503___Mary_HL 9146.JPG,Raspberry___healthy,23
data/PlantVillage-Dataset/raw/color/Raspberry___healthy/60b355c2-b031-49e3-bc98-dc5d6bd3f6b1___Mary_HL 9288.JPG,Raspberry___healthy,23
data/PlantVillage-Dataset/raw/color/Tomato___Late_blight/ebc97633-07ff-405a-b186-18b8aa607b9d___GHLB2 Leaf 8635.JPG,Tomato___Late_blight,30
data/PlantVillage-Dataset/raw/color/Cherry_(including_sour)___Powdery_mildew/503409a9-1a72-4cbf-98ab-421139942fd9___FREC_Pwd.M 0296.JPG,Cherry_(including_sour)___Powdery_mildew,5
data/PlantVillage-Dataset/raw/color/Corn_(maize)___Cercospora_leaf_spot Gray_leaf_spot/ade34619-beab-41f6-8cb4-60b336be1cb6___RS_GLSp 7294.JPG,Corn_(maize)___Cercospora_leaf_spot Gray_leaf_spot,7
data/PlantVillage-Dataset/raw/color/Tomato___Tomato_mosaic_virus/d38e784f-9bbb-4c1f-84d1-3464ff0dbc16___PSU_CG 2103.JPG,Tomato___Tomato_mosaic_virus,36
data/PlantVillage-Dataset/raw/color/Soybean___healthy/085d7ee0-14df-4137-ba72-5752d4d242ee___RS_HL 7277.JPG,Soybean___healthy,24
data/PlantVillage-Dataset/raw/color/Corn_(maize)___Common_rust_/RS_Rust 1930.JPG,Corn_(maize)___Common_rust_,8
data/PlantVillage-Dataset/raw/color/Squash___Powdery_mildew/f69976b8-f648-4480-9ed1-9743248c271f___UMD_Powd.M 0493.JPG,Squash___Powdery_mildew,25
data/PlantVillage-Dataset/raw/color/Potato___Late_blight/5551d3fa-ed55-46df-8a35-b3c53ffdcd31___RS_LB 4138.JPG,Potato___Late_blight,21
data/PlantVillage-Dataset/raw/color/Tomato___healthy/387dd4db-733b-4d6a-b87e-77ab2f2890a8___RS_HL 9866.JPG,Tomato___healthy,37
data/PlantVillage-Dataset/raw/color/Peach___Bacterial_spot/1bd8b031-51e2-4415-90b9-94fa4f0d6942___Rutg._Bact.S 2161.JPG,Peach___Bacterial_spot,16
data/PlantVillage-Dataset/raw/color/Potato___healthy/f4b5ec24-d318-4309-8294-9126450d5d7f___RS_HL 1824.JPG,Potato___healthy,22
data/PlantVillage-Dataset/raw/color/Cherry_(including_sour)___healthy/1569c85f-1995-4dc3-8ffd-663c932f6367___JR_HL 4042.JPG,Cherry_(including_sour)___healthy,6
data/PlantVillage-Dataset/raw/color/Strawberry___Leaf_scorch/7e20f02a-24d1-4200-9a37-53a4d8c14d86___RS_L.Scorch 0019.JPG,Strawberry___Leaf_scorch,26
data/PlantVillage-Dataset/raw/color/Tomato___Target_Spot/4a144d06-1caf-4e45-84f5-c4b5196ed52f___Com.G_TgS_FL 8167.JPG,Tomato___Target_Spot,34
data/PlantVillage-Dataset/raw/color/Peach___healthy/0d082b09-eca2-4ee5-b7b5-e840590bceac___Rutg._HL 3574.JPG,Peach___healthy,17
data/PlantVillage-Dataset/raw/color/Tomato___Spider_mites Two-spotted_spider_mite/8f95a0cc-1a3c-477d-8872-8638f1df5361___Com.G_SpM_FL 8833.JPG,Tomato___Spider_mites Two-spotted_spider_mite,33
data/PlantVillage-Dataset/raw/color/Potato___Late_blight/891ddb02-a289-4d8e-8380-7568686b7a08___RS_LB 3193.JPG,Potato___Late_blight,21
data/PlantVillage-Dataset/raw/color/Tomato___Leaf_Mold/e98c3ab2-eb39-48a5-8beb-d11995a55015___Crnl_L.Mold 9185.JPG,Tomato___Leaf_Mold,31
data/PlantVillage-Dataset/raw/color/Peach___healthy/bc466949-b09d-4cd4-82ab-72f5853c2441___Rutg._HL 3753.JPG,Peach___healthy,17
data/PlantVillage-Dataset/raw/color/Blueberry___healthy/35d74ab4-803a-44df-b146-eddbaeeef764___RS_HL 5465.JPG,Blueberry___healthy,4
data/PlantVillage-Dataset/raw/color/Peach___Bacterial_spot/1836e3c3-1ca4-48da-8691-790c88e6e918___Rut._Bact.S 1551.JPG,Peach___Bacterial_spot,16
data/PlantVillage-Dataset/raw/color/Corn_(maize)___healthy/7c28a1e2-08fb-406d-9fad-769be3096e85___R.S_HL 0603 copy 2.jpg,Corn_(maize)___healthy,10
data/PlantVillage-Dataset/raw/color/Grape___healthy/5a165993-9c98-476f-a818-0145dd33f18e___Mt.N.V_HL 8932.JPG,Grape___healthy,14
data/PlantVillage-Dataset/raw/color/Tomato___Early_blight/cfe67544-6d8c-48e5-af01-51732c571cb5___RS_Erly.B 8291.JPG,Tomato___Early_blight,29
data/PlantVillage-Dataset/raw/color/Potato___Early_blight/0fd22207-cb37-42a1-965f-7dfe43f9d579___RS_Early.B 6876.JPG,Potato___Early_blight,20
data/PlantVillage-Dataset/raw/color/Potato___Early_blight/f917c191-cca4-4a78-8238-a40b586f9058___RS_Early.B 7945.JPG,Potato___Early_blight,20
data/PlantVillage-Dataset/raw/color/Apple___Black_rot/255dd1a9-d4cf-4b38-9872-8f8bc6746703___JR_FrgE.S 3040.JPG,Apple___Black_rot,1
data/PlantVillage-Dataset/raw/color/Cherry_(including_sour)___healthy/d96c8119-e1f1-485d-a92d-6e542ec0ab7b___JR_HL 4017.JPG,Cherry_(including_sour)___healthy,6
data/PlantVillage-Dataset/raw/color/Blueberry___healthy/491e1fb8-ca02-4f86-94ce-0a2a7c2ca879___RS_HL 5062.JPG,Blueberry___healthy,4
data/PlantVillage-Dataset/raw/color/Apple___healthy/def9ef11-75da-4f8f-8334-c6c54a31d3d6___RS_HL 5936.JPG,Apple___healthy,3
data/PlantVillage-Dataset/raw/color/Cherry_(including_sour)___Powdery_mildew/14990ce5-7f83-4a3e-b9ae-23d4db64213e___FREC_Pwd.M 4530.JPG,Cherry_(including_sour)___Powdery_mildew,5
data/PlantVillage-Dataset/raw/color/Potato___Late_blight/0eb24a67-a174-43db-86c7-cca8795942a2___RS_LB 4722.JPG,Potato___Late_blight,21
"data/PlantVillage-Dataset/raw/color/Pepper,_bell___healthy/9993c341-5a73-4ad2-ae78-2ea7d3c1ccf7___JR_HL 7710.JPG","Pepper,_bell___healthy",19
data/PlantVillage-Dataset/raw/color/Grape___Leaf_blight_(Isariopsis_Leaf_Spot)/0e657a49-cf86-451a-87e3-075eb97e263b___FAM_L.Blight 1673.JPG,Grape___Leaf_blight_(Isariopsis_Leaf_Spot),13
data/PlantVillage-Dataset/raw/color/Grape___Leaf_blight_(Isariopsis_Leaf_Spot)/19501b3c-e32e-4981-be1a-752886103c67___FAM_L.Blight 1622.JPG,Grape___Leaf_blight_(Isariopsis_Leaf_Spot),13
data/PlantVillage-Dataset/raw/color/Strawberry___Leaf_scorch/c944933f-ef35-443a-b9fc-a53538ebdc3e___RS_L.Scorch 9903.JPG,Strawberry___Leaf_scorch,26
data/PlantVillage-Dataset/raw/color/Grape___Leaf_blight_(Isariopsis_Leaf_Spot)/561e86ba-07ce-439f-9331-a9fa614925db___FAM_L.Blight 4879.JPG,Grape___Leaf_blight_(Isariopsis_Leaf_Spot),13
data/PlantVillage-Dataset/raw/color/Tomato___Early_blight/851570c6-01ac-49e1-a37e-a657ebd46cba___RS_Erly.B 7717.JPG,Tomato___Early_blight,29
data/PlantVillage-Dataset/raw/color/Corn_(maize)___Common_rust_/RS_Rust 2247.JPG,Corn_(maize)___Common_rust_,8
data/PlantVillage-Dataset/raw/color/Potato___Early_blight/c630212c-205f-469d-bb8d-9a143f65ab03___RS_Early.B 9000.JPG,Potato___Early_blight,20
data/PlantVillage-Dataset/raw/color/Corn_(maize)___healthy/c12df11f-fd72-43ea-98b6-b42bd71b9ed9___R.S_HL 8048 copy 2.jpg,Corn_(maize)___healthy,10
data/PlantVillage-Dataset/raw/color/Orange___Haunglongbing_(Citrus_greening)/6095b527-b3fe-4f5b-a2ce-5f0e7a14359d___CREC_HLB 4035.JPG,Orange___Haunglongbing_(Citrus_greening),15
data/PlantVillage-Dataset/raw/color/Tomato___Late_blight/e6636324-6e8e-4981-8bb7-5deafced5fbd___RS_Late.B 5228.JPG,Tomato___Late_blight,30
data/PlantVillage-Dataset/raw/color/Grape___Leaf_blight_(Isariopsis_Leaf_Spot)/1ce71910-cd4c-49ed-83a3-1e5534984145___FAM_L.Blight 5004.JPG,Grape___Leaf_blight_(Isariopsis_Leaf_Spot),13
data/PlantVillage-Dataset/raw/color/Orange___Haunglongbing_(Citrus_greening)/21cf378e-13c7-4351-a29f-d6cb159496a1___CREC_HLB 5515.JPG,Orange___Haunglongbing_(Citrus_greening),15
data/PlantVillage-Dataset/raw/color/Grape___Esca_(Black_Measles)/da2ded91-338e-47db-a640-269590ea2b8b___FAM_B.Msls 1127.JPG,Grape___Esca_(Black_Measles),12
data/PlantVillage-Dataset/raw/color/Cherry_(including_sour)___Powdery_mildew/776bd11d-e7d0-404c-a356-2168ab65bb7c___FREC_Pwd.M 0339.JPG,Cherry_(including_sour)___Powdery_mildew,5
data/PlantVillage-Dataset/raw/color/Tomato___Leaf_Mold/86e29af1-d73d-4403-b436-247705413f6d___Crnl_L.Mold 6599.JPG,Tomato___Leaf_Mold,31
"data/PlantVillage-Dataset/raw/color/Pepper,_bell___healthy/0eeb924f-88db-44e6-a278-e016fa2d25a4___JR_HL 8016.JPG","Pepper,_bell___healthy",19
data/PlantVillage-Dataset/raw/color/Apple___Apple_scab/154842bb-6ee3-4176-9007-cf7a43cfe140___FREC_Scab 3434.JPG,Apple___Apple_scab,0
data/PlantVillage-Dataset/raw/color/Grape___Esca_(Black_Measles)/e518814c-da2c-40c0-856a-a3d43c1e404b___FAM_B.Msls 3980.JPG,Grape___Esca_(Black_Measles),12
data/PlantVillage-Dataset/raw/color/Corn_(maize)___healthy/79a3c505-b637-4ebb-b7e9-61f46bc0eb0b___R.S_HL 7922 copy.jpg,Corn_(maize)___healthy,10
data/PlantVillage-Dataset/raw/color/Apple___Cedar_apple_rust/bee59bef-1155-40bd-97a3-8c600c33e6b5___FREC_C.Rust 0082.JPG,Apple___Cedar_apple_rust,2
data/PlantVillage-Dataset/raw/color/Tomato___Early_blight/82b12772-f0ea-4d47-9e1e-8f03bb1c20c5___RS_Erly.B 7429.JPG,Tomato___Early_blight,29
data/PlantVillage-Dataset/raw/color/Apple___Cedar_apple_rust/5d85daec-3dd3-4c35-aceb-2a9cf0eb87ad___FREC_C.Rust 3710.JPG,Apple___Cedar_apple_rust,2
data/PlantVillage-Dataset/raw/color/Tomato___Tomato_Yellow_Leaf_Curl_Virus/00a538f3-8421-43ab-9e6f-758d36180dd3___YLCV_NREC 2667.JPG,Tomato___Tomato_Yellow_Leaf_Curl_Virus,35
data/PlantVillage-Dataset/raw/color/Corn_(maize)___Common_rust_/RS_Rust 1837.JPG,Corn_(maize)___Common_rust_,8
data/PlantVillage-Dataset/raw/color/Raspberry___healthy/11eb28ed-0d05-46c9-a2a8-e325d8bf2b38___Mary_HL 9265.JPG,Raspberry___healthy,23
data/PlantVillage-Dataset/raw/color/Apple___healthy/70491e38-2a9e-4fb7-9ab5-dfa49d46b202___RS_HL 7758.JPG,Apple___healthy,3
data/PlantVillage-Dataset/raw/color/Apple___Black_rot/30ff1b97-0850-4224-a176-bfa284d92a24___JR_FrgE.S 2940.JPG,Apple___Black_rot,1
data/PlantVillage-Dataset/raw/color/Cherry_(including_sour)___Powdery_mildew/e1c9896e-a3a6-401a-b3fd-325b8052365b___FREC_Pwd.M 0376.JPG,Cherry_(including_sour)___Powdery_mildew,5
data/PlantVillage-Dataset/raw/color/Blueberry___healthy/f0214e05-4d69-4519-ab9c-778604c5013a___RS_HL 2318.JPG,Blueberry___healthy,4
data/PlantVillage-Dataset/raw/color/Peach___healthy/24d4b0a7-a803-493d-a07d-9836f266bd82___Rutg._HL 3580.JPG,Peach___healthy,17
data/PlantVillage-Dataset/raw/color/Grape___Black_rot/178456dc-6b03-4f5f-8503-8550b0d5f49a___FAM_B.Rot 3626.JPG,Grape___Black_rot,11
data/PlantVillage-Dataset/raw/color/Cherry_(including_sour)___Powdery_mildew/f7f22a1d-718d-4b6d-ac7a-e0121d97d55e___FREC_Pwd.M 4533.JPG,Cherry_(including_sour)___Powdery_mildew,5
data/PlantVillage-Dataset/raw/color/Squash___Powdery_mildew/ca503b18-e863-422d-a72c-3a8ae0e9d945___UMD_Powd.M 0718.JPG,Squash___Powdery_mildew,25
data/PlantVillage-Dataset/raw/color/Corn_(maize)___Cercospora_leaf_spot Gray_leaf_spot/74967cb3-e984-43f3-9bd3-74ba302b1db7___RS_GLSp 4555.JPG,Corn_(maize)___Cercospora_leaf_spot Gray_leaf_spot,7
data/PlantVillage-Dataset/raw/color/Blueberry___healthy/388765f2-1bee-49ed-a9b5-a3222bd64be9___RS_HL 2352.JPG,Blueberry___healthy,4
data/PlantVillage-Dataset/raw/color/Grape___Black_rot/244704b0-04bb-4cf8-aa12-cde3425ecf77___FAM_B.Rot 5079.JPG,Grape___Black_rot,11
data/PlantVillage-Dataset/raw/color/Grape___Black_rot/85604599-9409-4a23-99ee-b08e778a11c2___FAM_B.Rot 3395.JPG,Grape___Black_rot,11
data/PlantVillage-Dataset/raw/color/Apple___healthy/2bf54e83-c962-4b46-84b1-d5a8a7b686da___RS_HL 5858.JPG,Apple___healthy,3
data/PlantVillage-Dataset/raw/color/Tomato___Spider_mites Two-spotted_spider_mite/3d74d3e8-d946-4270-b762-19b0d1552351___Com.G_SpM_FL 1413.JPG,Tomato___Spider_mites Two-spotted_spider_mite,33
data/PlantVillage-Dataset/raw/color/Potato___Early_blight/e50e7166-a67d-4207-a49c-0240b0218d48___RS_Early.B 8907.JPG,Potato___Early_blight,20
data/PlantVillage-Dataset/raw/color/Soybean___healthy/f9a407fd-cec9-4d61-ad4e-243df2243b21___RS_HL 2762.JPG,Soybean___healthy,24
data/PlantVillage-Dataset/raw/color/Squash___Powdery_mildew/3e784b2d-7040-4541-b310-926b3b296f8a___UMD_Powd.M 0474.JPG,Squash___Powdery_mildew,25
data/PlantVillage-Dataset/raw/color/Apple___Black_rot/b48b4bc3-f7dc-4c57-90eb-0bc29c8c1b5f___JR_FrgE.S 2744.JPG,Apple___Black_rot,1
data/PlantVillage-Dataset/raw/color/Tomato___Tomato_mosaic_virus/739ccd84-1026-4871-8f5c-2320c205fe2e___PSU_CG 2399.JPG,Tomato___Tomato_mosaic_virus,36
data/PlantVillage-Dataset/raw/color/Squash___Powdery_mildew/3fa89418-7b78-4d63-b190-78802401416f___MD_Powd.M 1023.JPG,Squash___Powdery_mildew,25
data/PlantVillage-Dataset/raw/color/Apple___Black_rot/e07b2429-8ae5-42dd-8ce8-1e94887ea6df___JR_FrgE.S 8812.JPG,Apple___Black_rot,1
data/PlantVillage-Dataset/raw/color/Corn_(maize)___Common_rust_/RS_Rust 2531.JPG,Corn_(maize)___Common_rust_,8
data/PlantVillage-Dataset/raw/color/Potato___healthy/7948ada9-eabc-4cb7-a579-b73e938eb716___RS_HL 4185.JPG,Potato___healthy,22
data/PlantVillage-Dataset/raw/color/Corn_(maize)___Common_rust_/RS_Rust 2717.JPG,Corn_(maize)___Common_rust_,8
data/PlantVillage-Dataset/raw/color/Apple___Apple_scab/cd7bc55c-1c47-4af7-9875-f29147d54115___FREC_Scab 3471.JPG,Apple___Apple_scab,0
data/PlantVillage-Dataset/raw/color/Corn_(maize)___Northern_Leaf_Blight/95b2bcb7-56f0-47e0-82d1-7328e6863de9___RS_NLB 0787.JPG,Corn_(maize)___Northern_Leaf_Blight,9
data/PlantVillage-Dataset/raw/color/Strawberry___healthy/0e527d62-de6c-4ab5-bb49-f7a6686d207b___RS_HL 4808.JPG,Strawberry___healthy,27
data/PlantVillage-Dataset/raw/color/Tomato___Spider_mites Two-spotted_spider_mite/2a686a22-3384-43b6-a0e1-4b176ebde206___Com.G_SpM_FL 9635.JPG,Tomato___Spider_mites Two-spotted_spider_mite,33
data/PlantVillage-Dataset/raw/color/Orange___Haunglongbing_(Citrus_greening)/eab16821-65e7-4e22-bb17-1510a354b20e___CREC_HLB 7004.JPG,Orange___Haunglongbing_(Citrus_greening),15
data/PlantVillage-Dataset/raw/color/Grape___Esca_(Black_Measles)/9d643ae5-1e5f-48ea-9e9f-a2de9d8463cb___FAM_B.Msls 1815.JPG,Grape___Esca_(Black_Measles),12
data/PlantVillage-Dataset/raw/color/Tomato___healthy/6f6db1db-e3d1-4715-b46e-d0c64524da81___GH_HL Leaf 502.4.JPG,Tomato___healthy,37
data/PlantVillage-Dataset/raw/color/Strawberry___Leaf_scorch/44c71e0e-8fc0-4f72-a073-7bed968b9e87___RS_L.Scorch 1482.JPG,Strawberry___Leaf_scorch,26
data/PlantVillage-Dataset/raw/color/Tomato___Spider_mites Two-spotted_spider_mite/8979cbcd-62c9-4891-a428-f01bd2d177fa___Com.G_SpM_FL 9259.JPG,Tomato___Spider_mites Two-spotted_spider_mite,33
data/PlantVillage-Dataset/raw/color/Grape___Esca_(Black_Measles)/e4852b88-474d-45a0-af73-54443db119f3___FAM_B.Msls 3883.JPG,Grape___Esca_(Black_Measles),12
data/PlantVillage-Dataset/raw/color/Tomato___Late_blight/8d611dca-11e1-4970-9806-599173ed158d___RS_Late.B 5181.JPG,Tomato___Late_blight,30
data/PlantVillage-Dataset/raw/color/Tomato___Tomato_Yellow_Leaf_Curl_Virus/538b6523-416b-401b-b739-5b0f88f65b41___YLCV_NREC 0279.JPG,Tomato___Tomato_Yellow_Leaf_Curl_Virus,35
data/PlantVillage-Dataset/raw/color/Apple___Cedar_apple_rust/46597071-9826-4f76-b853-083b76c5ef63___FREC_C.Rust 3666.JPG,Apple___Cedar_apple_rust,2
data/PlantVillage-Dataset/raw/color/Raspberry___healthy/9883b697-ad21-45e2-b7b4-1c2536a4e57a___Mary_HL 6310.JPG,Raspberry___healthy,23
data/PlantVillage-Dataset/raw/color/Grape___Black_rot/5438fe9e-1922-4e2c-8371-993cf0dbb506___FAM_B.Rot 0697.JPG,Grape___Black_rot,11
data/PlantVillage-Dataset/raw/color/Grape___Leaf_blight_(Isariopsis_Leaf_Spot)/effe2ed2-5133-4d25-ae1e-7ad8cc37d4f1___FAM_L.Blight 1482.JPG,Grape___Leaf_blight_(Isariopsis_Leaf_Spot),13
data/PlantVillage-Dataset/raw/color/Strawberry___Leaf_scorch/3f21964d-583e-4773-9922-8f1cbc8c0e02___RS_L.Scorch 1377.JPG,Strawberry___Leaf_scorch,26
data/PlantVillage-Dataset/raw/color/Tomato___healthy/ab1658d8-ef48-4068-b2b5-ce49fb3d06c0___GH_HL Leaf 397.1.JPG,Tomato___healthy,37
data/PlantVillage-Dataset/raw/color/Apple___Cedar_apple_rust/1798ac41-0f49-4007-9df5-7e41e3077e51___FREC_C.Rust 3656.JPG,Apple___Cedar_apple_rust,2
data/PlantVillage-Dataset/raw/color/Corn_(maize)___Northern_Leaf_Blight/ef51615e-208a-4af4-a392-29abe4c5d008___RS_NLB 4062 copy 2.jpg,Corn_(maize)___Northern_Leaf_Blight,9
data/PlantVillage-Dataset/raw/color/Tomato___Leaf_Mold/876b7bac-c03b-468e-a7c8-67a3c2ba2526___Crnl_L.Mold 6646.JPG,Tomato___Leaf_Mold,31
data/PlantVillage-Dataset/raw/color/Peach___Bacterial_spot/e109b7ad-3cad-4810-a854-04249b7d9ccd___Rutg._Bact.S 1925.JPG,Peach___Bacterial_spot,16
data/PlantVillage-Dataset/raw/color/Tomato___Septoria_leaf_spot/cbf33493-c9d7-486c-90c7-0e1117aec294___Matt.S_CG 7472.JPG,Tomato___Septoria_leaf_spot,32
data/PlantVillage-Dataset/raw/color/Potato___Late_blight/a440233c-0ef8-408f-8ebb-1c12e8bc4464___RS_LB 4768.JPG,Potato___Late_blight,21
data/PlantVillage-Dataset/raw/color/Tomato___Spider_mites Two-spotted_spider_mite/b67eae18-67c7-4b28-bbb4-27b94f29ecbe___Com.G_SpM_FL 8552.JPG,Tomato___Spider_mites Two-spotted_spider_mite,33
data/PlantVillage-Dataset/raw/color/Corn_(maize)___Cercospora_leaf_spot Gray_leaf_spot/801db508-6c7c-45b4-9687-13c73e1e074f___RS_GLSp 7279.JPG,Corn_(maize)___Cercospora_leaf_spot Gray_leaf_spot,7
data/PlantVillage-Dataset/raw/color/Grape___healthy/0cd6cdbd-1674-4abb-b734-756da4994cd0___Mt.N.V_HL 6052.JPG,Grape___healthy,14
data/PlantVillage-Dataset/raw/color/Peach___healthy/d3025c79-1ee2-420c-9949-c3d208010dad___Rutg._HL 2413.JPG,Peach___healthy,17
data/PlantVillage-Dataset/raw/color/Tomato___Early_blight/b63549aa-e944-482e-9329-3b1fb95f92c8___RS_Erly.B 9597.JPG,Tomato___Early_blight,29
data/PlantVillage-Dataset/raw/color/Tomato___Spider_mites Two-spotted_spider_mite/febac495-362b-45cb-b0fd-c6557ce98c40___Com.G_SpM_FL 1369.JPG,Tomato___Spider_mites Two-spotted_spider_mite,33
data/PlantVillage-Dataset/raw/color/Cherry_(including_sour)___healthy/3d0f1419-3735-45f6-83c9-2db22c2d97f8___JR_HL 9731.JPG,Cherry_(including_sour)___healthy,6
data/PlantVillage-Dataset/raw/color/Tomato___healthy/64518a58-5c06-4a14-9ab6-2c4f71456050___GH_HL Leaf 394.JPG,Tomato___healthy,37
data/PlantVillage-Dataset/raw/color/Potato___Late_blight/10f41035-20e2-4037-96b6-474ce343d6c2___RS_LB 2725.JPG,Potato___Late_blight,21
data/PlantVillage-Dataset/raw/color/Apple___Apple_scab/a7609a35-fd75-4ec3-868a-eb97b9ffd096___FREC_Scab 3032.JPG,Apple___Apple_scab,0
data/PlantVillage-Dataset/raw/color/Grape___Leaf_blight_(Isariopsis_Leaf_Spot)/66611e37-7ab9-4b37-a6b2-57ac36024b78___FAM_L.Blight 4968.JPG,Grape___Leaf_blight_(Isariopsis_Leaf_Spot),13
data/PlantVillage-Dataset/raw/color/Tomato___Early_blight/ad898210-9539-4fe4-abf0-a568b57ff205___RS_Erly.B 6336.JPG,Tomato___Early_blight,29
data/PlantVillage-Dataset/raw/color/Apple___Cedar_apple_rust/46aef257-999e-4158-9107-c5f5c7c8016a___FREC_C.Rust 4147.JPG,Apple___Cedar_apple_rust,2
data/PlantVillage-Dataset/raw/color/Potato___healthy/3edf7c3f-73e0-439c-870d-76cfd7c3bc45___RS_HL 1859.JPG,Potato___healthy,22
data/PlantVillage-Dataset/raw/color/Potato___Early_blight/8a9f0340-d5d1-479b-9dc5-d8df11685951___RS_Early.B 7024.JPG,Potato___Early_blight,20
data/PlantVillage-Dataset/raw/color/Corn_(maize)___Cercospora_leaf_spot Gray_leaf_spot/fbcc9f67-8f83-4262-b7a6-26bf59d5fefb___RS_GLSp 4424.JPG,Corn_(maize)___Cercospora_leaf_spot Gray_leaf_spot,7
data/PlantVillage-Dataset/raw/color/Cherry_(including_sour)___Powdery_mildew/c20cdaa2-54fc-4bed-9f9e-a82495f889ea___FREC_Pwd.M 4559.JPG,Cherry_(including_sour)___Powdery_mildew,5
data/PlantVillage-Dataset/raw/color/Soybean___healthy/88f6c067-aa21-4955-90a7-c333ed7cb549___RS_HL 4706.JPG,Soybean___healthy,24
"data/PlantVillage-Dataset/raw/color/Pepper,_bell___healthy/15e3f3e1-3925-436c-9fbc-7076986978b1___JR_HL 8140.JPG","Pepper,_bell___healthy",19
data/PlantVillage-Dataset/raw/color/Strawberry___Leaf_scorch/e4f0a3a5-2de6-4496-83fa-8a3c015eed00___RS_L.Scorch 1561.JPG,Strawberry___Leaf_scorch,26
data/PlantVillage-Dataset/raw/color/Strawberry___Leaf_scorch/f7fbc156-4bc0-4156-9294-3d288abe6dbf___RS_L.Scorch 0805.JPG,Strawberry___Leaf_scorch,26
data/PlantVillage-Dataset/raw/color/Apple___Black_rot/4fd1092b-5d44-420c-9ea1-b10dc775ecb9___JR_FrgE.S 2903.JPG,Apple___Black_rot,1
data/PlantVillage-Dataset/raw/color/Apple___Black_rot/0bc40cc3-6a85-480e-a22f-967a866a56a1___JR_FrgE.S 2784.JPG,Apple___Black_rot,1
data/PlantVillage-Dataset/raw/color/Potato___Late_blight/1a6fc494-81dd-4649-ad8d-a5a6e58a2aa7___RS_LB 2618.JPG,Potato___Late_blight,21
data/PlantVillage-Dataset/raw/color/Strawberry___healthy/0370bc9b-c0c8-49b5-b999-c44323c45216___RS_HL 2202.JPG,Strawberry___healthy,27
data/PlantVillage-Dataset/raw/color/Tomato___Late_blight/d5d97236-2cf4-4910-a0a9-b15223afbdbf___RS_Late.B 6049.JPG,Tomato___Late_blight,30
data/PlantVillage-Dataset/raw/color/Potato___Late_blight/c1389cbc-d327-478b-92b3-550c3210ed5a___RS_LB 4025.JPG,Potato___Late_blight,21
data/PlantVillage-Dataset/raw/color/Tomato___Tomato_Yellow_Leaf_Curl_Virus/463e71e6-8b91-4e9b-ae83-0581894c3190___YLCV_NREC 0264.JPG,Tomato___Tomato_Yellow_Leaf_Curl_Virus,35
data/PlantVillage-Dataset/raw/color/Apple___Cedar_apple_rust/6a858b72-4061-4fa1-a83d-04d83f83ad77___FREC_C.Rust 4281.JPG,Apple___Cedar_apple_rust,2
data/PlantVillage-Dataset/raw/color/Potato___Early_blight/89d4dba2-3d9c-46fe-bac3-6be833b01351___RS_Early.B 6749.JPG,Potato___Early_blight,20
data/PlantVillage-Dataset/raw/color/Cherry_(including_sour)___Powdery_mildew/570b41af-d7c0-4ef0-a403-0824a2f4d408___FREC_Pwd.M 5018.JPG,Cherry_(including_sour)___Powdery_mildew,5
data/PlantVillage-Dataset/raw/color/Tomato___Septoria_leaf_spot/54aacda6-8c9c-4112-891e-cc1612a7238d___Matt.S_CG 6290.JPG,Tomato___Septoria_leaf_spot,32
data/PlantVillage-Dataset/raw/color/Cherry_(including_sour)___healthy/3c3e26f4-6a9e-4d98-9e4c-1bed9d51e7b3___JR_HL 4225.JPG,Cherry_(including_sour)___healthy,6
data/PlantVillage-Dataset/raw/color/Grape___Esca_(Black_Measles)/4bef5630-93d6-4fe6-b814-a2320bfee67e___FAM_B.Msls 0859.JPG,Grape___Esca_(Black_Measles),12
data/PlantVillage-Dataset/raw/color/Strawberry___Leaf_scorch/9e846d22-58de-43af-97b3-b52eec137369___RS_L.Scorch 1230.JPG,Strawberry___Leaf_scorch,26
"data/PlantVillage-Dataset/raw/color/Pepper,_bell___Bacterial_spot/968ac529-2487-4400-b495-423d49d69831___NREC_B.Spot 9238.JPG","Pepper,_bell___Bacterial_spot",18
data/PlantVillage-Dataset/raw/color/Peach___Bacterial_spot/59e2ca2e-29d3-4ea2-bb06-159c6cddb0a6___Rutg._Bact.S 2298.JPG,Peach___Bacterial_spot,16
data/PlantVillage-Dataset/raw/color/Soybean___healthy/8105be5d-5804-496b-90de-f12141221b0b___RS_HL 5745.JPG,Soybean___healthy,24
data/PlantVillage-Dataset/raw/color/Apple___healthy/20c2fcd9-0df2-4a18-a976-5a4f2e3f22aa___RS_HL 7882.JPG,Apple___healthy,3
data/PlantVillage-Dataset/raw/color/Corn_(maize)___healthy/833d16ec-bdc3-47ec-9a67-d5080a6e0c91___R.S_HL 8106 copy 2.jpg,Corn_(maize)___healthy,10
data/PlantVillage-Dataset/raw/color/Tomato___Early_blight/89e0c6b5-8812-4a16-92eb-e63401b50051___RS_Erly.B 9589.JPG,Tomato___Early_blight,29
data/PlantVillage-Dataset/raw/color/Cherry_(including_sour)___Powdery_mildew/dc8bb3fa-1be2-4cb3-8f92-a9d3a9bb5af9___FREC_Pwd.M 5114.JPG,Cherry_(including_sour)___Powdery_mildew,5
"data/PlantVillage-Dataset/raw/color/Pepper,_bell___Bacterial_spot/ac6e6cad-2932-4af0-ad68-fdf044eecc8c___NREC_B.Spot 1796.JPG","Pepper,_bell___Bacterial_spot",18
data/PlantVillage-Dataset/raw/color/Soybean___healthy/03215c62-cd81-4e62-8934-a210550c085b___RS_HL 4468.JPG,Soybean___healthy,24
data/PlantVillage-Dataset/raw/color/Corn_(maize)___healthy/d51f3036-3389-4f44-96f6-e88f5f04604d___R.S_HL 8058 copy 2.jpg,Corn_(maize)___healthy,10
data/PlantVillage-Dataset/raw/color/Soybean___healthy/15857bd6-9356-49d1-8f52-c37460dfe6fa___RS_HL 3849.JPG,Soybean___healthy,24
data/PlantVillage-Dataset/raw/color/Soybean___healthy/ebe18334-28b0-4d3b-9d89-9b623c99a24c___RS_HL 4393.JPG,Soybean___healthy,24
data/PlantVillage-Dataset/raw/color/Apple___Apple_scab/a6ba4b1c-285a-432d-ae70-df3e37e5e6c1___FREC_Scab 3002.JPG,Apple___Apple_scab,0
data/PlantVillage-Dataset/raw/color/Tomato___Leaf_Mold/707469c1-31f4-4c33-ae84-432e70e0c399___Crnl_L.Mold 9034.JPG,Tomato___Leaf_Mold,31
data/PlantVillage-Dataset/raw/color/Tomato___healthy/1a0c4408-634e-4bd5-948d-e73ca5572976___RS_HL 0146.JPG,Tomato___healthy,37
data/PlantVillage-Dataset/raw/color/Grape___Black_rot/91d6b325-610c-4a72-952f-f996581f7809___FAM_B.Rot 0391.JPG,Grape___Black_rot,11
data/PlantVillage-Dataset/raw/color/Squash___Powdery_mildew/f64d3fb8-f5d9-495e-9751-7a0b53c96203___UMD_Powd.M 0605.JPG,Squash___Powdery_mildew,25
data/PlantVillage-Dataset/raw/color/Apple___Apple_scab/d608ac35-eaf8-43e2-b429-f9b433126023___FREC_Scab 3386.JPG,Apple___Apple_scab,0
data/PlantVillage-Dataset/raw/color/Grape___healthy/55afb57b-04f7-437c-92ae-d2b859de5fc1___Mt.N.V_HL 8974.JPG,Grape___healthy,14
data/PlantVillage-Dataset/raw/color/Tomato___Bacterial_spot/e59a54d3-77fa-4547-8ba6-cc5ee7b0591a___GCREC_Bact.Sp 3827.JPG,Tomato___Bacterial_spot,28
data/PlantVillage-Dataset/raw/color/Tomato___Septoria_leaf_spot/9440c32c-d801-4641-9977-a518c736dc17___Matt.S_CG 7374.JPG,Tomato___Septoria_leaf_spot,32
data/PlantVillage-Dataset/raw/color/Tomato___Late_blight/a4c94aed-b771-4e61-bbd6-dab1e94a3a47___GHLB2 Leaf 8928.JPG,Tomato___Late_blight,30
data/PlantVillage-Dataset/raw/color/Potato___Early_blight/4019e40b-0175-462a-b6bb-228cf42c1a65___RS_Early.B 8256.JPG,Potato___Early_blight,20
data/PlantVillage-Dataset/raw/color/Corn_(maize)___Northern_Leaf_Blight/9bc5549b-6193-4d07-961c-e9a3a3f639ba___RS_NLB 0788.JPG,Corn_(maize)___Northern_Leaf_Blight,9
data/PlantVillage-Dataset/raw/color/Tomato___Tomato_mosaic_virus/656459eb-a35c-426b-8ee9-45d4a4076b5b___PSU_CG 2228.JPG,Tomato___Tomato_mosaic_virus,36
data/PlantVillage-Dataset/raw/color/Potato___Late_blight/c7853012-d4e6-4c0d-a14d-1220a0a6d3b1___RS_LB 3871.JPG,Potato___Late_blight,21
data/PlantVillage-Dataset/raw/color/Corn_(maize)___healthy/5a92ab9e-726b-4f63-9629-736509128ae0___R.S_HL 8294 copy.jpg,Corn_(maize)___healthy,10
data/PlantVillage-Dataset/raw/color/Strawberry___Leaf_scorch/b67fa831-943c-41d4-9c7c-978dba390916___RS_L.Scorch 0967.JPG,Strawberry___Leaf_scorch,26
data/PlantVillage-Dataset/raw/color/Corn_(maize)___Northern_Leaf_Blight/c12432b0-42be-456f-abb0-8cf30437498b___RS_NLB  4610.JPG,Corn_(maize)___Northern_Leaf_Blight,9
data/PlantVillage-Dataset/raw/color/Tomato___healthy/2ee6d2c6-a766-422c-a710-e89582d8155e___GH_HL Leaf 470.JPG,Tomato___healthy,37
data/PlantVillage-Dataset/raw/color/Potato___Late_blight/7460b5a9-4356-40b3-acf6-e61601a63b62___RS_LB 4965.JPG,Potato___Late_blight,21
data/PlantVillage-Dataset/raw/color/Apple___healthy/acbdd971-62fa-4109-a0b7-38b6eae4d748___RS_HL 5939.JPG,Apple___healthy,3
data/PlantVillage-Dataset/raw/color/Orange___Haunglongbing_(Citrus_greening)/81b08e95-b231-4f08-baa0-ec6fad4faed9___CREC_HLB 6860.JPG,Orange___Haunglongbing_(Citrus_greening),15
data/PlantVillage-Dataset/raw/color/Tomato___Leaf_Mold/4ff6a1de-00e2-401b-b6c2-e523289a9228___Crnl_L.Mold 6715.JPG,Tomato___Leaf_Mold,31
data/PlantVillage-Dataset/raw/color/Apple___healthy/041482f6-6dd6-4ac9-9e59-e973c9bcaf6d___RS_HL 8155.JPG,Apple___healthy,3
data/PlantVillage-Dataset/raw/color/Cherry_(including_sour)___Powdery_mildew/edfe5673-2ddd-4908-ba5f-692bf590952c___FREC_Pwd.M 4693.JPG,Cherry_(including_sour)___Powdery_mildew,5
data/PlantVillage-Dataset/raw/color/Tomato___Tomato_mosaic_virus/e03cb55d-6525-4186-a318-5c06c0691642___PSU_CG 2353.JPG,Tomato___Tomato_mosaic_virus,36
data/PlantVillage-Dataset/raw/color/Tomato___Septoria_leaf_spot/92cf3568-abcc-43b4-acb4-9d00171d2478___Keller.St_CG 1984.JPG,Tomato___Septoria_leaf_spot,32
data/PlantVillage-Dataset/raw/color/Orange___Haunglongbing_(Citrus_greening)/bd5e6905-3a40-44b2-a759-d2ae9d6e0826___UF.Citrus_HLB_Lab 0577.JPG,Orange___Haunglongbing_(Citrus_greening),15
data/PlantVillage-Dataset/raw/color/Tomato___Septoria_leaf_spot/04eb9fee-df68-4917-a639-d68e12c08bbc___JR_Sept.L.S 8475.JPG,Tomato___Septoria_leaf_spot,32
data/PlantVillage-Dataset/raw/color/Corn_(maize)___Northern_Leaf_Blight/758e48c7-b766-4cca-bad2-41aa729a1d86___RS_NLB 4094 copy.jpg,Corn_(maize)___Northern_Leaf_Blight,9
data/PlantVillage-Dataset/raw/color/Blueberry___healthy/1671444e-fe69-43d2-8dd1-4177c69f0981___RS_HL 2579.JPG,Blueberry___healthy,4
data/PlantVillage-Dataset/raw/color/Strawberry___healthy/f076aa8c-cacf-48b0-8a0f-764e7498407d___RS_HL 4826.JPG,Strawberry___healthy,27
data/PlantVillage-Dataset/raw/color/Strawberry___healthy/873b6e5a-62b6-4725-bd1d-8d33888f8f2e___RS_HL 4860.JPG,Strawberry___healthy,27
data/PlantVillage-Dataset/raw/color/Grape___Black_rot/f8402e0f-bdd9-4be0-8187-cf854f8a486f___FAM_B.Rot 2994.JPG,Grape___Black_rot,11
data/PlantVillage-Dataset/raw/color/Cherry_(including_sour)___Powdery_mildew/0af0e545-bc47-414c-9fd8-89f6c6fc15c9___FREC_Pwd.M 4870.JPG,Cherry_(including_sour)___Powdery_mildew,5
data/PlantVillage-Dataset/raw/color/Tomato___Target_Spot/869801b6-ffd5-4895-82ec-91b59d4aa4de___Com.G_TgS_FL 0948.JPG,Tomato___Target_Spot,34
data/PlantVillage-Dataset/raw/color/Strawberry___healthy/243609c1-0a35-4474-8f7c-02dc34044735___RS_HL 1663.JPG,Strawberry___healthy,27
data/PlantVillage-Dataset/raw/color/Tomato___Tomato_Yellow_Leaf_Curl_Virus/2dfa5a01-658b-4876-a02e-31cec4378f9c___UF.GRC_YLCV_Lab 01339.JPG,Tomato___Tomato_Yellow_Leaf_Curl_Virus,35
data/PlantVillage-Dataset/raw/color/Apple___Black_rot/baf805d8-6809-4883-99ff-2fd59dd8be5f___JR_FrgE.S 2886.JPG,Apple___Black_rot,1
data/PlantVillage-Dataset/raw/color/Tomato___Tomato_mosaic_virus/0bf3eb4c-e2cd-4e72-8834-4fc045bd67ae___PSU_CG 2414.JPG,Tomato___Tomato_mosaic_virus,36
data/PlantVillage-Dataset/raw/color/Tomato___Late_blight/853e9c8a-d5b3-4fff-a9a3-f047812aa4a3___RS_Late.B 5240.JPG,Tomato___Late_blight,30
data/PlantVillage-Dataset/raw/color/Grape___Esca_(Black_Measles)/0db65255-6c76-4685-93fe-2967f9040e78___FAM_B.Msls 1176.JPG,Grape___Esca_(Black_Measles),12
data/PlantVillage-Dataset/raw/color/Tomato___Late_blight/b61b92f6-9991-4f85-a9a6-c3993720d842___GHLB2 Leaf 9067.JPG,Tomato___Late_blight,30
data/PlantVillage-Dataset/raw/color/Tomato___Leaf_Mold/4163864b-4d3b-4b6e-8174-e26b4dfc0a86___Crnl_L.Mold 8943.JPG,Tomato___Leaf_Mold,31
data/PlantVillage-Dataset/raw/color/Cherry_(including_sour)___healthy/4ec2d760-cc99-4368-b94d-637022f8ea12___JR_HL 9538.JPG,Cherry_(including_sour)___healthy,6
data/PlantVillage-Dataset/raw/color/Grape___Esca_(Black_Measles)/d9c89aa2-f97c-495a-a813-f7e12c5f98ad___FAM_B.Msls 4416.JPG,Grape___Esca_(Black_Measles),12
data/PlantVillage-Dataset/raw/color/Corn_(maize)___Cercospora_leaf_spot Gray_leaf_spot/de4b44f2-76c6-40bf-b48a-d69d458bb68d___RS_GLSp 4638 copy 2.jpg,Corn_(maize)___Cercospora_leaf_spot Gray_leaf_spot,7
data/PlantVillage-Dataset/raw/color/Apple___Black_rot/87975b41-e762-4574-b56c-4d94b4238d63___JR_FrgE.S 2733.JPG,Apple___Black_rot,1
data/PlantVillage-Dataset/raw/color/Corn_(maize)___healthy/28ca7e31-0f73-4546-b234-98dcaa581d67___R.S_HL 7920 copy.jpg,Corn_(maize)___healthy,10
data/PlantVillage-Dataset/raw/color/Grape___Leaf_blight_(Isariopsis_Leaf_Spot)/7324704d-d384-4940-910d-55bbcfe55941___FAM_L.Blight 4759.JPG,Grape___Leaf_blight_(Isariopsis_Leaf_Spot),13
data/PlantVillage-Dataset/raw/color/Strawberry___healthy/730b27b1-51a1-4c14-81f8-ab1da6237c4f___RS_HL 2051.JPG,Strawberry___healthy,27
data/PlantVillage-Dataset/raw/color/Tomato___Tomato_mosaic_virus/e3abcfd4-0994-4f38-a18e-83b90498d30c___PSU_CG 2297.JPG,Tomato___Tomato_mosaic_virus,36
data/PlantVillage-Dataset/raw/color/Apple___healthy/bf8697bb-a12a-4488-9178-22180bde51e5___RS_HL 5889.JPG,Apple___healthy,3
data/PlantVillage-Dataset/raw/color/Blueberry___healthy/09692362-4a92-4a2c-a4a9-eac5f317e4cc___RS_HL 0638.JPG,Blueberry___healthy,4
data/PlantVillage-Dataset/raw/color/Peach___Bacterial_spot/2f534db9-dcd3-4cc5-9b57-e352f9780bfe___Rut._Bact.S 0796.JPG,Peach___Bacterial_spot,16
data/PlantVillage-Dataset/raw/color/Tomato___Leaf_Mold/0ba88812-fa4f-4602-bcec-c03cd7d0ba2b___Crnl_L.Mold 6990.JPG,Tomato___Leaf_Mold,31
data/PlantVillage-Dataset/raw/color/Apple___Black_rot/f77c7ac1-f55e-4adc-b049-35def4e87c17___JR_FrgE.S 3077.JPG,Apple___Black_rot,1
data/PlantVillage-Dataset/raw/color/Strawberry___Leaf_scorch/c813028f-add4-4591-832c-72163c6ff701___RS_L.Scorch 9962.JPG,Strawberry___Leaf_scorch,26
data/PlantVillage-Dataset/raw/color/Corn_(maize)___Cercospora_leaf_spot Gray_leaf_spot/636e39bc-897f-4ed7-8262-67f795eea324___RS_GLSp 9314.JPG,Corn_(maize)___Cercospora_leaf_spot Gray_leaf_spot,7
data/PlantVillage-Dataset/raw/color/Tomato___healthy/b89c8996-9a04-45fe-a517-97e23227881c___GH_HL Leaf 430.JPG,Tomato___healthy,37
data/PlantVillage-Dataset/raw/color/Apple___Cedar_apple_rust/3ea747af-ed9d-44f1-a8b6-61503adf0a4b___FREC_C.Rust 4174.JPG,Apple___Cedar_apple_rust,2
data/PlantVillage-Dataset/raw/color/Apple___Apple_scab/76eca386-c7c1-4807-ae27-13c793d06e02___FREC_Scab 3272.JPG,Apple___Apple_scab,0
data/PlantVillage-Dataset/raw/color/Apple___Apple_scab/8e04135b-2279-43a7-af41-147d96395478___FREC_Scab 3143.JPG,Apple___Apple_scab,0
data/PlantVillage-Dataset/raw/color/Grape___Esca_(Black_Measles)/8e29857c-f116-4756-b469-9c5b9d01a4d5___FAM_B.Msls 4409.JPG,Grape___Esca_(Black_Measles),12
"data/PlantVillage-Dataset/raw/color/Pepper,_bell___Bacterial_spot/d6ec81e9-4a00-4b62-9e45-0d4fde6a5c68___NREC_B.Spot 1850.JPG","Pepper,_bell___Bacterial_spot",18
data/PlantVillage-Dataset/raw/color/Tomato___Spider_mites Two-spotted_spider_mite/1384ca63-9181-4245-b7ab-7a1f0fec34a8___Com.G_SpM_FL 9269.JPG,Tomato___Spider_mites Two-spotted_spider_mite,33
data/PlantVillage-Dataset/raw/color/Tomato___Late_blight/36650fc3-00a3-42b2-b016-8692046c5199___RS_Late.B 5107.JPG,Tomato___Late_blight,30
data/PlantVillage-Dataset/raw/color/Orange___Haunglongbing_(Citrus_greening)/0ab2fb26-1b6c-472e-9777-a09fb358dd06___UF.Citrus_HLB_Lab 1744.JPG,Orange___Haunglongbing_(Citrus_greening),15
data/PlantVillage-Dataset/raw/color/Tomato___Target_Spot/7c32f27e-d346-475b-ad07-75aecc3f0bb7___Com.G_TgS_FL 8098.JPG,Tomato___Target_Spot,34
data/PlantVillage-Dataset/raw/color/Corn_(maize)___Cercospora_leaf_spot Gray_leaf_spot/d5c6e7d2-c531-4ef2-adb5-987d705923bb___RS_GLSp 4657 copy.jpg,Corn_(maize)___Cercospora_leaf_spot Gray_leaf_spot,7
data/PlantVillage-Dataset/raw/color/Tomato___Early_blight/072ae43a-416b-434a-a5a2-1b48bc47fada___RS_Erly.B 7472.JPG,Tomato___Early_blight,29
data/PlantVillage-Dataset/raw/color/Tomato___Tomato_mosaic_virus/382828a4-dbdf-4ddc-a75b-9a6fcc4b600e___PSU_CG 2054.JPG,Tomato___Tomato_mosaic_virus,36
data/PlantVillage-Dataset/raw/color/Grape___healthy/452823c1-22d2-4bce-a4cc-8ad014421261___Mt.N.V_HL 6199.JPG,Grape___healthy,14
data/PlantVillage-Dataset/raw/color/Peach___healthy/a7f8cef3-6a9f-4bc3-8846-1efce8363829___Rutg._HL 2440.JPG,Peach___healthy,17
data/PlantVillage-Dataset/raw/color/Potato___Early_blight/08a892eb-19cc-45ea-babc-181b98f89238___RS_Early.B 7367.JPG,Potato___Early_blight,20
data/PlantVillage-Dataset/raw/color/Tomato___healthy/291a778d-bfbd-450e-98a8-d8276a9a5cf2___GH_HL Leaf 486.1.JPG,Tomato___healthy,37
"data/PlantVillage-Dataset/raw/color/Pepper,_bell___Bacterial_spot/4911efb7-feaf-4602-a028-68b77294c06f___JR_B.Spot 3255.JPG","Pepper,_bell___Bacterial_spot",18
data/PlantVillage-Dataset/raw/color/Corn_(maize)___Cercospora_leaf_spot Gray_leaf_spot/287f4726-e68a-43bf-9ec8-49d1e4a34aff___RS_GLSp 4487.JPG,Corn_(maize)___Cercospora_leaf_spot Gray_leaf_spot,7
data/PlantVillage-Dataset/raw/color/Strawberry___healthy/a6badbd1-59ff-4476-8b56-e2a61e993918___RS_HL 4603.JPG,Strawberry___healthy,27
data/PlantVillage-Dataset/raw/color/Apple___Black_rot/8a1bb676-5d3e-423b-a667-c72d099215ab___JR_FrgE.S 2842.JPG,Apple___Black_rot,1
data/PlantVillage-Dataset/raw/color/Grape___Esca_(Black_Measles)/3b8f1006-2bc9-429e-8120-d697632c6642___FAM_B.Msls 3960.JPG,Grape___Esca_(Black_Measles),12
data/PlantVillage-Dataset/raw/color/Orange___Haunglongbing_(Citrus_greening)/b4ec9fa5-577d-45d2-9c96-f5e9515aecb2___CREC_HLB 7762.JPG,Orange___Haunglongbing_(Citrus_greening),15
data/PlantVillage-Dataset/raw/color/Tomato___Septoria_leaf_spot/f70d5b07-2df5-4dc7-a0b0-689b822c9b65___Keller.St_CG 1990.JPG,Tomato___Septoria_leaf_spot,32
data/PlantVillage-Dataset/raw/color/Tomato___Leaf_Mold/e40291b5-6b55-4c56-a044-3971e70eda1e___Crnl_L.Mold 7164.JPG,Tomato___Leaf_Mold,31
data/PlantVillage-Dataset/raw/color/Tomato___Spider_mites Two-spotted_spider_mite/0b5cda10-da2f-4647-b159-69647b42212f___Com.G_SpM_FL 1784.JPG,Tomato___Spider_mites Two-spotted_spider_mite,33
data/PlantVillage-Dataset/raw/color/Potato___Early_blight/8da2d8a3-159e-48eb-9ae6-fd82bdb22d5d___RS_Early.B 6923.JPG,Potato___Early_blight,20
data/PlantVillage-Dataset/raw/color/Peach___Bacterial_spot/16d3dca5-e815-4ed1-b459-53c8829031e2___Rutg._Bact.S 1217.JPG,Peach___Bacterial_spot,16
"data/PlantVillage-Dataset/raw/color/Pepper,_bell___healthy/8a711858-3c85-4e73-a881-2fe3e503326e___JR_HL 8528.JPG","Pepper,_bell___healthy",19
data/PlantVillage-Dataset/raw/color/Apple___healthy/7ecec5dd-4dc9-4f1f-809c-4884d627a9e2___RS_HL 7467.JPG,Apple___healthy,3
data/PlantVillage-Dataset/raw/color/Peach___healthy/4b69168f-5f00-4483-a183-3ba4b9b151ab___Rutg._HL 3727.JPG,Peach___healthy,17
data/PlantVillage-Dataset/raw/color/Tomato___Bacterial_spot/c6eee071-b1e6-4237-9a0a-8f49e4665dc4___GCREC_Bact.Sp 3185.JPG,Tomato___Bacterial_spot,28
data/PlantVillage-Dataset/raw/color/Tomato___Leaf_Mold/2151777c-9cd4-41b0-b6ae-c761c0dd1801___Crnl_L.Mold 8623.JPG,Tomato___Leaf_Mold,31
data/PlantVillage-Dataset/raw/color/Peach___healthy/318a8776-e017-48f7-8fb3-0da59c29e0e0___Rutg._HL 2446.JPG,Peach___healthy,17
"data/PlantVillage-Dataset/raw/color/Pepper,_bell___healthy/e3a45ddd-c2f6-466c-b857-bf404a94b65c___JR_HL 8665.JPG","Pepper,_bell___healthy",19
data/PlantVillage-Dataset/raw/color/Tomato___Late_blight/b6457b32-7732-4caf-a316-74021b265359___GHLB2 Leaf 9054.JPG,Tomato___Late_blight,30
data/PlantVillage-Dataset/raw/color/Tomato___Bacterial_spot/ceecc090-5ec1-4a73-b628-7d8bcfc55f45___GCREC_Bact.Sp 6354.JPG,Tomato___Bacterial_spot,28
data/PlantVillage-Dataset/raw/color/Tomato___Bacterial_spot/0cc3364e-3f2a-42b2-aefe-5af03dad2966___GCREC_Bact.Sp 5580.JPG,Tomato___Bacterial_spot,28
data/PlantVillage-Dataset/raw/color/Corn_(maize)___Cercospora_leaf_spot Gray_leaf_spot/d9b6d600-26a3-4f19-9489-4d8be835782a___RS_GLSp 4425.JPG,Corn_(maize)___Cercospora_leaf_spot Gray_leaf_spot,7
data/PlantVillage-Dataset/raw/color/Corn_(maize)___healthy/3d233d54-4960-454c-b98e-2febc7019bba___R.S_HL 7944 copy.jpg,Corn_(maize)___healthy,10
data/PlantVillage-Dataset/raw/color/Tomato___Tomato_Yellow_Leaf_Curl_Virus/ce66e153-f85b-45e2-bb33-b8f52c06722a___UF.GRC_YLCV_Lab 01943.JPG,Tomato___Tomato_Yellow_Leaf_Curl_Virus,35
data/PlantVillage-Dataset/raw/color/Apple___healthy/9decdcd8-8027-4901-8da6-bd27c01e1ba1___RS_HL 5798.JPG,Apple___healthy,3
data/PlantVillage-Dataset/raw/color/Orange___Haunglongbing_(Citrus_greening)/63ce3a5a-aad9-4764-940c-8a48c34251e0___CREC_HLB 7186.JPG,Orange___Haunglongbing_(Citrus_greening),15
data/PlantVillage-Dataset/raw/color/Tomato___Spider_mites Two-spotted_spider_mite/8515b72f-6c10-416c-8cdb-95673b3dbf46___Com.G_SpM_FL 9423.JPG,Tomato___Spider_mites Two-spotted_spider_mite,33
"data/PlantVillage-Dataset/raw/color/Pepper,_bell___Bacterial_spot/cbb8c960-5659-4bf1-b75e-f5b2e65b7c0b___NREC_B.Spot 9074.JPG","Pepper,_bell___Bacterial_spot",18
data/PlantVillage-Dataset/raw/color/Cherry_(including_sour)___healthy/415fdea5-432a-449a-8071-06ff01742307___JR_HL 9798.JPG,Cherry_(including_sour)___healthy,6
"data/PlantVillage-Dataset/raw/color/Pepper,_bell___Bacterial_spot/365ab78f-6a75-49ef-acb8-44b8b21fac2c___NREC_B.Spot 9159.JPG","Pepper,_bell___Bacterial_spot",18
data/PlantVillage-Dataset/raw/color/Tomato___Late_blight/8d025d16-0058-42b5-82b5-4cd88dd6f110___GHLB2 Leaf 8785.JPG,Tomato___Late_blight,30
data/PlantVillage-Dataset/raw/color/Potato___healthy/949cafd0-098b-497f-9590-f0fb8ccafc94___RS_HL 4168.JPG,Potato___healthy,22
data/PlantVillage-Dataset/raw/color/Blueberry___healthy/327b8984-0a75-4675-9a76-b9505ce8c07e___RS_HL 2393.JPG,Blueberry___healthy,4
data/PlantVillage-Dataset/raw/color/Cherry_(including_sour)___Powdery_mildew/e6cff815-c0e5-4a03-b0b1-baada088b7e9___FREC_Pwd.M 4960.JPG,Cherry_(including_sour)___Powdery_mildew,5
data/PlantVillage-Dataset/raw/color/Tomato___Bacterial_spot/542e3014-3c3c-40c2-bf7e-73287f5302e4___GCREC_Bact.Sp 3157.JPG,Tomato___Bacterial_spot,28
data/PlantVillage-Dataset/raw/color/Tomato___Bacterial_spot/3c7e6602-8832-4502-9a10-fc06389b9604___UF.GRC_BS_Lab Leaf 0641.JPG,Tomato___Bacterial_spot,28
"data/PlantVillage-Dataset/raw/color/Pepper,_bell___Bacterial_spot/9435d4a5-e198-4c46-8a90-a888cb2e7267___JR_B.Spot 3316.JPG","Pepper,_bell___Bacterial_spot",18
data/PlantVillage-Dataset/raw/color/Corn_(maize)___healthy/3e60a3ab-304e-4620-ac3a-9e255ce0c779___R.S_HL 8207 copy.jpg,Corn_(maize)___healthy,10
data/PlantVillage-Dataset/raw/color/Tomato___Leaf_Mold/269f3e0a-4d4f-4598-b19d-9f5428342464___Crnl_L.Mold 8745.JPG,Tomato___Leaf_Mold,31
data/PlantVillage-Dataset/raw/color/Tomato___healthy/5faa74ba-8f46-4b2b-a7bf-3bc8d9458526___RS_HL 9741.JPG,Tomato___healthy,37
data/PlantVillage-Dataset/raw/color/Potato___healthy/7e7b6ab4-9adb-4a3b-abfb-8716b0039879___RS_HL 1921.JPG,Potato___healthy,22
data/PlantVillage-Dataset/raw/color/Orange___Haunglongbing_(Citrus_greening)/b7a547c5-a97c-4ff7-8582-bf9dfc53d1da___CREC_HLB 7160.JPG,Orange___Haunglongbing_(Citrus_greening),15
data/PlantVillage-Dataset/raw/color/Cherry_(including_sour)___Powdery_mildew/d13c2c1a-618f-4dcc-9708-545005602e36___FREC_Pwd.M 4641.JPG,Cherry_(including_sour)___Powdery_mildew,5
data/PlantVillage-Dataset/raw/color/Tomato___healthy/5fdf7f4f-4847-4492-bda8-01995d192e75___GH_HL Leaf 405.JPG,Tomato___healthy,37
"data/PlantVillage-Dataset/raw/color/Pepper,_bell___healthy/433c68d1-9786-48a5-94a2-7dcfea91c5b6___JR_HL 8159.JPG","Pepper,_bell___healthy",19
data/PlantVillage-Dataset/raw/color/Apple___Black_rot/f15c02d9-9aa6-45b5-84fc-97e22f7fabaa___JR_FrgE.S 2831.JPG,Apple___Black_rot,1
data/PlantVillage-Dataset/raw/color/Corn_(maize)___healthy/161c4466-80c0-49b0-8d4d-b583c4c961b6___R.S_HL 0646 copy 5.jpg,Corn_(maize)___healthy,10
"data/PlantVillage-Dataset/raw/color/Pepper,_bell___Bacterial_spot/7f4db70a-2dca-4c7d-867b-a3827e89994f___NREC_B.Spot 9172.JPG","Pepper,_bell___Bacterial_spot",18
data/PlantVillage-Dataset/raw/color/Apple___Black_rot/a31cafc7-a39b-4689-83bd-4becd49ab74b___JR_FrgE.S 8760.JPG,Apple___Black_rot,1
data/PlantVillage-Dataset/raw/color/Squash___Powdery_mildew/537b3520-5c76-421f-b58b-6817fa1d38c1___UMD_Powd.M 0665.JPG,Squash___Powdery_mildew,25
data/PlantVillage-Dataset/raw/color/Tomato___Septoria_leaf_spot/9875f865-913e-4afa-a0f7-31395c7eab75___Matt.S_CG 2470.JPG,Tomato___Septoria_leaf_spot,32
data/PlantVillage-Dataset/raw/color/Tomato___Early_blight/8734e1ef-fb0c-4cdd-aa97-b5a4ea8d6cf5___RS_Erly.B 7804.JPG,Tomato___Early_blight,29
data/PlantVillage-Dataset/raw/color/Blueberry___healthy/8285fd36-f243-40bb-8ee2-edf535bcf27e___RS_HL 5245.JPG,Blueberry___healthy,4
data/PlantVillage-Dataset/raw/color/Tomato___Tomato_mosaic_virus/9155ae3a-ecb2-4744-b60b-60f96f4e3ba8___PSU_CG 2191.JPG,Tomato___Tomato_mosaic_virus,36
data/PlantVillage-Dataset/raw/color/Blueberry___healthy/4aa92879-906c-46d3-831e-2b12613e19c1___RS_HL 0345.JPG,Blueberry___healthy,4
"data/PlantVillage-Dataset/raw/color/Pepper,_bell___Bacterial_spot/c868e0ed-12df-48d5-9ad8-e924a0c7ccbf___NREC_B.Spot 1986.JPG","Pepper,_bell___Bacterial_spot",18
"data/PlantVillage-Dataset/raw/color/Pepper,_bell___healthy/3290a3a9-07b9-40a0-948b-3c346ee4e202___JR_HL 5920.JPG","Pepper,_bell___healthy",19
data/PlantVillage-Dataset/raw/color/Grape___healthy/a523dc0c-8d71-4bd4-b1c5-13f1b594c882___Mt.N.V_HL 8922.JPG,Grape___healthy,14
data/PlantVillage-Dataset/raw/color/Apple___Black_rot/a38a8891-5883-4cfd-9718-2566dccfa114___JR_FrgE.S 8670.JPG,Apple___Black_rot,1
data/PlantVillage-Dataset/raw/color/Cherry_(including_sour)___healthy/87739566-ed1f-4da7-b465-f1c8d464aa5d___JR_HL 4044.JPG,Cherry_(including_sour)___healthy,6
data/PlantVillage-Dataset/raw/color/Soybean___healthy/6e878f43-e9f5-4117-aa96-c9bd28805bb0___RS_HL 5562.JPG,Soybean___healthy,24
"data/PlantVillage-Dataset/raw/color/Pepper,_bell___Bacterial_spot/7972395e-d2f0-4cf8-a4b5-ac4ca91d4a6e___JR_B.Spot 9075.JPG","Pepper,_bell___Bacterial_spot",18
data/PlantVillage-Dataset/raw/color/Apple___Apple_scab/6b6b2140-bb67-4342-adad-8cba97a5ecbe___FREC_Scab 3388.JPG,Apple___Apple_scab,0
data/PlantVillage-Dataset/raw/color/Tomato___Tomato_Yellow_Leaf_Curl_Virus/8a2c7bc1-fa13-4ecc-bb4e-30a71ff99ce1___YLCV_GCREC 2106.JPG,Tomato___Tomato_Yellow_Leaf_Curl_Virus,35
data/PlantVillage-Dataset/raw/color/Apple___healthy/801feab6-e225-4ce5-8bf0-6fb44a767045___RS_HL 7723.JPG,Apple___healthy,3
data/PlantVillage-Dataset/raw/color/Corn_(maize)___Northern_Leaf_Blight/c2e5ab9e-e705-4f13-9c50-1243e8ea0255___RS_NLB 3555.JPG,Corn_(maize)___Northern_Leaf_Blight,9
data/PlantVillage-Dataset/raw/color/Corn_(maize)___healthy/2769e7a4-1f58-4534-b0e3-39f5646133e4___R.S_HL 5547 copy.jpg,Corn_(maize)___healthy,10
data/PlantVillage-Dataset/raw/color/Grape___healthy/9155a721-9e2c-4b58-99be-eba41f454525___Mt.N.V_HL 6053.JPG,Grape___healthy,14
data/PlantVillage-Dataset/raw/color/Grape___Esca_(Black_Measles)/b4791957-cbc5-4363-87ca-741c9ff1db5d___FAM_B.Msls 1163.JPG,Grape___Esca_(Black_Measles),12
data/PlantVillage-Dataset/raw/color/Tomato___Early_blight/809042e0-7587-4a45-93e8-e166c07a55ec___RS_Erly.B 7692.JPG,Tomato___Early_blight,29
data/PlantVillage-Dataset/raw/color/Tomato___Tomato_Yellow_Leaf_Curl_Virus/1622f25f-5dfe-4fc1-ad11-b0bf3effbd68___UF.GRC_YLCV_Lab 02392.JPG,Tomato___Tomato_Yellow_Leaf_Curl_Virus,35
data/PlantVillage-Dataset/raw/color/Potato___healthy/0f4ebc5a-d646-436a-919d-961342997cde___RS_HL 4183.JPG,Potato___healthy,22
data/PlantVillage-Dataset/raw/color/Peach___healthy/3658d11f-3a09-43ce-bace-391510b30737___Rutg._HL 3569.JPG,Peach___healthy,17
data/PlantVillage-Dataset/raw/color/Corn_(maize)___Northern_Leaf_Blight/f81a1119-4ccb-46b6-aff7-29998828be59___RS_NLB 4187.JPG,Corn_(maize)___Northern_Leaf_Blight,9
data/PlantVillage-Dataset/raw/color/Potato___Early_blight/fe772b3d-351c-4d18-9dcb-26feb90afa0d___RS_Early.B 7456.JPG,Potato___Early_blight,20
data/PlantVillage-Dataset/raw/color/Tomato___Early_blight/ff422d28-d002-4382-80bf-30f78f66c677___RS_Erly.B 6492.JPG,Tomato___Early_blight,29
data/PlantVillage-Dataset/raw/color/Apple___Apple_scab/75896d3d-899a-4143-9262-c44bcea75237___FREC_Scab 3295.JPG,Apple___Apple_scab,0
data/PlantVillage-Dataset/raw/color/Orange___Haunglongbing_(Citrus_greening)/2f6e960f-53de-4cec-a82f-7abe90f5c5da___CREC_HLB 6448.JPG,Orange___Haunglongbing_(Citrus_greening),15
data/PlantVillage-Dataset/raw/color/Tomato___Bacterial_spot/33950b17-918e-4243-bfbd-be33874b62c4___GCREC_Bact.Sp 3303.JPG,Tomato___Bacterial_spot,28
data/PlantVillage-Dataset/raw/color/Apple___healthy/c69944f6-08da-4638-8ff6-7e97b5878b57___RS_HL 5816.JPG,Apple___healthy,3
data/PlantVillage-Dataset/raw/color/Strawberry___healthy/4673c301-00c4-4953-95e0-5badca7ff0a3___RS_HL 4661.JPG,Strawberry___healthy,27
data/PlantVillage-Dataset/raw/color/Potato___Late_blight/2572d994-464a-461e-a0c8-597dc2229c09___RS_LB 2763.JPG,Potato___Late_blight,21
data/PlantVillage-Dataset/raw/color/Apple___Cedar_apple_rust/7b2dd7f1-d16e-47b6-8750-cfaf315aad87___FREC_C.Rust 0109.JPG,Apple___Cedar_apple_rust,2
data/PlantVillage-Dataset/raw/color/Corn_(maize)___Cercospora_leaf_spot Gray_leaf_spot/4cd3f6c7-18ed-45eb-ba31-013241482123___RS_GLSp 4292.JPG,Corn_(maize)___Cercospora_leaf_spot Gray_leaf_spot,7
data/PlantVillage-Dataset/raw/color/Tomato___Target_Spot/d7e25967-6b1a-4f71-826a-1839300f53db___Com.G_TgS_FL 0810.JPG,Tomato___Target_Spot,34
data/PlantVillage-Dataset/raw/color/Corn_(maize)___healthy/0b1610fa-438a-42e2-9ba2-274bb64a29ed___R.S_HL 8091 copy 2.jpg,Corn_(maize)___healthy,10
data/PlantVillage-Dataset/raw/color/Tomato___Early_blight/53bb67c4-0fef-4f13-b4a3-206d06155ffc___RS_Erly.B 6434.JPG,Tomato___Early_blight,29
data/PlantVillage-Dataset/raw/color/Cherry_(including_sour)___Powdery_mildew/8197f614-82e6-440a-bb94-74322b7c0b4c___FREC_Pwd.M 0425.JPG,Cherry_(including_sour)___Powdery_mildew,5
data/PlantVillage-Dataset/raw/color/Blueberry___healthy/17a08908-c42f-421e-a415-de60f29b9a8b___RS_HL 4903.JPG,Blueberry___healthy,4
data/PlantVillage-Dataset/raw/color/Strawberry___healthy/f13a9b3f-74e0-4e57-8932-4b80f9581c85___RS_HL 4402.JPG,Strawberry___healthy,27
data/PlantVillage-Dataset/raw/color/Tomato___healthy/ce56d8ec-bfd5-4755-8010-c42658f8d597___RS_HL 0090.JPG,Tomato___healthy,37
data/PlantVillage-Dataset/raw/color/Strawberry___Leaf_scorch/e6a58ef4-f85e-4a73-a5f9-b1ba93d98fd1___RS_L.Scorch 1035.JPG,Strawberry___Leaf_scorch,26
data/PlantVillage-Dataset/raw/color/Apple___Apple_scab/82488f15-ffb8-495f-b09f-3810e447681a___FREC_Scab 3007.JPG,Apple___Apple_scab,0
data/PlantVillage-Dataset/raw/color/Potato___healthy/36bdc44c-96a4-40bb-86f7-63a91d706e96___RS_HL 4203.JPG,Potato___healthy,22
data/PlantVillage-Dataset/raw/color/Tomato___Late_blight/bb1be648-63dc-4973-8c88-f3de0dff30f4___RS_Late.B 6030.JPG,Tomato___Late_blight,30
data/PlantVillage-Dataset/raw/color/Tomato___Leaf_Mold/6fd472fe-cc75-4762-a3fa-2428649907c8___Crnl_L.Mold 7156.JPG,Tomato___Leaf_Mold,31
data/PlantVillage-Dataset/raw/color/Tomato___Spider_mites Two-spotted_spider_mite/450cb7b3-5489-4fe1-8897-491d70e9d1a4___Com.G_SpM_FL 8415.JPG,Tomato___Spider_mites Two-spotted_spider_mite,33
data/PlantVillage-Dataset/raw/color/Tomato___Bacterial_spot/3b41dc98-4539-4b3d-9400-2867156db0fc___GCREC_Bact.Sp 3483.JPG,Tomato___Bacterial_spot,28
data/PlantVillage-Dataset/raw/color/Apple___healthy/472f7b3f-a843-4ca2-b602-005ffc13d457___RS_HL 5864.JPG,Apple___healthy,3
data/PlantVillage-Dataset/raw/color/Tomato___Late_blight/b0fbd7bd-f906-489b-96ff-a2683eb76dd3___RS_Late.B 6173.JPG,Tomato___Late_blight,30
data/PlantVillage-Dataset/raw/color/Tomato___Target_Spot/c7da4ac5-d59e-436f-9f8b-a1f74eeb30de___Com.G_TgS_FL 8009.JPG,Tomato___Target_Spot,34
data/PlantVillage-Dataset/raw/color/Potato___Late_blight/9934bde8-1c89-4ba6-95e6-015a69540873___RS_LB 4146.JPG,Potato___Late_blight,21
data/PlantVillage-Dataset/raw/color/Tomato___Target_Spot/06a52af1-8456-4d7f-98bc-d5ec26be7083___Com.G_TgS_FL 9923.JPG,Tomato___Target_Spot,34
data/PlantVillage-Dataset/raw/color/Potato___Early_blight/99821810-926a-4ac4-9bc7-cbae991f7e68___RS_Early.B 7626.JPG,Potato___Early_blight,20
data/PlantVillage-Dataset/raw/color/Squash___Powdery_mildew/bb880da2-257f-4a6b-86de-82ddee19f467___UMD_Powd.M 0297.JPG,Squash___Powdery_mildew,25
data/PlantVillage-Dataset/raw/color/Tomato___Leaf_Mold/18488cdf-a5d7-43ff-8dfe-8250e1a04820___Crnl_L.Mold 6939.JPG,Tomato___Leaf_Mold,31
data/PlantVillage-Dataset/raw/color/Corn_(maize)___Common_rust_/RS_Rust 2511.JPG,Corn_(maize)___Common_rust_,8
data/PlantVillage-Dataset/raw/color/Tomato___Leaf_Mold/eeb1fcab-1278-4c23-bef4-2b54ec75f651___Crnl_L.Mold 9158.JPG,Tomato___Leaf_Mold,31
data/PlantVillage-Dataset/raw/color/Grape___Esca_(Black_Measles)/5840aef4-4049-49c6-9695-1d98b9944095___FAM_B.Msls 0988.JPG,Grape___Esca_(Black_Measles),12
data/PlantVillage-Dataset/raw/color/Blueberry___healthy/63241901-c2a4-42d7-846b-07abd3ac8271___RS_HL 5000.JPG,Blueberry___healthy,4
data/PlantVillage-Dataset/raw/color/Tomato___Leaf_Mold/8fbf1dbe-bce8-47a9-98a9-fc7b64576cc7___Crnl_L.Mold 6780.JPG,Tomato___Leaf_Mold,31
data/PlantVillage-Dataset/raw/color/Blueberry___healthy/04bd89de-3fc5-45c1-acd7-ead9933eb9e3___RS_HL 2428.JPG,Blueberry___healthy,4
data/PlantVillage-Dataset/raw/color/Soybean___healthy/a62e5cfd-ccc2-4c81-b31c-e15efe3cf15c___RS_HL 7469.JPG,Soybean___healthy,24
data/PlantVillage-Dataset/raw/color/Strawberry___healthy/a1ff6777-0146-4138-befb-1f0afad46834___RS_HL 2052.JPG,Strawberry___healthy,27
"data/PlantVillage-Dataset/raw/color/Pepper,_bell___healthy/68a8b022-1f2d-4546-957f-a69aa11f0e39___JR_HL 8122.JPG","Pepper,_bell___healthy",19
data/PlantVillage-Dataset/raw/color/Corn_(maize)___Cercospora_leaf_spot Gray_leaf_spot/302d1d00-fe10-4ec1-878c-5ac721c6ec44___RS_GLSp 9356.JPG,Corn_(maize)___Cercospora_leaf_spot Gray_leaf_spot,7
data/PlantVillage-Dataset/raw/color/Apple___Cedar_apple_rust/d4cda9ab-6b06-4551-ad3d-ee61dd78450a___FREC_C.Rust 3592.JPG,Apple___Cedar_apple_rust,2
data/PlantVillage-Dataset/raw/color/Potato___Early_blight/bb4e9c01-6166-424d-a379-9ef405fdd555___RS_Early.B 6843.JPG,Potato___Early_blight,20
data/PlantVillage-Dataset/raw/color/Potato___Late_blight/17ed933e-629f-4db2-b4f3-865f69d43589___RS_LB 2599.JPG,Potato___Late_blight,21
data/PlantVillage-Dataset/raw/color/Corn_(maize)___Common_rust_/RS_Rust 2132.JPG,Corn_(maize)___Common_rust_,8
data/PlantVillage-Dataset/raw/color/Potato___healthy/2d98cbc8-cbe6-423c-b2ab-3f7f8bcea5d5___RS_HL 1945.JPG,Potato___healthy,22
data/PlantVillage-Dataset/raw/color/Apple___healthy/b3731461-8db1-42f5-9976-5f3b8b72935b___RS_HL 5973.JPG,Apple___healthy,3
data/PlantVillage-Dataset/raw/color/Apple___Cedar_apple_rust/f2c49716-d630-4dfa-8104-e98b8a9d7497___FREC_C.Rust 9897.JPG,Apple___Cedar_apple_rust,2
data/PlantVillage-Dataset/raw/color/Tomato___Tomato_Yellow_Leaf_Curl_Virus/d035829b-f35c-4ce0-9545-06aa467efc29___UF.GRC_YLCV_Lab 01689.JPG,Tomato___Tomato_Yellow_Leaf_Curl_Virus,35
data/PlantVillage-Dataset/raw/color/Corn_(maize)___Northern_Leaf_Blight/99ff5228-10ed-433b-bb50-1a1c7869a58d___RS_NLB 4253.JPG,Corn_(maize)___Northern_Leaf_Blight,9
data/PlantVillage-Dataset/raw/color/Strawberry___Leaf_scorch/65d2f749-dea4-496c-905a-344352ef6ad3___RS_L.Scorch 1098.JPG,Strawberry___Leaf_scorch,26
data/PlantVillage-Dataset/raw/color/Tomato___Spider_mites Two-spotted_spider_mite/b743d419-9344-464f-94af-8a3135ee0a2f___Com.G_SpM_FL 9539.JPG,Tomato___Spider_mites Two-spotted_spider_mite,33
data/PlantVillage-Dataset/raw/color/Tomato___Tomato_Yellow_Leaf_Curl_Virus/c070f5f8-2327-4282-8797-22585ec04e5d___UF.GRC_YLCV_Lab 02445.JPG,Tomato___Tomato_Yellow_Leaf_Curl_Virus,35
data/PlantVillage-Dataset/raw/color/Strawberry___Leaf_scorch/5cf747a2-76b2-4949-83eb-e25812327d41___RS_L.Scorch 1427.JPG,Strawberry___Leaf_scorch,26
data/PlantVillage-Dataset/raw/color/Potato___Early_blight/c53efbea-fddd-481d-aec5-14fd3c3e1723___RS_Early.B 7796.JPG,Potato___Early_blight,20
data/PlantVillage-Dataset/raw/color/Strawberry___Leaf_scorch/de254b11-8a58-4ea9-82d3-19188c60ed1c___RS_L.Scorch 0111.JPG,Strawberry___Leaf_scorch,26
data/PlantVillage-Dataset/raw/color/Cherry_(including_sour)___healthy/ccb0e9ab-f7d0-4a63-9ab3-d1653a807f09___JR_HL 3946.JPG,Cherry_(including_sour)___healthy,6
data/PlantVillage-Dataset/raw/color/Tomato___Bacterial_spot/355edec8-e1bd-4f57-afa3-cbf03c2f06b1___GCREC_Bact.Sp 3353.JPG,Tomato___Bacterial_spot,28
"data/PlantVillage-Dataset/raw/color/Pepper,_bell___Bacterial_spot/58e3b37c-5192-4a03-9f8a-da00330c529a___NREC_B.Spot 9237.JPG","Pepper,_bell___Bacterial_spot",18
data/PlantVillage-Dataset/raw/color/Tomato___Spider_mites Two-spotted_spider_mite/b967a703-bef2-4d8a-9159-ddae8b8430c5___Com.G_SpM_FL 8777.JPG,Tomato___Spider_mites Two-spotted_spider_mite,33
data/PlantVillage-Dataset/raw/color/Corn_(maize)___Northern_Leaf_Blight/1517209e-897b-4ad5-b43a-8c9a8573c862___RS_NLB 4156.JPG,Corn_(maize)___Northern_Leaf_Blight,9
data/PlantVillage-Dataset/raw/color/Tomato___Early_blight/4d8cce21-a64f-4953-8c56-218f1611ed29___RS_Erly.B 7372.JPG,Tomato___Early_blight,29
data/PlantVillage-Dataset/raw/color/Peach___Bacterial_spot/3e558cd5-8936-4d8a-b1db-1a7d1dd076eb___Rut._Bact.S 0832.JPG,Peach___Bacterial_spot,16
data/PlantVillage-Dataset/raw/color/Tomato___Late_blight/455a88bf-102d-4eeb-bea9-f0e648a3ad31___RS_Late.B 6903.JPG,Tomato___Late_blight,30
data/PlantVillage-Dataset/raw/color/Corn_(maize)___healthy/642cc7a8-2e3f-465f-9bb2-ca5a31cd6475___R.S_HL 8001 copy 2.jpg,Corn_(maize)___healthy,10
data/PlantVillage-Dataset/raw/color/Potato___healthy/0b3e5032-8ae8-49ac-8157-a1cac3df01dd___RS_HL 1817.JPG,Potato___healthy,22
data/PlantVillage-Dataset/raw/color/Tomato___Target_Spot/363a6f1d-d0d7-4991-9e07-643fd9d4631b___Com.G_TgS_FL 8196.JPG,Tomato___Target_Spot,34
data/PlantVillage-Dataset/raw/color/Grape___Black_rot/4d8eb211-0ad4-4cac-be0a-56d5d0ad9d8e___FAM_B.Rot 3008.JPG,Grape___Black_rot,11
data/PlantVillage-Dataset/raw/color/Tomato___healthy/5b36f575-af3a-454c-b31f-2d4218fb5cca___GH_HL Leaf 487.JPG,Tomato___healthy,37
"data/PlantVillage-Dataset/raw/color/Pepper,_bell___healthy/b704a626-1cb5-47a8-a8b5-e6df7b2a895d___JR_HL 8096.JPG","Pepper,_bell___healthy",19
data/PlantVillage-Dataset/raw/color/Strawberry___healthy/d1f8f26c-904b-4c19-8849-bc0d79b084de___RS_HL 2179.JPG,Strawberry___healthy,27
data/PlantVillage-Dataset/raw/color/Grape___Leaf_blight_(Isariopsis_Leaf_Spot)/6ee197ad-e554-4f70-b549-66d5f6d09d37___FAM_L.Blight 1704.JPG,Grape___Leaf_blight_(Isariopsis_Leaf_Spot),13
data/PlantVillage-Dataset/raw/color/Tomato___Target_Spot/484d73fa-4049-4c52-8468-32dcb884f889___Com.G_TgS_FL 7932.JPG,Tomato___Target_Spot,34
data/PlantVillage-Dataset/raw/color/Tomato___Bacterial_spot/35dfda90-eb0e-452a-b1cb-0ff20ef36e4b___GCREC_Bact.Sp 2972.JPG,Tomato___Bacterial_spot,28
data/PlantVillage-Dataset/raw/color/Cherry_(including_sour)___healthy/0cc09402-01b5-46a2-a5b1-f9b22f415eaf___JR_HL 9885 copy.JPG,Cherry_(including_sour)___healthy,6
data/PlantVillage-Dataset/raw/color/Tomato___Early_blight/079e0d43-e9d2-4217-b8e8-2f3b989cdab2___RS_Erly.B 7588.JPG,Tomato___Early_blight,29
data/PlantVillage-Dataset/raw/color/Corn_(maize)___healthy/4d603dbb-3e1e-4acd-ab00-8bdf858191a1___R.S_HL 5535 copy 3.jpg,Corn_(maize)___healthy,10
data/PlantVillage-Dataset/raw/color/Tomato___Tomato_mosaic_virus/94cfe1f8-8f00-48a1-abd2-6a4f8e2a4c55___PSU_CG 2077.JPG,Tomato___Tomato_mosaic_virus,36
data/PlantVillage-Dataset/raw/color/Blueberry___healthy/c5e01317-6c4b-4f58-9d02-dedcb4370c5d___RS_HL 4945.JPG,Blueberry___healthy,4
data/PlantVillage-Dataset/raw/color/Orange___Haunglongbing_(Citrus_greening)/5d016639-f195-44aa-992f-9106c7316b24___CREC_HLB 7836.JPG,Orange___Haunglongbing_(Citrus_greening),15
data/PlantVillage-Dataset/raw/color/Strawberry___healthy/a53942e6-2216-49a0-b09b-5d8a72bf7a39___RS_HL 4627.JPG,Strawberry___healthy,27
data/PlantVillage-Dataset/raw/color/Apple___Apple_scab/b006c4b8-5f33-4794-91bd-7aaa430e6ceb___FREC_Scab 3498.JPG,Apple___Apple_scab,0
data/PlantVillage-Dataset/raw/color/Peach___healthy/66408ce6-6721-4c8c-b454-ab258fb71661___Rutg._HL 3510.JPG,Peach___healthy,17
data/PlantVillage-Dataset/raw/color/Raspberry___healthy/0df51eb7-e701-492b-bb9f-994d30ea16c7___Mary_HL 6301.JPG,Raspberry___healthy,23
data/PlantVillage-Dataset/raw/color/Blueberry___healthy/6c0fcba2-822d-4f61-8070-970bf914aaa7___RS_HL 5298.JPG,Blueberry___healthy,4
data/PlantVillage-Dataset/raw/color/Tomato___Tomato_Yellow_Leaf_Curl_Virus/585dce54-e47c-4906-88d7-3bef6e256abd___YLCV_GCREC 2003.JPG,Tomato___Tomato_Yellow_Leaf_Curl_Virus,35
data/PlantVillage-Dataset/raw/color/Grape___Leaf_blight_(Isariopsis_Leaf_Spot)/a9a6fc60-f529-4827-9817-3f1140d92166___FAM_L.Blight 1677.JPG,Grape___Leaf_blight_(Isariopsis_Leaf_Spot),13
data/PlantVillage-Dataset/raw/color/Strawberry___healthy/99140b91-93f1-4ccf-9761-e0370717baf6___RS_HL 4552.JPG,Strawberry___healthy,27
data/PlantVillage-Dataset/raw/color/Peach___Bacterial_spot/b359c1b5-51f5-4eea-8399-9c751722533a___Rutg._Bact.S 1981.JPG,Peach___Bacterial_spot,16
data/PlantVillage-Dataset/raw/color/Tomato___Tomato_Yellow_Leaf_Curl_Virus/0172fce9-ee7c-4bb8-9a46-7fc0050438b5___UF.GRC_YLCV_Lab 03161.JPG,Tomato___Tomato_Yellow_Leaf_Curl_Virus,35
data/PlantVillage-Dataset/raw/color/Tomato___healthy/23467438-6237-4b34-acde-80a3129e4b5d___GH_HL Leaf 187.JPG,Tomato___healthy,37
data/PlantVillage-Dataset/raw/color/Peach___healthy/30b5e155-096a-4a10-93e6-0c2bbf88e203___Rutg._HL 2438.JPG,Peach___healthy,17
data/PlantVillage-Dataset/raw/color/Soybean___healthy/ad18a581-10a9-4f3b-afc3-15f5f12eb01b___RS_HL 5334.JPG,Soybean___healthy,24
data/PlantVillage-Dataset/raw/color/Apple___healthy/201de0e4-a74d-4dff-9b5b-e997d36e63d7___RS_HL 7569.JPG,Apple___healthy,3
data/PlantVillage-Dataset/raw/color/Tomato___Target_Spot/6fa8c523-7ee3-483c-b35c-c34fa517e75b___Com.G_TgS_FL 0978.JPG,Tomato___Target_Spot,34
data/PlantVillage-Dataset/raw/color/Tomato___healthy/a20a5c58-38e3-4fe3-8bdb-1ce02169a6a3___RS_HL 0512.JPG,Tomato___healthy,37
data/PlantVillage-Dataset/raw/color/Apple___Cedar_apple_rust/a6ff61c5-74e4-48a5-b3c4-f8a80d3a1eca___FREC_C.Rust 4327.JPG,Apple___Cedar_apple_rust,2
data/PlantVillage-Dataset/raw/color/Squash___Powdery_mildew/47b5013f-d5ad-4bb2-bc47-c4a8e6fac4d6___UMD_Powd.M 0016.JPG,Squash___Powdery_mildew,25
data/PlantVillage-Dataset/raw/color/Grape___healthy/2e7eb5d4-9e80-4db5-9b59-6414fa90d1c7___Mt.N.V_HL 8903.JPG,Grape___healthy,14
data/PlantVillage-Dataset/raw/color/Tomato___Late_blight/518253c3-eb2d-436f-84eb-9fd969e849cf___RS_Late.B 5194.JPG,Tomato___Late_blight,30
data/PlantVillage-Dataset/raw/color/Tomato___Tomato_mosaic_virus/6e67c953-5934-439c-8303-e1762793a36a___PSU_CG 2181.JPG,Tomato___Tomato_mosaic_virus,36
data/PlantVillage-Dataset/raw/color/Peach___Bacterial_spot/0b56f3af-ab2e-4111-b3d0-2eadc030095e___Rut._Bact.S 0884.JPG,Peach___Bacterial_spot,16
data/PlantVillage-Dataset/raw/color/Apple___Black_rot/03fd7154-2e33-4fb6-999d-bfc3a3f467fe___JR_FrgE.S 8681.JPG,Apple___Black_rot,1
"data/PlantVillage-Dataset/raw/color/Pepper,_bell___healthy/6ff92031-6a52-47ba-91d0-3df19f11104c___JR_HL 7774.JPG","Pepper,_bell___healthy",19
data/PlantVillage-Dataset/raw/color/Blueberry___healthy/b1dcdd75-14a0-444c-804d-9dda0d0f7e0f___RS_HL 0451.JPG,Blueberry___healthy,4
data/PlantVillage-Dataset/raw/color/Squash___Powdery_mildew/c30ce4d7-c88b-44f7-aeb0-5f64b2cce162___UMD_Powd.M 9717.JPG,Squash___Powdery_mildew,25
"data/PlantVillage-Dataset/raw/color/Pepper,_bell___healthy/63861ca7-0af3-45f9-8c8e-346ee5934338___JR_HL 7693.JPG","Pepper,_bell___healthy",19
data/PlantVillage-Dataset/raw/color/Raspberry___healthy/9fc0d788-9c2b-4067-ba69-3aca330fd389___Mary_HL 9145.JPG,Raspberry___healthy,23
data/PlantVillage-Dataset/raw/color/Apple___healthy/350182de-38b1-43bf-b189-1fec53a7f499___RS_HL 7867.JPG,Apple___healthy,3
data/PlantVillage-Dataset/raw/color/Grape___Black_rot/a376b8ce-9cff-442f-a3b6-71e74a097876___FAM_B.Rot 0528.JPG,Grape___Black_rot,11
data/PlantVillage-Dataset/raw/color/Raspberry___healthy/3b366674-3d8d-422d-87f3-2c5e1a3ace11___Mary_HL 6394.JPG,Raspberry___healthy,23
data/PlantVillage-Dataset/raw/color/Tomato___Spider_mites Two-spotted_spider_mite/94c272c0-153b-4aad-8f26-556248869c78___Com.G_SpM_FL 8585.JPG,Tomato___Spider_mites Two-spotted_spider_mite,33
data/PlantVillage-Dataset/raw/color/Squash___Powdery_mildew/dd62c06c-3f7b-49b3-bd74-8d48e49f6a9c___MD_Powd.M 9908.JPG,Squash___Powdery_mildew,25
data/PlantVillage-Dataset/raw/color/Tomato___healthy/99fcb52b-0e4f-47a6-b350-1d49d26bc649___GH_HL Leaf 298.JPG,Tomato___healthy,37
data/PlantVillage-Dataset/raw/color/Potato___Late_blight/48f93953-2de7-4724-9c7b-69dc13a47759___RS_LB 4977.JPG,Potato___Late_blight,21
data/PlantVillage-Dataset/raw/color/Apple___Black_rot/f637ba06-cf3c-423f-9d1e-c239de14393c___JR_FrgE.S 8605.JPG,Apple___Black_rot,1
data/PlantVillage-Dataset/raw/color/Orange___Haunglongbing_(Citrus_greening)/4dfbbaf9-b586-4140-8293-c86bf0b2c6a6___CREC_HLB 6679.JPG,Orange___Haunglongbing_(Citrus_greening),15
data/PlantVillage-Dataset/raw/color/Grape___Leaf_blight_(Isariopsis_Leaf_Spot)/5906f54d-44a1-468e-8658-779200186cab___FAM_L.Blight 4551.JPG,Grape___Leaf_blight_(Isariopsis_Leaf_Spot),13
data/PlantVillage-Dataset/raw/color/Peach___Bacterial_spot/3010f447-8593-4a2d-b01b-8dfa5733ca06___Rut._Bact.S 0863.JPG,Peach___Bacterial_spot,16
data/PlantVillage-Dataset/raw/color/Tomato___Late_blight/2edc83c5-b45e-4f4e-ba56-1ff26c33abea___RS_Late.B 5614.JPG,Tomato___Late_blight,30
data/PlantVillage-Dataset/raw/color/Tomato___Bacterial_spot/d20bb7c6-23ec-4daf-b94a-92a9459da99c___GCREC_Bact.Sp 3617.JPG,Tomato___Bacterial_spot,28
data/PlantVillage-Dataset/raw/color/Apple___Apple_scab/22c12d6a-3c17-45be-b53b-f17f1b3f5168___FREC_Scab 3206.JPG,Apple___Apple_scab,0
data/PlantVillage-Dataset/raw/color/Soybean___healthy/cf2f6d02-b2bd-45bd-acfb-094221e06333___RS_HL 4091.JPG,Soybean___healthy,24
data/PlantVillage-Dataset/raw/color/Corn_(maize)___Common_rust_/RS_Rust 2471.JPG,Corn_(maize)___Common_rust_,8
data/PlantVillage-Dataset/raw/color/Apple___healthy/7771f894-0889-44fc-93dc-0e0c1162a5e8___RS_HL 7870.JPG,Apple___healthy,3
data/PlantVillage-Dataset/raw/color/Raspberry___healthy/71522d65-5013-4d81-ac9e-da1d92313030___Mary_HL 9172.JPG,Raspberry___healthy,23
data/PlantVillage-Dataset/raw/color/Potato___healthy/dca8ac5c-b925-435a-a5e9-da09fa8938a1___RS_HL 4182.JPG,Potato___healthy,22
data/PlantVillage-Dataset/raw/color/Tomato___healthy/f44c5128-2575-4fda-82c7-9954ead65027___GH_HL Leaf 384.JPG,Tomato___healthy,37
data/PlantVillage-Dataset/raw/color/Corn_(maize)___Northern_Leaf_Blight/7a846f18-cdd6-42b2-ae54-91e874fec475___RS_NLB 3835 copy.jpg,Corn_(maize)___Northern_Leaf_Blight,9
data/PlantVillage-Dataset/raw/color/Grape___Leaf_blight_(Isariopsis_Leaf_Spot)/5cbd0712-c049-45a1-83ca-f4ff93f45e17___FAM_L.Blight 3683.JPG,Grape___Leaf_blight_(Isariopsis_Leaf_Spot),13
data/PlantVillage-Dataset/raw/color/Tomato___Early_blight/8ac21e2c-f953-4e96-8d43-e82dae24017e___RS_Erly.B 7459.JPG,Tomato___Early_blight,29
data/PlantVillage-Dataset/raw/color/Grape___Black_rot/aede1b98-1f1a-484c-b14e-e4309f11d991___FAM_B.Rot 3039.JPG,Grape___Black_rot,11
data/PlantVillage-Dataset/raw/color/Grape___Esca_(Black_Measles)/85ded8d7-06b0-4141-b2d5-c8b5d4d770d1___FAM_B.Msls 1350.JPG,Grape___Esca_(Black_Measles),12
"data/PlantVillage-Dataset/raw/color/Pepper,_bell___healthy/02a7d2e5-9169-4856-9683-d4fa9894e012___JR_HL 8002.JPG","Pepper,_bell___healthy",19
"data/PlantVillage-Dataset/raw/color/Pepper,_bell___Bacterial_spot/9f3a7e14-bd0e-48ea-89c3-9c3bd743fb19___NREC_B.Spot 1956.JPG","Pepper,_bell___Bacterial_spot",18
data/PlantVillage-Dataset/raw/color/Corn_(maize)___healthy/49231c3a-0132-451e-820d-d3357618a3eb___R.S_HL 8019 copy.jpg,Corn_(maize)___healthy,10
data/PlantVillage-Dataset/raw/color/Tomato___Late_blight/460e4daf-39e2-48d0-9a85-52442fc36e14___RS_Late.B 6688.JPG,Tomato___Late_blight,30
data/PlantVillage-Dataset/raw/color/Corn_(maize)___Common_rust_/RS_Rust 1650.JPG,Corn_(maize)___Common_rust_,8
data/PlantVillage-Dataset/raw/color/Grape___Black_rot/dd973118-8803-4a54-b62f-82a5a0a47a1b___FAM_B.Rot 3320.JPG,Grape___Black_rot,11
data/PlantVillage-Dataset/raw/color/Peach___healthy/c2dc5f7b-146a-475c-9b1a-36a382cd90d6___Rutg._HL 3742.JPG,Peach___healthy,17
data/PlantVillage-Dataset/raw/color/Grape___healthy/f8f6d1ee-deb5-4b3c-a92e-2583e2d6d590___Mt.N.V_HL 6122.JPG,Grape___healthy,14
data/PlantVillage-Dataset/raw/color/Orange___Haunglongbing_(Citrus_greening)/784c5e23-4f9d-491f-b3f8-ea3747269f7a___UF.Citrus_HLB_Lab 1410.JPG,Orange___Haunglongbing_(Citrus_greening),15
data/PlantVillage-Dataset/raw/color/Soybean___healthy/a5330ea3-14c5-4884-b2b0-eee792f92352___RS_HL 2786.JPG,Soybean___healthy,24
data/PlantVillage-Dataset/raw/color/Strawberry___Leaf_scorch/5a83b4ae-e45d-4fe0-9231-38a547efbc56___RS_L.Scorch 1481.JPG,Strawberry___Leaf_scorch,26
"data/PlantVillage-Dataset/raw/color/Pepper,_bell___Bacterial_spot/98911982-d13f-45f3-a098-bacf2924c154___NREC_B.Spot 1851.JPG","Pepper,_bell___Bacterial_spot",18
data/PlantVillage-Dataset/raw/color/Cherry_(including_sour)___healthy/6b986cad-78b2-4aad-a713-5dc2e87a2d1a___JR_HL 9614.JPG,Cherry_(including_sour)___healthy,6
data/PlantVillage-Dataset/raw/color/Potato___healthy/c3caa84b-6078-4489-80ac-919d92d25ff7___RS_HL 1772.JPG,Potato___healthy,22
"data/PlantVillage-Dataset/raw/color/Pepper,_bell___Bacterial_spot/eb2fd423-38f8-42b5-88bf-4fdc81adba95___JR_B.Spot 8952.JPG","Pepper,_bell___Bacterial_spot",18
data/PlantVillage-Dataset/raw/color/Grape___Black_rot/40f7f974-67d0-4a8d-b1b8-386007854643___FAM_B.Rot 0471.JPG,Grape___Black_rot,11
data/PlantVillage-Dataset/raw/color/Apple___Apple_scab/815d2612-ee00-407a-8a0d-d0d94c7e0a9f___FREC_Scab 3461.JPG,Apple___Apple_scab,0
data/PlantVillage-Dataset/raw/color/Corn_(maize)___Northern_Leaf_Blight/72588a71-5b19-4867-a1d4-1a3addca8ab4___RS_NLB 3553 copy 2.jpg,Corn_(maize)___Northern_Leaf_Blight,9
data/PlantVillage-Dataset/raw/color/Tomato___Tomato_mosaic_virus/4e35d3db-e33d-493d-80f2-6a3fdce77959___PSU_CG 2135.JPG,Tomato___Tomato_mosaic_virus,36
data/PlantVillage-Dataset/raw/color/Tomato___Early_blight/8c9b351b-520c-46f9-960f-8850386e54ab___RS_Erly.B 7677.JPG,Tomato___Early_blight,29
data/PlantVillage-Dataset/raw/color/Corn_(maize)___healthy/b3ff7fcd-955e-4a4d-9278-9642ac737f73___R.S_HL 0638 copy 2.jpg,Corn_(maize)___healthy,10
data/PlantVillage-Dataset/raw/color/Potato___Late_blight/377e9523-f375-4c0c-9d66-5abf2abfaefb___RS_LB 2504.JPG,Potato___Late_blight,21
data/PlantVillage-Dataset/raw/color/Corn_(maize)___healthy/068794e5-0a99-405f-bbb9-1f954e11942d___R.S_HL 7909 copy 2.jpg,Corn_(maize)___healthy,10
data/PlantVillage-Dataset/raw/color/Potato___Late_blight/1531198a-c611-47ee-af7d-7b124b863870___RS_LB 4793.JPG,Potato___Late_blight,21
data/PlantVillage-Dataset/raw/color/Tomato___Target_Spot/59334a76-8e36-4c68-bd5e-4b181b710305___Com.G_TgS_FL 9778.JPG,Tomato___Target_Spot,34
data/PlantVillage-Dataset/raw/color/Tomato___Leaf_Mold/93608d6e-7511-4388-88c1-ef45b754e9c2___Crnl_L.Mold 6580.JPG,Tomato___Leaf_Mold,31
"data/PlantVillage-Dataset/raw/color/Pepper,_bell___healthy/7cb1f036-bf36-4271-a765-86e575664f3c___JR_HL 8075.JPG","Pepper,_bell___healthy",19
data/PlantVillage-Dataset/raw/color/Tomato___Septoria_leaf_spot/b49c2ffd-6fa4-4ab8-8458-f4cc444c1325___Matt.S_CG 6007.JPG,Tomato___Septoria_leaf_spot,32
data/PlantVillage-Dataset/raw/color/Raspberry___healthy/04908211-66c9-42f8-a9b1-9d29a686f131___Mary_HL 9175.JPG,Raspberry___healthy,23
"data/PlantVillage-Dataset/raw/color/Pepper,_bell___Bacterial_spot/9184edd2-6056-4da1-aaeb-bc9dc92d5247___NREC_B.Spot 9155.JPG","Pepper,_bell___Bacterial_spot",18
data/PlantVillage-Dataset/raw/color/Grape___Esca_(Black_Measles)/ab820717-e42b-490f-aa9e-a7320d3f3727___FAM_B.Msls 1335.JPG,Grape___Esca_(Black_Measles),12
data/PlantVillage-Dataset/raw/color/Tomato___Tomato_Yellow_Leaf_Curl_Virus/ba66b42c-feda-4076-b75d-62f11abc4657___YLCV_GCREC 1921.JPG,Tomato___Tomato_Yellow_Leaf_Curl_Virus,35
data/PlantVillage-Dataset/raw/color/Tomato___Early_blight/87725f1b-be8c-42b8-8eed-671b0c52276d___RS_Erly.B 7431.JPG,Tomato___Early_blight,29
data/PlantVillage-Dataset/raw/color/Potato___healthy/de9a8669-d437-40f0-aa56-fe2d8276a1e0___RS_HL 1910.JPG,Potato___healthy,22
data/PlantVillage-Dataset/raw/color/Tomato___Spider_mites Two-spotted_spider_mite/2b92d125-cf19-499f-9987-9579b0ba695b___Com.G_SpM_FL 8591.JPG,Tomato___Spider_mites Two-spotted_spider_mite,33
data/PlantVillage-Dataset/raw/color/Tomato___Target_Spot/8e28d17d-8a3b-4994-beb6-79b041b5c44b___Com.G_TgS_FL 8246.JPG,Tomato___Target_Spot,34
data/PlantVillage-Dataset/raw/color/Cherry_(including_sour)___Powdery_mildew/00e0a4ab-ecbd-4560-a71c-b19d86bb087c___FREC_Pwd.M 4917.JPG,Cherry_(including_sour)___Powdery_mildew,5
data/PlantVillage-Dataset/raw/color/Grape___Black_rot/29a79416-7d6b-45b9-b48e-c40ca10bde21___FAM_B.Rot 0617.JPG,Grape___Black_rot,11
data/PlantVillage-Dataset/raw/color/Tomato___Tomato_Yellow_Leaf_Curl_Virus/300ebe96-b729-4553-91b3-7955a03e3070___YLCV_GCREC 2028.JPG,Tomato___Tomato_Yellow_Leaf_Curl_Virus,35
data/PlantVillage-Dataset/raw/color/Tomato___Late_blight/fdbc3a0b-5da5-452d-a6e4-b5a5e6dc396a___GHLB2 Leaf 8575.JPG,Tomato___Late_blight,30
data/PlantVillage-Dataset/raw/color/Tomato___Target_Spot/71c96679-5107-4efd-b1ad-f3b9b60e0f08___Com.G_TgS_FL 9790.JPG,Tomato___Target_Spot,34
data/PlantVillage-Dataset/raw/color/Potato___healthy/9b5be0c5-7d7e-493d-88ba-c721c85f73ca___RS_HL 5405.JPG,Potato___healthy,22
data/PlantVillage-Dataset/raw/color/Peach___healthy/7d1027e6-4158-4b29-b0cd-874e4161dd05___Rutg._HL 2486.JPG,Peach___healthy,17
data/PlantVillage-Dataset/raw/color/Apple___Apple_scab/41c30a63-9e26-4ced-8110-038a2e36b095___FREC_Scab 3298.JPG,Apple___Apple_scab,0
data/PlantVillage-Dataset/raw/color/Peach___Bacterial_spot/030738f0-435a-4565-af45-dcd80c6abbab___Rut._Bact.S 1355.JPG,Peach___Bacterial_spot,16
data/PlantVillage-Dataset/raw/color/Potato___Late_blight/a88a6388-09fa-4cfc-a82e-94d5fd3b4972___RS_LB 2748.JPG,Potato___Late_blight,21
"data/PlantVillage-Dataset/raw/color/Pepper,_bell___Bacterial_spot/ba9e7d81-876f-4c05-9578-ddd45d8b3526___JR_B.Spot 3330.JPG","Pepper,_bell___Bacterial_spot",18
data/PlantVillage-Dataset/raw/color/Apple___Black_rot/3ee8f19d-38a4-4e9d-adc1-c8ab5e95ba60___JR_FrgE.S 2839.JPG,Apple___Black_rot,1
"data/PlantVillage-Dataset/raw/color/Pepper,_bell___healthy/5ff1097d-5e9e-40bc-8987-ccf15d465d77___JR_HL 8081.JPG","Pepper,_bell___healthy",19
data/PlantVillage-Dataset/raw/color/Potato___Late_blight/8acd2e1a-f965-4abb-bd16-8c0a4e918d2c___RS_LB 4644.JPG,Potato___Late_blight,21
data/PlantVillage-Dataset/raw/color/Tomato___Tomato_Yellow_Leaf_Curl_Virus/8b2d1dc6-858b-452e-99a2-6ffbbc211051___UF.GRC_YLCV_Lab 09391.JPG,Tomato___Tomato_Yellow_Leaf_Curl_Virus,35
data/PlantVillage-Dataset/raw/color/Raspberry___healthy/9b4b800b-ad23-435b-843e-035226811248___Mary_HL 6243.JPG,Raspberry___healthy,23
data/PlantVillage-Dataset/raw/color/Corn_(maize)___Cercospora_leaf_spot Gray_leaf_spot/66151c80-6947-4062-bbb0-3771e6feefc3___RS_GLSp 7304.JPG,Corn_(maize)___Cercospora_leaf_spot Gray_leaf_spot,7
data/PlantVillage-Dataset/raw/color/Grape___Leaf_blight_(Isariopsis_Leaf_Spot)/b1b32757-2efa-4218-a4ed-c698763530d3___FAM_L.Blight 4945.JPG,Grape___Leaf_blight_(Isariopsis_Leaf_Spot),13
data/PlantVillage-Dataset/raw/color/Tomato___Late_blight/7fc96574-d320-4622-9695-1478156c6b76___GHLB2 Leaf 164.2.JPG,Tomato___Late_blight,30
data/PlantVillage-Dataset/raw/color/Blueberry___healthy/49655070-cccd-4f13-ad25-689472f1bffa___RS_HL 0616.JPG,Blueberry___healthy,4
data/PlantVillage-Dataset/raw/color/Soybean___healthy/1c3849fc-d62c-4be9-a924-64987ffb41a2___RS_HL 6991.JPG,Soybean___healthy,24
data/PlantVillage-Dataset/raw/color/Corn_(maize)___Northern_Leaf_Blight/1048748e-af83-48d0-ac54-2956ba4dc2e0___RS_NLB 4024.JPG,Corn_(maize)___Northern_Leaf_Blight,9
data/PlantVillage-Dataset/raw/color/Squash___Powdery_mildew/04635a46-8018-42c6-aa66-d3ad9b4d37a5___UMD_Powd.M 0188.JPG,Squash___Powdery_mildew,25
data/PlantVillage-Dataset/raw/color/Cherry_(including_sour)___Powdery_mildew/078c2573-e637-4aad-b806-abb59d784132___FREC_Pwd.M 4784.JPG,Cherry_(including_sour)___Powdery_mildew,5
data/PlantVillage-Dataset/raw/color/Apple___Cedar_apple_rust/a3141843-3628-45c2-ac01-5b1726744c6d___FREC_C.Rust 9906.JPG,Apple___Cedar_apple_rust,2
data/PlantVillage-Dataset/raw/color/Apple___Cedar_apple_rust/809c7104-6f46-4117-8c8c-6d5491b2178d___FREC_C.Rust 3839.JPG,Apple___Cedar_apple_rust,2
data/PlantVillage-Dataset/raw/color/Corn_(maize)___Northern_Leaf_Blight/82627249-dfdd-4afc-aa5a-6653a6d68824___RS_NLB 3954 copy 2.jpg,Corn_(maize)___Northern_Leaf_Blight,9
data/PlantVillage-Dataset/raw/color/Apple___Cedar_apple_rust/a4e8bc4c-4522-4a7d-b7c9-70c4b220561e___FREC_C.Rust 3570.JPG,Apple___Cedar_apple_rust,2
"data/PlantVillage-Dataset/raw/color/Pepper,_bell___healthy/0f56ffda-5d57-4a61-8f7f-37f22a02520a___JR_HL 8589.JPG","Pepper,_bell___healthy",19
data/PlantVillage-Dataset/raw/color/Cherry_(including_sour)___healthy/88aa10b3-3574-49a1-8bb3-183525fa9848___JR_HL 4081.JPG,Cherry_(including_sour)___healthy,6
data/PlantVillage-Dataset/raw/color/Blueberry___healthy/a0fef3ff-ee9a-4e33-a5e2-7c09e93a727d___RS_HL 4948.JPG,Blueberry___healthy,4
data/PlantVillage-Dataset/raw/color/Grape___Esca_(Black_Measles)/0fa9cca0-f4e4-4a1e-925c-1111fc1597f0___FAM_B.Msls 4107.JPG,Grape___Esca_(Black_Measles),12
data/PlantVillage-Dataset/raw/color/Corn_(maize)___Common_rust_/RS_Rust 2308.JPG,Corn_(maize)___Common_rust_,8
data/PlantVillage-Dataset/raw/color/Grape___healthy/dc94bb19-48ca-47d7-87ad-98cf5ec46aad___Mt.N.V_HL 6181.JPG,Grape___healthy,14
data/PlantVillage-Dataset/raw/color/Apple___healthy/504ac2ab-ebfc-4c7d-89bf-d52955b6d297___RS_HL 7652.JPG,Apple___healthy,3
data/PlantVillage-Dataset/raw/color/Grape___Leaf_blight_(Isariopsis_Leaf_Spot)/c26745db-93a8-4ec5-a149-a5d60339c090___FAM_L.Blight 4846.JPG,Grape___Leaf_blight_(Isariopsis_Leaf_Spot),13
data/PlantVillage-Dataset/raw/color/Squash___Powdery_mildew/55a8a32c-63bc-4832-a90c-f1e414463334___UMD_Powd.M 9737.JPG,Squash___Powdery_mildew,25
"data/PlantVillage-Dataset/raw/color/Pepper,_bell___healthy/3306b49b-e3b3-4450-8609-ae44ab2b6593___bell-pepper-plant-61726.jpg","Pepper,_bell___healthy",19
data/PlantVillage-Dataset/raw/color/Tomato___Bacterial_spot/10c418e8-59b3-4d9f-a22b-7762b538e758___UF.GRC_BS_Lab Leaf 0900.JPG,Tomato___Bacterial_spot,28
data/PlantVillage-Dataset/raw/color/Tomato___Bacterial_spot/24408a22-6358-438e-99a1-729ea90726ad___GCREC_Bact.Sp 3645.JPG,Tomato___Bacterial_spot,28
data/PlantVillage-Dataset/raw/color/Tomato___Spider_mites Two-spotted_spider_mite/b6021a77-4136-43e0-a890-f3a5fa0bba42___Com.G_SpM_FL 1607.JPG,Tomato___Spider_mites Two-spotted_spider_mite,33
"data/PlantVillage-Dataset/raw/color/Pepper,_bell___healthy/7a09e4c9-bc66-4d7d-aee6-20181672ff28___JR_HL 7699.JPG","Pepper,_bell___healthy",19
data/PlantVillage-Dataset/raw/color/Potato___Early_blight/4217355a-471b-4045-9199-55003f2c9b99___RS_Early.B 7469.JPG,Potato___Early_blight,20
data/PlantVillage-Dataset/raw/color/Corn_(maize)___Northern_Leaf_Blight/3b98ec11-30cb-47c0-89c0-05677d9f0b9d___RS_NLB 3877.JPG,Corn_(maize)___Northern_Leaf_Blight,9
data/PlantVillage-Dataset/raw/color/Apple___Cedar_apple_rust/8c16e58c-0272-4c95-a53c-1984bd6bb83e___FREC_C.Rust 0059.JPG,Apple___Cedar_apple_rust,2
data/PlantVillage-Dataset/raw/color/Strawberry___healthy/6a575843-9563-4d8d-a54a-0512c08ed6e3___RS_HL 4398.JPG,Strawberry___healthy,27
data/PlantVillage-Dataset/raw/color/Grape___Black_rot/597e8cf7-f504-4eb8-ba2d-b6713bcdf9b8___FAM_B.Rot 3423.JPG,Grape___Black_rot,11
data/PlantVillage-Dataset/raw/color/Cherry_(including_sour)___Powdery_mildew/11486ca3-39fe-4ff3-8474-de8d579ededf___FREC_Pwd.M 0359.JPG,Cherry_(including_sour)___Powdery_mildew,5
data/PlantVillage-Dataset/raw/color/Corn_(maize)___Cercospora_leaf_spot Gray_leaf_spot/de571dd2-b61a-488d-8c1a-c95b72720109___RS_GLSp 4647.JPG,Corn_(maize)___Cercospora_leaf_spot Gray_leaf_spot,7
data/PlantVillage-Dataset/raw/color/Apple___Cedar_apple_rust/fe8e7208-9986-428c-abff-98da6ba8809a___FREC_C.Rust 4161.JPG,Apple___Cedar_apple_rust,2
data/PlantVillage-Dataset/raw/color/Raspberry___healthy/1997bed9-d59a-4c4a-b342-15a1089af75b___Mary_HL 6363.JPG,Raspberry___healthy,23
data/PlantVillage-Dataset/raw/color/Potato___Early_blight/d1184bb1-defe-44b3-aa71-d03fe11bf535___RS_Early.B 8787.JPG,Potato___Early_blight,20
data/PlantVillage-Dataset/raw/color/Tomato___Leaf_Mold/67146d7f-01d8-46e5-b772-3617f7b5d403___Crnl_L.Mold 8673.JPG,Tomato___Leaf_Mold,31
data/PlantVillage-Dataset/raw/color/Potato___Late_blight/2c1218c8-eaea-4f5a-be4b-34e34a705063___RS_LB 2530.JPG,Potato___Late_blight,21
data/PlantVillage-Dataset/raw/color/Orange___Haunglongbing_(Citrus_greening)/e257147a-964b-4fc5-8f03-c8974641bcf4___UF.Citrus_HLB_Lab 0954.JPG,Orange___Haunglongbing_(Citrus_greening),15
data/PlantVillage-Dataset/raw/color/Corn_(maize)___healthy/e2b6e2e6-4b4a-46be-8459-153661e95d35___R.S_HL 5535 copy.jpg,Corn_(maize)___healthy,10
data/PlantVillage-Dataset/raw/color/Peach___Bacterial_spot/3c40c656-85a3-4d46-9f9b-072c1ce5eb3d___Rutg._Bact.S 1774.JPG,Peach___Bacterial_spot,16
data/PlantVillage-Dataset/raw/color/Tomato___Target_Spot/ab7126ed-6e91-4175-b552-e26756c54b3e___Com.G_TgS_FL 8341.JPG,Tomato___Target_Spot,34
data/PlantVillage-Dataset/raw/color/Tomato___Tomato_mosaic_virus/9492201b-e31b-463f-9ffc-1669b8afc908___PSU_CG 2409.JPG,Tomato___Tomato_mosaic_virus,36
data/PlantVillage-Dataset/raw/color/Peach___healthy/40ce83b6-18b2-4f97-9f01-f151e5bef4dc___Rutg._HL 3555.JPG,Peach___healthy,17
data/PlantVillage-Dataset/raw/color/Apple___Black_rot/34eb19d8-32a9-4c9b-829f-d0ed705c5f03___JR_FrgE.S 3064.JPG,Apple___Black_rot,1
data/PlantVillage-Dataset/raw/color/Tomato___Septoria_leaf_spot/9d377ccd-cf2f-4fdb-bce6-ac70e0b53d03___Matt.S_CG 7620.JPG,Tomato___Septoria_leaf_spot,32
data/PlantVillage-Dataset/raw/color/Cherry_(including_sour)___healthy/af3fc764-85b8-4777-8056-585d6a13e225___JR_HL 4062.JPG,Cherry_(including_sour)___healthy,6
data/PlantVillage-Dataset/raw/color/Corn_(maize)___Common_rust_/RS_Rust 2433.JPG,Corn_(maize)___Common_rust_,8
data/PlantVillage-Dataset/raw/color/Corn_(maize)___Northern_Leaf_Blight/1b48b86b-f9ed-4df8-9a3d-213e188d3ff9___RS_NLB 3806 copy.jpg,Corn_(maize)___Northern_Leaf_Blight,9
data/PlantVillage-Dataset/raw/color/Potato___Late_blight/8bf37a1e-4535-4919-953e-69376f5be48a___RS_LB 2611.JPG,Potato___Late_blight,21
data/PlantVillage-Dataset/raw/color/Apple___Apple_scab/53035d10-9f2b-4c90-ab75-dfde2a9af82f___FREC_Scab 2915.JPG,Apple___Apple_scab,0
data/PlantVillage-Dataset/raw/color/Tomato___Tomato_Yellow_Leaf_Curl_Virus/74523444-1909-4f6e-a643-05857aa94a74___UF.GRC_YLCV_Lab 09381.JPG,Tomato___Tomato_Yellow_Leaf_Curl_Virus,35
data/PlantVillage-Dataset/raw/color/Soybean___healthy/56778478-41a1-41d3-8fff-828c5055b0dd___RS_HL 5680 1.JPG,Soybean___healthy,24
data/PlantVillage-Dataset/raw/color/Grape___healthy/0f7500d4-cf47-4f9f-a505-455a4f7ca2e6___Mt.N.V_HL 9043.JPG,Grape___healthy,14
data/PlantVillage-Dataset/raw/color/Strawberry___Leaf_scorch/1c759763-3c5b-477f-b2fe-ae0f8387bf53___RS_L.Scorch 1045.JPG,Strawberry___Leaf_scorch,26
data/PlantVillage-Dataset/raw/color/Strawberry___Leaf_scorch/24aae4e3-0f75-4c07-9c61-4feb94b91688___RS_L.Scorch 1510.JPG,Strawberry___Leaf_scorch,26
data/PlantVillage-Dataset/raw/color/Peach___healthy/64a6b33f-e9eb-431f-a252-954ed9dccd7b___Rutg._HL 3622.JPG,Peach___healthy,17
data/PlantVillage-Dataset/raw/color/Apple___Cedar_apple_rust/9bbb97c5-a05b-4853-a30e-3b3ec1917067___FREC_C.Rust 3674.JPG,Apple___Cedar_apple_rust,2
data/PlantVillage-Dataset/raw/color/Potato___Early_blight/1a38f06b-da2a-4c57-bef1-a73254896403___RS_Early.B 9178.JPG,Potato___Early_blight,20
data/PlantVillage-Dataset/raw/color/Grape___Leaf_blight_(Isariopsis_Leaf_Spot)/f681ecc4-ed9e-459f-b192-75c3060fac2a___FAM_L.Blight 4986.JPG,Grape___Leaf_blight_(Isariopsis_Leaf_Spot),13
data/PlantVillage-Dataset/raw/color/Blueberry___healthy/e0f99bbf-1e29-415c-ae6e-e41ee41ca771___RS_HL 0398.JPG,Blueberry___healthy,4
data/PlantVillage-Dataset/raw/color/Tomato___healthy/424c3315-6c08-4ab3-89da-d8456bc2050b___GH_HL Leaf 443.JPG,Tomato___healthy,37
data/PlantVillage-Dataset/raw/color/Strawberry___Leaf_scorch/503e1d1c-8ac3-4984-829d-79be5050e383___RS_L.Scorch 1610.JPG,Strawberry___Leaf_scorch,26
data/PlantVillage-Dataset/raw/color/Potato___Early_blight/b6b4aa28-edc4-4e9f-bc0d-bd4b0ec085a2___RS_Early.B 7559.JPG,Potato___Early_blight,20
data/PlantVillage-Dataset/raw/color/Soybean___healthy/ea800de9-cad6-4b81-8fa7-420d71ca9157___RS_HL 6240.JPG,Soybean___healthy,24
data/PlantVillage-Dataset/raw/color/Peach___Bacterial_spot/a3b4a6e5-1c8f-4ba2-81a5-5ce59d40ded2___Rutg._Bact.S 2045.JPG,Peach___Bacterial_spot,16
data/PlantVillage-Dataset/raw/color/Apple___Apple_scab/e8fc927f-fac2-4386-be3c-0a8ad0ddd83d___FREC_Scab 3292.JPG,Apple___Apple_scab,0
data/PlantVillage-Dataset/raw/color/Grape___Black_rot/c594f0a4-cfb5-4d84-b216-64b0dcf272c2___FAM_B.Rot 3464.JPG,Grape___Black_rot,11
data/PlantVillage-Dataset/raw/color/Apple___Apple_scab/f2fb711e-3bcb-4729-9352-205c8dd0576f___FREC_Scab 3118.JPG,Apple___Apple_scab,0
data/PlantVillage-Dataset/raw/color/Corn_(maize)___healthy/f8f2663a-df9b-4c0b-bddc-0f0c6fc5c7cf___R.S_HL 8126 copy.jpg,Corn_(maize)___healthy,10
data/PlantVillage-Dataset/raw/color/Tomato___Late_blight/0b52ebed-e711-41f2-bfd1-af73410b370e___RS_Late.B 5463.JPG,Tomato___Late_blight,30
data/PlantVillage-Dataset/raw/color/Tomato___Septoria_leaf_spot/b6176eb3-1480-4d4e-b1d7-2d23e3e825c3___JR_Sept.L.S 8384.JPG,Tomato___Septoria_leaf_spot,32
data/PlantVillage-Dataset/raw/color/Grape___Black_rot/d3b477f3-0dc2-4ab5-bc47-fc42fae60b6b___FAM_B.Rot 3114.JPG,Grape___Black_rot,11
data/PlantVillage-Dataset/raw/color/Tomato___Tomato_mosaic_virus/8a000704-8eda-40bd-b07d-d04634d4fe72___PSU_CG 2238.JPG,Tomato___Tomato_mosaic_virus,36
data/PlantVillage-Dataset/raw/color/Grape___Leaf_blight_(Isariopsis_Leaf_Spot)/59f88755-a95e-42a8-b7ec-5e139d4d7d0e___FAM_L.Blight 3689.JPG,Grape___Leaf_blight_(Isariopsis_Leaf_Spot),13
data/PlantVillage-Dataset/raw/color/Grape___Leaf_blight_(Isariopsis_Leaf_Spot)/05f01a30-6f7e-4056-bd8a-ecc9998821a9___FAM_L.Blight 4694.JPG,Grape___Leaf_blight_(Isariopsis_Leaf_Spot),13
data/PlantVillage-Dataset/raw/color/Raspberry___healthy/cbc8918e-c03b-4689-9cfb-6b430c464938___Mary_HL 6381.JPG,Raspberry___healthy,23
data/PlantVillage-Dataset/raw/color/Blueberry___healthy/f135623d-8a31-4613-960f-9cfc565b6c40___RS_HL 2262.JPG,Blueberry___healthy,4
data/PlantVillage-Dataset/raw/color/Apple___Cedar_apple_rust/4e6676b6-154c-4f7d-a355-bcc00a397c3d___FREC_C.Rust 9853.JPG,Apple___Cedar_apple_rust,2
data/PlantVillage-Dataset/raw/color/Grape___Esca_(Black_Measles)/fb510953-df8a-47df-985c-abe10f6c4266___FAM_B.Msls 1325.JPG,Grape___Esca_(Black_Measles),12
data/PlantVillage-Dataset/raw/color/Apple___Apple_scab/f3303560-12ce-4e37-b62c-bfb5aad8aa0d___FREC_Scab 3332.JPG,Apple___Apple_scab,0
data/PlantVillage-Dataset/raw/color/Tomato___Septoria_leaf_spot/4c7b64ad-9bc8-4f71-b481-13ab966f8d6a___Matt.S_CG 7393.JPG,Tomato___Septoria_leaf_spot,32
data/PlantVillage-Dataset/raw/color/Apple___Apple_scab/83dc6270-1c10-4c76-a1a2-6b562fcb4e4c___FREC_Scab 3478.JPG,Apple___Apple_scab,0
data/PlantVillage-Dataset/raw/color/Peach___Bacterial_spot/78457661-d9e5-4170-8d07-e80fe53ba581___Rutg._Bact.S 1593.JPG,Peach___Bacterial_spot,16
data/PlantVillage-Dataset/raw/color/Strawberry___Leaf_scorch/f7ee8706-dac1-41c5-9db6-997277cec8ee___RS_L.Scorch 1402.JPG,Strawberry___Leaf_scorch,26
data/PlantVillage-Dataset/raw/color/Tomato___Septoria_leaf_spot/f9817507-b3a3-4072-aad8-1b9afc3dc45a___Matt.S_CG 7628.JPG,Tomato___Septoria_leaf_spot,32
data/PlantVillage-Dataset/raw/color/Tomato___Early_blight/e4739018-9e7b-4251-917f-c8502e8b5e86___RS_Erly.B 9443.JPG,Tomato___Early_blight,29
data/PlantVillage-Dataset/raw/color/Apple___healthy/8b9db905-ed0e-4f6b-b5f0-451f8b27ecbd___RS_HL 7640.JPG,Apple___healthy,3
data/PlantVillage-Dataset/raw/color/Raspberry___healthy/5cb1014e-dd7c-4d7b-8e8f-23326179dc23___Mary_HL 6383.JPG,Raspberry___healthy,23
data/PlantVillage-Dataset/raw/color/Grape___healthy/2ad9b06e-ad3f-4da1-999b-fefe59ebf9e1___Mt.N.V_HL 6148.JPG,Grape___healthy,14
data/PlantVillage-Dataset/raw/color/Corn_(maize)___Common_rust_/RS_Rust 2656.JPG,Corn_(maize)___Common_rust_,8
data/PlantVillage-Dataset/raw/color/Apple___Apple_scab/be23de1a-2db8-4d7f-8b5f-cee56829d49c___FREC_Scab 2991.JPG,Apple___Apple_scab,0
data/PlantVillage-Dataset/raw/color/Tomato___Tomato_Yellow_Leaf_Curl_Virus/c3b57b4b-28db-4544-809e-198d78a53701___UF.GRC_YLCV_Lab 02555.JPG,Tomato___Tomato_Yellow_Leaf_Curl_Virus,35
data/PlantVillage-Dataset/raw/color/Apple___healthy/afc0668a-0e88-4fa3-a91b-acf3f54551d7___RS_HL 7800.JPG,Apple___healthy,3
data/PlantVillage-Dataset/raw/color/Apple___healthy/5977222a-8f4a-44b3-9960-61fcf36c5e7f___RS_HL 5664.JPG,Apple___healthy,3
data/PlantVillage-Dataset/raw/color/Apple___healthy/b55fbd6e-955c-4016-acff-4829df8a2f0f___RS_HL 7399.JPG,Apple___healthy,3
"data/PlantVillage-Dataset/raw/color/Pepper,_bell___healthy/b7103e2b-ef67-441b-b462-be6f0513dee0___JR_HL 8452.JPG","Pepper,_bell___healthy",19
"data/PlantVillage-Dataset/raw/color/Pepper,_bell___healthy/ef91d789-9549-42a6-b48e-7695ccd64a1f___JR_HL 7586.JPG","Pepper,_bell___healthy",19
data/PlantVillage-Dataset/raw/color/Apple___Black_rot/56356abd-6e83-4bca-90ef-89cb6e68ea85___JR_FrgE.S 2786.JPG,Apple___Black_rot,1
data/PlantVillage-Dataset/raw/color/Potato___Early_blight/0ede4acd-3685-40d9-b52b-7b3cb6536fa8___RS_Early.B 7377.JPG,Potato___Early_blight,20
data/PlantVillage-Dataset/raw/color/Apple___Black_rot/56473ed3-436d-4ee1-842a-02bc4fba12e7___JR_FrgE.S 2847.JPG,Apple___Black_rot,1
data/PlantVillage-Dataset/raw/color/Peach___healthy/f1b4be89-0313-4fa4-b04e-1e3e126ee8fb___Rutg._HL 3528.JPG,Peach___healthy,17
data/PlantVillage-Dataset/raw/color/Grape___healthy/670313f0-b36a-4151-9d81-ae1cd9ee812c___Mt.N.V_HL 6092.JPG,Grape___healthy,14
data/PlantVillage-Dataset/raw/color/Grape___Esca_(Black_Measles)/b2d975d2-e270-4b8b-91ee-02e7290ead9d___FAM_B.Msls 4001.JPG,Grape___Esca_(Black_Measles),12
data/PlantVillage-Dataset/raw/color/Tomato___Leaf_Mold/10e1a86f-0355-4534-aed8-08c6f01548d4___Crnl_L.Mold 7018.JPG,Tomato___Leaf_Mold,31
data/PlantVillage-Dataset/raw/color/Orange___Haunglongbing_(Citrus_greening)/e8649328-94a6-4fdb-a0ba-c9bb005680ba___UF.Citrus_HLB_Lab 1193.JPG,Orange___Haunglongbing_(Citrus_greening),15
data/PlantVillage-Dataset/raw/color/Corn_(maize)___Cercospora_leaf_spot Gray_leaf_spot/aa7c5620-2ec9-4b2c-9091-8ce30597661e___RS_GLSp 9363.JPG,Corn_(maize)___Cercospora_leaf_spot Gray_leaf_spot,7
data/PlantVillage-Dataset/raw/color/Tomato___Leaf_Mold/59dec63f-ae7e-4a24-abd1-3a58f176cf84___Crnl_L.Mold 6604.JPG,Tomato___Leaf_Mold,31
data/PlantVillage-Dataset/raw/color/Cherry_(including_sour)___healthy/151c23f5-9206-4950-953e-51b4f6c6e716___JR_HL 9878.JPG,Cherry_(including_sour)___healthy,6
data/PlantVillage-Dataset/raw/color/Raspberry___healthy/75516457-ea59-483c-821c-5f173575702f___Mary_HL 9225.JPG,Raspberry___healthy,23
data/PlantVillage-Dataset/raw/color/Corn_(maize)___Northern_Leaf_Blight/5d3b81a4-890c-4792-a96a-66f19cf44750___RS_NLB 3883.JPG,Corn_(maize)___Northern_Leaf_Blight,9
data/PlantVillage-Dataset/raw/color/Grape___healthy/f72e0604-9654-48b4-b153-2e92383970ce___Mt.N.V_HL 8979.JPG,Grape___healthy,14
data/PlantVillage-Dataset/raw/color/Cherry_(including_sour)___healthy/1075f5f1-8cfe-420a-a65d-7c3399b63f39___JR_HL 9827.JPG,Cherry_(including_sour)___healthy,6
data/PlantVillage-Dataset/raw/color/Tomato___Spider_mites Two-spotted_spider_mite/f581a55f-a154-4266-8306-aa00abd9ebe8___Com.G_SpM_FL 9301.JPG,Tomato___Spider_mites Two-spotted_spider_mite,33
data/PlantVillage-Dataset/raw/color/Raspberry___healthy/d0c5488c-4e1b-4fa3-9bb3-8cec6a772436___Mary_HL 9219.JPG,Raspberry___healthy,23
data/PlantVillage-Dataset/raw/color/Tomato___Early_blight/9e92ea05-2e0f-42cb-be52-f58745ee9acc___RS_Erly.B 9476.JPG,Tomato___Early_blight,29
data/PlantVillage-Dataset/raw/color/Tomato___healthy/cd8d1ae6-2c8e-43ac-8314-77d88e1153c7___GH_HL Leaf 365.JPG,Tomato___healthy,37
data/PlantVillage-Dataset/raw/color/Corn_(maize)___Northern_Leaf_Blight/ad159032-2941-402b-bd42-5d79bd3fa9a8___RS_NLB 4116.JPG,Corn_(maize)___Northern_Leaf_Blight,9
data/PlantVillage-Dataset/raw/color/Apple___Cedar_apple_rust/cf570118-397c-434d-b158-d3539dd12786___FREC_C.Rust 0122.JPG,Apple___Cedar_apple_rust,2
data/PlantVillage-Dataset/raw/color/Raspberry___healthy/e70a09bb-2ed0-448d-87d7-7093dde8b194___Mary_HL 9337.JPG,Raspberry___healthy,23
data/PlantVillage-Dataset/raw/color/Corn_(maize)___Common_rust_/RS_Rust 1772.JPG,Corn_(maize)___Common_rust_,8
data/PlantVillage-Dataset/raw/color/Potato___Late_blight/72b12e17-d76f-4254-a4af-3ed3c3859500___RS_LB 3334.JPG,Potato___Late_blight,21
data/PlantVillage-Dataset/raw/color/Corn_(maize)___Cercospora_leaf_spot Gray_leaf_spot/9ac3c670-7ccf-46a8-870c-c075a26374b0___RS_GLSp 9344.JPG,Corn_(maize)___Cercospora_leaf_spot Gray_leaf_spot,7
data/PlantVillage-Dataset/raw/color/Corn_(maize)___Northern_Leaf_Blight/37da66ff-ddaf-4848-a9df-f48bd43da831___RS_NLB 4214.JPG,Corn_(maize)___Northern_Leaf_Blight,9
data/PlantVillage-Dataset/raw/color/Strawberry___healthy/714e3e69-0d2e-44d1-973f-dcf8c578ce4d___RS_HL 1765.JPG,Strawberry___healthy,27
data/PlantVillage-Dataset/raw/color/Tomato___Septoria_leaf_spot/bac5c7de-e097-4d75-89a9-0b0f6343ad52___Matt.S_CG 6607.JPG,Tomato___Septoria_leaf_spot,32
data/PlantVillage-Dataset/raw/color/Squash___Powdery_mildew/3f25b07b-b65e-4344-bc1d-4ff09f0bb4eb___UMD_Powd.M 0738.JPG,Squash___Powdery_mildew,25
data/PlantVillage-Dataset/raw/color/Strawberry___Leaf_scorch/1388ef9c-6d08-4c30-8966-e43d7e299aa7___RS_L.Scorch 0071.JPG,Strawberry___Leaf_scorch,26
data/PlantVillage-Dataset/raw/color/Raspberry___healthy/6abc9c8d-1b31-4344-a39b-924ec6f8a8cb___Mary_HL 9223.JPG,Raspberry___healthy,23
data/PlantVillage-Dataset/raw/color/Cherry_(including_sour)___Powdery_mildew/ecfa631d-ef69-40b9-baba-f7ac469987d2___FREC_Pwd.M 0379.JPG,Cherry_(including_sour)___Powdery_mildew,5
data/PlantVillage-Dataset/raw/color/Grape___Black_rot/1f20a91e-f33c-4e38-937d-ee259477211e___FAM_B.Rot 5016.JPG,Grape___Black_rot,11
data/PlantVillage-Dataset/raw/color/Corn_(maize)___Common_rust_/RS_Rust 1827.JPG,Corn_(maize)___Common_rust_,8
data/PlantVillage-Dataset/raw/color/Apple___Cedar_apple_rust/fec27618-f75c-4a6e-b2e7-d290fcb5b9bd___FREC_C.Rust 3550.JPG,Apple___Cedar_apple_rust,2
data/PlantVillage-Dataset/raw/color/Raspberry___healthy/1b32ba52-1a78-4030-9317-ea5d2ea66cd7___Mary_HL 9232.JPG,Raspberry___healthy,23
data/PlantVillage-Dataset/raw/color/Tomato___Leaf_Mold/ea06d6ff-8848-40a9-8372-fcb229337bd4___Crnl_L.Mold 9092.JPG,Tomato___Leaf_Mold,31
data/PlantVillage-Dataset/raw/color/Blueberry___healthy/4d865e8e-3420-4d16-91ce-fca0d5450dd5___RS_HL 0697.JPG,Blueberry___healthy,4
data/PlantVillage-Dataset/raw/color/Tomato___Spider_mites Two-spotted_spider_mite/a75666ed-91d1-4f47-bcf2-554c8a5a3fd5___Com.G_SpM_FL 9551.JPG,Tomato___Spider_mites Two-spotted_spider_mite,33
data/PlantVillage-Dataset/raw/color/Corn_(maize)___Cercospora_leaf_spot Gray_leaf_spot/fd1e7be2-d635-4d70-85ac-f5d68ce7c2d1___RS_GLSp 4450 copy.jpg,Corn_(maize)___Cercospora_leaf_spot Gray_leaf_spot,7
"data/PlantVillage-Dataset/raw/color/Pepper,_bell___healthy/5f4577b0-b161-4839-8556-cdbd49303e30___JR_HL 5941.JPG","Pepper,_bell___healthy",19
data/PlantVillage-Dataset/raw/color/Apple___Apple_scab/af598e54-dae1-47e5-aefc-0b0a419dfa07___FREC_Scab 3211.JPG,Apple___Apple_scab,0
data/PlantVillage-Dataset/raw/color/Strawberry___healthy/08ac4a71-35c5-45c5-8e49-20427b6e53db___RS_HL 4362.JPG,Strawberry___healthy,27
data/PlantVillage-Dataset/raw/color/Orange___Haunglongbing_(Citrus_greening)/8ffe2286-c838-4ea9-92b1-d6d6d3659b41___UF.Citrus_HLB_Lab 0917.JPG,Orange___Haunglongbing_(Citrus_greening),15
data/PlantVillage-Dataset/raw/color/Grape___healthy/02f95acb-5d92-4f2a-b7ec-3af8709ee7c9___Mt.N.V_HL 9078.JPG,Grape___healthy,14
data/PlantVillage-Dataset/raw/color/Cherry_(including_sour)___healthy/a5f22940-d3e6-4ee0-84d1-be2110614d4a___JR_HL 9763.JPG,Cherry_(including_sour)___healthy,6
data/PlantVillage-Dataset/raw/color/Tomato___Leaf_Mold/91fca18d-8401-46d7-a173-cc549261b37f___Crnl_L.Mold 8662.JPG,Tomato___Leaf_Mold,31
data/PlantVillage-Dataset/raw/color/Cherry_(including_sour)___Powdery_mildew/d12701d9-e2d8-4647-aad4-e09f34117cc3___FREC_Pwd.M 0364.JPG,Cherry_(including_sour)___Powdery_mildew,5
data/PlantVillage-Dataset/raw/color/Squash___Powdery_mildew/f8e4cfaa-9ec6-4327-bccd-ff5ae17837d6___UMD_Powd.M 0533.JPG,Squash___Powdery_mildew,25
data/PlantVillage-Dataset/raw/color/Tomato___Tomato_mosaic_virus/b386eecb-c3b8-4b92-8352-b3b687c2db15___PSU_CG 2236.JPG,Tomato___Tomato_mosaic_virus,36
data/PlantVillage-Dataset/raw/color/Apple___Cedar_apple_rust/27d7abba-647b-4f0c-aa4a-3978dccd4f5b___FREC_C.Rust 4092.JPG,Apple___Cedar_apple_rust,2
data/PlantVillage-Dataset/raw/color/Corn_(maize)___Cercospora_leaf_spot Gray_leaf_spot/ef8386a2-a2ca-4571-8880-5eaf3c073725___RS_GLSp 4641.JPG,Corn_(maize)___Cercospora_leaf_spot Gray_leaf_spot,7
data/PlantVillage-Dataset/raw/color/Squash___Powdery_mildew/d9b19c9c-c3d0-4b15-9b0f-0e5e7eae7e35___UMD_Powd.M 9671.JPG,Squash___Powdery_mildew,25
data/PlantVillage-Dataset/raw/color/Tomato___healthy/2e875abf-377c-4663-a406-e02984215fa6___RS_HL 0499.JPG,Tomato___healthy,37
data/PlantVillage-Dataset/raw/color/Tomato___Bacterial_spot/698d4680-5dca-497c-a8c9-9978d8e0052a___GCREC_Bact.Sp 6246.JPG,Tomato___Bacterial_spot,28
data/PlantVillage-Dataset/raw/color/Tomato___Septoria_leaf_spot/699bc438-4477-447e-92a7-038662112f61___Keller.St_CG 2006.JPG,Tomato___Septoria_leaf_spot,32
data/PlantVillage-Dataset/raw/color/Apple___Cedar_apple_rust/94d6b99f-2ac4-4a88-823f-3c607358d057___FREC_C.Rust 9826.JPG,Apple___Cedar_apple_rust,2
data/PlantVillage-Dataset/raw/color/Apple___Black_rot/f3297583-9150-42fd-a2f4-1a9e7109e240___JR_FrgE.S 2967.JPG,Apple___Black_rot,1
data/PlantVillage-Dataset/raw/color/Tomato___Late_blight/ac205c4a-58c5-430f-8b4c-f853652df749___GHLB_PS Leaf 30 Day 13.jpg,Tomato___Late_blight,30
data/PlantVillage-Dataset/raw/color/Peach___healthy/701a4099-7ad0-4121-bec5-ea3248288302___Rutg._HL 3708.JPG,Peach___healthy,17
data/PlantVillage-Dataset/raw/color/Potato___healthy/b4031970-60ea-4739-9fed-6c81be1bad1c___RS_HL 1752.JPG,Potato___healthy,22
data/PlantVillage-Dataset/raw/color/Strawberry___healthy/1b250776-ccb2-49b9-9964-a729567f60b9___RS_HL 2205.JPG,Strawberry___healthy,27
data/PlantVillage-Dataset/raw/color/Corn_(maize)___Cercospora_leaf_spot Gray_leaf_spot/2a2ad0a4-9f19-4366-88d3-c1c87ffc9f90___RS_GLSp 4385.JPG,Corn_(maize)___Cercospora_leaf_spot Gray_leaf_spot,7
data/PlantVillage-Dataset/raw/color/Tomato___Tomato_mosaic_virus/f90809d6-8b8d-4a7d-81df-c0d708ed9bb4___PSU_CG 2176.JPG,Tomato___Tomato_mosaic_virus,36
data/PlantVillage-Dataset/raw/color/Apple___Apple_scab/e7115dcb-8124-42c9-bf6b-40740173d2ba___FREC_Scab 3353.JPG,Apple___Apple_scab,0
data/PlantVillage-Dataset/raw/color/Cherry_(including_sour)___Powdery_mildew/d0632da1-03b6-43e5-9a31-0f24fe456428___FREC_Pwd.M 0536.JPG,Cherry_(including_sour)___Powdery_mildew,5
data/PlantVillage-Dataset/raw/color/Tomato___healthy/4ff86e18-434e-4d1d-819c-c40c908e064a___RS_HL 0273.JPG,Tomato___healthy,37
data/PlantVillage-Dataset/raw/color/Raspberry___healthy/eda7f6bf-dc99-4287-a38c-f259e2f21886___Mary_HL 9323.JPG,Raspberry___healthy,23
data/PlantVillage-Dataset/raw/color/Tomato___Tomato_Yellow_Leaf_Curl_Virus/7c3ed900-34c4-46da-af1e-98eaf6a4a628___UF.GRC_YLCV_Lab 02171.JPG,Tomato___Tomato_Yellow_Leaf_Curl_Virus,35
data/PlantVillage-Dataset/raw/color/Cherry_(including_sour)___Powdery_mildew/bcf29f97-4079-4c53-af05-a7bda7372c3b___FREC_Pwd.M 4744.JPG,Cherry_(including_sour)___Powdery_mildew,5
data/PlantVillage-Dataset/raw/color/Grape___Leaf_blight_(Isariopsis_Leaf_Spot)/ec0d638f-53ff-44b6-bfeb-12d0188d46f3___FAM_L.Blight 4622.JPG,Grape___Leaf_blight_(Isariopsis_Leaf_Spot),13
data/PlantVillage-Dataset/raw/color/Peach___healthy/d4135e72-f37e-480c-8e8d-318c8f559302___Rutg._HL 3756.JPG,Peach___healthy,17
data/PlantVillage-Dataset/raw/color/Corn_(maize)___Common_rust_/RS_Rust 1720.JPG,Corn_(maize)___Common_rust_,8
data/PlantVillage-Dataset/raw/color/Apple___Black_rot/8381c748-f548-4ae2-be56-cb72184a7055___JR_FrgE.S 3082.JPG,Apple___Black_rot,1
data/PlantVillage-Dataset/raw/color/Apple___Apple_scab/5dbcba87-93fa-4c21-8abd-bc20c93b359f___FREC_Scab 3258.JPG,Apple___Apple_scab,0
data/PlantVillage-Dataset/raw/color/Tomato___Target_Spot/ce39b8cf-1704-4359-b4bf-7398b168a850___Com.G_TgS_FL 1011.JPG,Tomato___Target_Spot,34
data/PlantVillage-Dataset/raw/color/Tomato___Bacterial_spot/470dc5c1-47be-4468-ab17-e378715807e2___GCREC_Bact.Sp 3697.JPG,Tomato___Bacterial_spot,28
data/PlantVillage-Dataset/raw/color/Corn_(maize)___Northern_Leaf_Blight/e2456029-abe6-4789-a1da-9f1a884c1ab6___RS_NLB 4028.JPG,Corn_(maize)___Northern_Leaf_Blight,9
data/PlantVillage-Dataset/raw/color/Apple___Cedar_apple_rust/68a4878f-c220-49ff-a858-5b026e56e7b0___FREC_C.Rust 9844.JPG,Apple___Cedar_apple_rust,2
data/PlantVillage-Dataset/raw/color/Apple___healthy/c5a79e4d-e008-452d-b71d-503ef9077903___RS_HL 8027.JPG,Apple___healthy,3
data/PlantVillage-Dataset/raw/color/Orange___Haunglongbing_(Citrus_greening)/ea5d158c-131f-48a2-bf2e-c49d730cbd34___UF.Citrus_HLB_Lab 0310.JPG,Orange___Haunglongbing_(Citrus_greening),15
data/PlantVillage-Dataset/raw/color/Squash___Powdery_mildew/f7872397-16f1-4cfb-9925-0a304497d49d___UMD_Powd.M 0280.JPG,Squash___Powdery_mildew,25
data/PlantVillage-Dataset/raw/color/Tomato___Bacterial_spot/bc7d9e9e-f2d3-4693-a574-d9486f43b0da___GCREC_Bact.Sp 3593.JPG,Tomato___Bacterial_spot,28
data/PlantVillage-Dataset/raw/color/Soybean___healthy/9f87e191-4b71-44c2-96b1-7d506be0d2d3___RS_HL 3825.JPG,Soybean___healthy,24
data/PlantVillage-Dataset/raw/color/Strawberry___healthy/672451d5-6018-4abf-87f8-7b1c0b066136___RS_HL 1902.JPG,Strawberry___healthy,27
data/PlantVillage-Dataset/raw/color/Strawberry___healthy/a0e41138-6377-41d2-a339-94ad75279f95___RS_HL 1896.JPG,Strawberry___healthy,27
data/PlantVillage-Dataset/raw/color/Tomato___Early_blight/8387d34a-777f-457f-82ed-24856d75f0cc___RS_Erly.B 6394.JPG,Tomato___Early_blight,29
data/PlantVillage-Dataset/raw/color/Tomato___Late_blight/8fb5837a-daa2-49c9-8e6e-eeca83e1e764___GHLB_PS Leaf 26.1 Day 13.jpg,Tomato___Late_blight,30
data/PlantVillage-Dataset/raw/color/Soybean___healthy/fea3e923-17e8-4fe8-a5a0-21f4923307d5___RS_HL 4359.JPG,Soybean___healthy,24
data/PlantVillage-Dataset/raw/color/Tomato___Early_blight/a24d6927-cb21-4d9b-acc1-780ef36cbbf8___RS_Erly.B 7671.JPG,Tomato___Early_blight,29
data/PlantVillage-Dataset/raw/color/Apple___Cedar_apple_rust/aa87fd23-a302-4e4e-80e7-18a261b17fd5___FREC_C.Rust 9989.JPG,Apple___Cedar_apple_rust,2
data/PlantVillage-Dataset/raw/color/Corn_(maize)___Northern_Leaf_Blight/abb52b8e-2034-4060-8f45-9d5220cd0906___RS_NLB 3931.JPG,Corn_(maize)___Northern_Leaf_Blight,9
data/PlantVillage-Dataset/raw/color/Tomato___Bacterial_spot/7c95cf7e-17c8-43c5-93ad-4934f2574120___GCREC_Bact.Sp 6279.JPG,Tomato___Bacterial_spot,28
data/PlantVillage-Dataset/raw/color/Tomato___healthy/0d259481-e08d-459d-aa92-fe05e1524742___GH_HL Leaf 253.1.JPG,Tomato___healthy,37
data/PlantVillage-Dataset/raw/color/Squash___Powdery_mildew/8fc3be0f-d061-4127-8287-d3f999937b93___UMD_Powd.M 9689.JPG,Squash___Powdery_mildew,25
data/PlantVillage-Dataset/raw/color/Grape___Black_rot/8498fa41-e478-47af-9974-f543ec077136___FAM_B.Rot 3279.JPG,Grape___Black_rot,11
data/PlantVillage-Dataset/raw/color/Tomato___Spider_mites Two-spotted_spider_mite/e77af295-2fc5-4f4c-99e0-92ce58457097___Com.G_SpM_FL 8745.JPG,Tomato___Spider_mites Two-spotted_spider_mite,33
data/PlantVillage-Dataset/raw/color/Apple___Apple_scab/1cb869ea-0a4c-47d7-9def-a88c16b72ddc___FREC_Scab 3350.JPG,Apple___Apple_scab,0
"data/PlantVillage-Dataset/raw/color/Pepper,_bell___healthy/bd2ca97a-465c-4f10-a561-8b0cbdb77db3___JR_HL 8897.JPG","Pepper,_bell___healthy",19
data/PlantVillage-Dataset/raw/color/Corn_(maize)___Common_rust_/RS_Rust 2747.JPG,Corn_(maize)___Common_rust_,8
data/PlantVillage-Dataset/raw/color/Peach___healthy/97052680-ea06-4e00-866a-7ceda1ed1118___Rutg._HL 3656.JPG,Peach___healthy,17
data/PlantVillage-Dataset/raw/color/Grape___Black_rot/c50760d3-032a-43f9-b2f6-ac6825fdb03f___FAM_B.Rot 0729.JPG,Grape___Black_rot,11
data/PlantVillage-Dataset/raw/color/Tomato___Spider_mites Two-spotted_spider_mite/504b03b4-c056-4468-a6ce-19fa79243071___Com.G_SpM_FL 8965.JPG,Tomato___Spider_mites Two-spotted_spider_mite,33
data/PlantVillage-Dataset/raw/color/Apple___healthy/b7bc8a7b-c93c-44c2-9b8f-d142e05cee7f___RS_HL 7617.JPG,Apple___healthy,3
data/PlantVillage-Dataset/raw/color/Corn_(maize)___healthy/9eb04276-feae-45fe-815d-9c64ff452827___R.S_HL 8006 copy 2.jpg,Corn_(maize)___healthy,10
data/PlantVillage-Dataset/raw/color/Squash___Powdery_mildew/fd080666-a8cf-4454-bd5b-36d82bb2b817___MD_Powd.M 9961.JPG,Squash___Powdery_mildew,25
data/PlantVillage-Dataset/raw/color/Corn_(maize)___Cercospora_leaf_spot Gray_leaf_spot/617766d7-75ff-4b18-b37d-ce2b5a7255bd___RS_GLSp 7312.JPG,Corn_(maize)___Cercospora_leaf_spot Gray_leaf_spot,7
data/PlantVillage-Dataset/raw/color/Grape___Leaf_blight_(Isariopsis_Leaf_Spot)/fe0b294c-a4db-4d1d-a4b9-f3e707ea442d___FAM_L.Blight 4849.JPG,Grape___Leaf_blight_(Isariopsis_Leaf_Spot),13
data/PlantVillage-Dataset/raw/color/Cherry_(including_sour)___healthy/1f68997e-0811-41e3-9414-cb242798e96c___JR_HL 9795.JPG,Cherry_(including_sour)___healthy,6
data/PlantVillage-Dataset/raw/color/Grape___Black_rot/57062172-92bd-40fd-8ec5-4f9e8b1e6e11___FAM_B.Rot 3221.JPG,Grape___Black_rot,11
data/PlantVillage-Dataset/raw/color/Raspberry___healthy/abe86a95-19a5-43d3-ad40-1d5d2c2f5878___Mary_HL 6242.JPG,Raspberry___healthy,23
data/PlantVillage-Dataset/raw/color/Tomato___Target_Spot/8e199c01-37e0-4631-a91c-ef5847433118___Com.G_TgS_FL 0934.JPG,Tomato___Target_Spot,34
data/PlantVillage-Dataset/raw/color/Grape___healthy/0f8906e9-86e1-49f8-aea0-3e887924799d___Mt.N.V_HL 9012.JPG,Grape___healthy,14
data/PlantVillage-Dataset/raw/color/Raspberry___healthy/111f7fd9-96ac-4d8f-8dcc-5c1e6ba6f66d___Mary_HL 9283.JPG,Raspberry___healthy,23
data/PlantVillage-Dataset/raw/color/Apple___healthy/10f68987-caf7-4e29-aa26-b48e074212f4___RS_HL 6130.JPG,Apple___healthy,3
data/PlantVillage-Dataset/raw/color/Tomato___Target_Spot/e03a71a2-18aa-4b80-98d3-da93062682be___Com.G_TgS_FL 7927.JPG,Tomato___Target_Spot,34
data/PlantVillage-Dataset/raw/color/Apple___Cedar_apple_rust/bcc248dc-0c65-46f0-b80e-bac2b8db5045___FREC_C.Rust 0013.JPG,Apple___Cedar_apple_rust,2
data/PlantVillage-Dataset/raw/color/Tomato___Tomato_Yellow_Leaf_Curl_Virus/4c2d693d-a7e9-4c74-b400-1983abbcb0e5___YLCV_GCREC 2554.JPG,Tomato___Tomato_Yellow_Leaf_Curl_Virus,35
"data/PlantVillage-Dataset/raw/color/Pepper,_bell___healthy/f58e3caa-b48a-443b-83e0-ee09e9d70425___JR_HL 8261.JPG","Pepper,_bell___healthy",19
data/PlantVillage-Dataset/raw/color/Grape___Black_rot/542e6e4a-b83f-4ffa-bef5-f6c79edf75c1___FAM_B.Rot 3512.JPG,Grape___Black_rot,11
data/PlantVillage-Dataset/raw/color/Apple___Cedar_apple_rust/c5912efe-a2cc-4203-bc9c-bdc58adcf6a3___FREC_C.Rust 9821.JPG,Apple___Cedar_apple_rust,2
data/PlantVillage-Dataset/raw/color/Squash___Powdery_mildew/e37f5c86-e8bc-4c9d-a9c5-a6a559b5d26f___UMD_Powd.M 0200.JPG,Squash___Powdery_mildew,25
data/PlantVillage-Dataset/raw/color/Soybean___healthy/913c1a66-a8e7-47e7-b036-4833063b7ab4___RS_HL 4626.JPG,Soybean___healthy,24
data/PlantVillage-Dataset/raw/color/Grape___Esca_(Black_Measles)/b150d3bf-0f76-4cb3-b6f5-461a9671b896___FAM_B.Msls 1238.JPG,Grape___Esca_(Black_Measles),12
data/PlantVillage-Dataset/raw/color/Cherry_(including_sour)___healthy/0a0bd696-c093-47ef-866b-7f5a40af3edb___JR_HL 3952.JPG,Cherry_(including_sour)___healthy,6
data/PlantVillage-Dataset/raw/color/Tomato___healthy/54059d2e-8903-4cf1-9856-676620a5be93___GH_HL Leaf 484.JPG,Tomato___healthy,37
data/PlantVillage-Dataset/raw/color/Grape___Esca_(Black_Measles)/2850cff3-e262-49b1-af09-051e76e19fa8___FAM_B.Msls 1336.JPG,Grape___Esca_(Black_Measles),12
data/PlantVillage-Dataset/raw/color/Potato___Early_blight/a4ac4e39-1342-4b1d-806a-98789876a701___RS_Early.B 8953.JPG,Potato___Early_blight,20
data/PlantVillage-Dataset/raw/color/Grape___Esca_(Black_Measles)/5328f9e6-5cd8-45de-99b6-539913d389d0___FAM_B.Msls 4003.JPG,Grape___Esca_(Black_Measles),12
data/PlantVillage-Dataset/raw/color/Strawberry___Leaf_scorch/72004a28-4169-447c-972f-183619971f6b___RS_L.Scorch 0878.JPG,Strawberry___Leaf_scorch,26
data/PlantVillage-Dataset/raw/color/Tomato___Septoria_leaf_spot/23af22d9-856c-41ba-a63d-9643b1ef9156___Matt.S_CG 1091.JPG,Tomato___Septoria_leaf_spot,32
data/PlantVillage-Dataset/raw/color/Grape___Leaf_blight_(Isariopsis_Leaf_Spot)/257836d8-9753-420a-9d8c-8b053c35198b___FAM_L.Blight 1654.JPG,Grape___Leaf_blight_(Isariopsis_Leaf_Spot),13
data/PlantVillage-Dataset/raw/color/Apple___Apple_scab/c27b45af-c362-4d37-ab5b-ee197a3670de___FREC_Scab 3521.JPG,Apple___Apple_scab,0
data/PlantVillage-Dataset/raw/color/Strawberry___Leaf_scorch/1a8d07be-539f-456b-9d01-6f8a0dac3583___RS_L.Scorch 1174.JPG,Strawberry___Leaf_scorch,26
data/PlantVillage-Dataset/raw/color/Apple___Apple_scab/fd3ae59f-e06e-403b-b317-83ee68aa9ea7___FREC_Scab 3492.JPG,Apple___Apple_scab,0
data/PlantVillage-Dataset/raw/color/Tomato___Tomato_mosaic_virus/2df35be7-ba8c-4ff6-a608-f7c481c59ede___PSU_CG 2202.JPG,Tomato___Tomato_mosaic_virus,36
"data/PlantVillage-Dataset/raw/color/Pepper,_bell___Bacterial_spot/234f12c4-f47d-4712-8780-3e1e99bf4c42___JR_B.Spot 3174.JPG","Pepper,_bell___Bacterial_spot",18
data/PlantVillage-Dataset/raw/color/Tomato___Target_Spot/3a8d5e93-55c3-44ca-9c5a-2803cac23804___Com.G_TgS_FL 8046.JPG,Tomato___Target_Spot,34
data/PlantVillage-Dataset/raw/color/Peach___healthy/dc20630c-16e6-4ab0-ad53-49645b413c94___Rutg._HL 3733.JPG,Peach___healthy,17
data/PlantVillage-Dataset/raw/color/Squash___Powdery_mildew/5419855b-37af-424b-bfcc-d1d9053a4dbc___MD_Powd.M 0527.JPG,Squash___Powdery_mildew,25
data/PlantVillage-Dataset/raw/color/Corn_(maize)___Cercospora_leaf_spot Gray_leaf_spot/f7ece943-7833-4a22-bb40-9644311794fd___RS_GLSp 4635.JPG,Corn_(maize)___Cercospora_leaf_spot Gray_leaf_spot,7
data/PlantVillage-Dataset/raw/color/Potato___Early_blight/544b5324-f697-4af8-90d4-47b7b86691c6___RS_Early.B 7028.JPG,Potato___Early_blight,20
data/PlantVillage-Dataset/raw/color/Peach___Bacterial_spot/acf020ba-223f-46d3-9bad-65540c534914___Rutg._Bact.S 2043.JPG,Peach___Bacterial_spot,16
data/PlantVillage-Dataset/raw/color/Grape___Esca_(Black_Measles)/a02ff5fa-be21-4a65-a722-2c677868a759___FAM_B.Msls 0903.JPG,Grape___Esca_(Black_Measles),12
data/PlantVillage-Dataset/raw/color/Squash___Powdery_mildew/4be6deb2-b4f5-46b0-92cc-6e1497a9635d___UMD_Powd.M 0599.JPG,Squash___Powdery_mildew,25
data/PlantVillage-Dataset/raw/color/Tomato___Septoria_leaf_spot/846797a3-3eb3-403d-aeb3-816f8f2b53d9___Keller.St_CG 2029.JPG,Tomato___Septoria_leaf_spot,32
data/PlantVillage-Dataset/raw/color/Strawberry___healthy/36a5809f-afaf-4c09-ab0c-023ce4fb2ba6___RS_HL 4592.JPG,Strawberry___healthy,27
data/PlantVillage-Dataset/raw/color/Corn_(maize)___Cercospora_leaf_spot Gray_leaf_spot/57e4abec-e203-4574-85f8-bc321b0e0ac3___RS_GLSp 4662.JPG,Corn_(maize)___Cercospora_leaf_spot Gray_leaf_spot,7
data/PlantVillage-Dataset/raw/color/Potato___Late_blight/07ff77ae-07b4-4a2d-9c4a-bb89bb4fb1ef___RS_LB 2985.JPG,Potato___Late_blight,21
data/PlantVillage-Dataset/raw/color/Orange___Haunglongbing_(Citrus_greening)/5bfb2ea3-6d69-4dd9-8b6b-386e95474b94___UF.Citrus_HLB_Lab 9690.JPG,Orange___Haunglongbing_(Citrus_greening),15
data/PlantVillage-Dataset/raw/color/Blueberry___healthy/e025258c-3159-4a38-9f52-c49a8abd4a04___RS_HL 5030.JPG,Blueberry___healthy,4
data/PlantVillage-Dataset/raw/color/Corn_(maize)___Common_rust_/RS_Rust 2663.JPG,Corn_(maize)___Common_rust_,8
data/PlantVillage-Dataset/raw/color/Tomato___Tomato_Yellow_Leaf_Curl_Virus/4857c174-710f-4a0e-a3df-74b8a15bc081___UF.GRC_YLCV_Lab 02543.JPG,Tomato___Tomato_Yellow_Leaf_Curl_Virus,35
data/PlantVillage-Dataset/raw/color/Apple___Black_rot/15f31b47-61da-4549-ad60-f13ef13a6512___JR_FrgE.S 8734.JPG,Apple___Black_rot,1
data/PlantVillage-Dataset/raw/color/Apple___Black_rot/e4d473a3-83ad-496d-a97f-5aee9d713d69___JR_FrgE.S 2782.JPG,Apple___Black_rot,1
data/PlantVillage-Dataset/raw/color/Soybean___healthy/fa51553a-4211-4ad7-bcef-36d2a2ebc407___RS_HL 4843.JPG,Soybean___healthy,24
data/PlantVillage-Dataset/raw/color/Blueberry___healthy/1ab59260-80f5-457f-82c6-4f0919f3a685___RS_HL 5421.JPG,Blueberry___healthy,4
data/PlantVillage-Dataset/raw/color/Raspberry___healthy/366e35f2-7492-49bc-a85c-b8da33fabfa0___Mary_HL 9349.JPG,Raspberry___healthy,23
data/PlantVillage-Dataset/raw/color/Apple___Cedar_apple_rust/a5644e1f-cc61-4ecc-a642-a39cb32cf157___FREC_C.Rust 4450.JPG,Apple___Cedar_apple_rust,2
data/PlantVillage-Dataset/raw/color/Tomato___Spider_mites Two-spotted_spider_mite/fee1de1c-c369-4535-baec-d6104df9a05d___Com.G_SpM_FL 9396.JPG,Tomato___Spider_mites Two-spotted_spider_mite,33
data/PlantVillage-Dataset/raw/color/Potato___Early_blight/1ff86a73-9f36-45c5-8012-c5d90445b7ac___RS_Early.B 8563.JPG,Potato___Early_blight,20
data/PlantVillage-Dataset/raw/color/Apple___healthy/ed151c2d-14c0-49e0-bab4-48e5d879d9ca___RS_HL 7554.JPG,Apple___healthy,3
data/PlantVillage-Dataset/raw/color/Tomato___Early_blight/eb94014e-83b7-46a4-9b1a-7cae23876302___RS_Erly.B 7471.JPG,Tomato___Early_blight,29
data/PlantVillage-Dataset/raw/color/Corn_(maize)___Common_rust_/RS_Rust 2103.JPG,Corn_(maize)___Common_rust_,8
data/PlantVillage-Dataset/raw/color/Tomato___Late_blight/4a6b862b-d42f-42ea-81f5-60480236709a___GHLB2 Leaf 9083.JPG,Tomato___Late_blight,30
data/PlantVillage-Dataset/raw/color/Cherry_(including_sour)___Powdery_mildew/990fbd27-217d-492a-8a8d-ead540b193e5___FREC_Pwd.M 5004.JPG,Cherry_(including_sour)___Powdery_mildew,5
data/PlantVillage-Dataset/raw/color/Squash___Powdery_mildew/2c509ad0-f871-4e44-91a3-227bd60cd2f2___MD_Powd.M 0568.JPG,Squash___Powdery_mildew,25
data/PlantVillage-Dataset/raw/color/Cherry_(including_sour)___Powdery_mildew/da493dd2-8ffd-4d42-8601-621e62616683___FREC_Pwd.M 4480.JPG,Cherry_(including_sour)___Powdery_mildew,5
data/PlantVillage-Dataset/raw/color/Potato___Late_blight/b2492a9e-c038-48a7-8524-8f0aca7dc870___RS_LB 4291.JPG,Potato___Late_blight,21
data/PlantVillage-Dataset/raw/color/Grape___Black_rot/b48b67ef-dfda-4b92-a2c6-c12ffef804d2___FAM_B.Rot 3599.JPG,Grape___Black_rot,11
data/PlantVillage-Dataset/raw/color/Apple___Cedar_apple_rust/23f6e0fa-3860-48a5-a3f4-4e64b54a3046___FREC_C.Rust 4336.JPG,Apple___Cedar_apple_rust,2
data/PlantVillage-Dataset/raw/color/Tomato___Target_Spot/627ccb34-558c-4e7d-81de-8fa8fd3f7549___Com.G_TgS_FL 8198.JPG,Tomato___Target_Spot,34
data/PlantVillage-Dataset/raw/color/Blueberry___healthy/510e3ed4-e110-4c04-b7cc-672862b7022b___RS_HL 5131.JPG,Blueberry___healthy,4
data/PlantVillage-Dataset/raw/color/Peach___healthy/a83faf6a-2aa7-4bc3-8709-f5acc6255bd7___Rutg._HL 3678.JPG,Peach___healthy,17
data/PlantVillage-Dataset/raw/color/Blueberry___healthy/4f71ab62-fa68-4288-8306-a26d30629ed7___RS_HL 2554.JPG,Blueberry___healthy,4
data/PlantVillage-Dataset/raw/color/Apple___healthy/4c4358f8-03ad-4d68-be74-d769ab728ef1___RS_HL 5921.JPG,Apple___healthy,3
"data/PlantVillage-Dataset/raw/color/Pepper,_bell___Bacterial_spot/8344bdaa-cb73-4046-bdc0-4657564ccef8___JR_B.Spot 3170.JPG","Pepper,_bell___Bacterial_spot",18
data/PlantVillage-Dataset/raw/color/Tomato___Bacterial_spot/a0eff094-61e4-42fc-999c-a290cc4c776d___GCREC_Bact.Sp 5708.JPG,Tomato___Bacterial_spot,28
data/PlantVillage-Dataset/raw/color/Tomato___Spider_mites Two-spotted_spider_mite/74433374-b410-426c-8752-c0e4ea7c9f71___Com.G_SpM_FL 8641.JPG,Tomato___Spider_mites Two-spotted_spider_mite,33
data/PlantVillage-Dataset/raw/color/Raspberry___healthy/63423c9f-f5c7-4d38-be89-391cbc9ecab9___Mary_HL 6231.JPG,Raspberry___healthy,23
data/PlantVillage-Dataset/raw/color/Corn_(maize)___Cercospora_leaf_spot Gray_leaf_spot/7944b10d-96b5-4219-882d-22b1e2380544___RS_GLSp 7309.JPG,Corn_(maize)___Cercospora_leaf_spot Gray_leaf_spot,7
data/PlantVillage-Dataset/raw/color/Tomato___Bacterial_spot/3dde2c0b-a6d1-49f7-bcdc-3a615ea9d0c0___GCREC_Bact.Sp 5731.JPG,Tomato___Bacterial_spot,28
data/PlantVillage-Dataset/raw/color/Apple___Apple_scab/4e2c27a7-4be1-4c86-a07b-bc2a64c1bff9___FREC_Scab 3018.JPG,Apple___Apple_scab,0
data/PlantVillage-Dataset/raw/color/Peach___Bacterial_spot/ad8aea96-17d0-4111-bc7b-f5d9c2dbda7a___Rutg._Bact.S 1926.JPG,Peach___Bacterial_spot,16
"data/PlantVillage-Dataset/raw/color/Pepper,_bell___Bacterial_spot/d4639ccf-ba9b-42ee-a7ab-03e4272c4f9b___JR_B.Spot 3403.JPG","Pepper,_bell___Bacterial_spot",18
data/PlantVillage-Dataset/raw/color/Tomato___Target_Spot/6f8c6299-56d3-4477-8c5a-53211bdb8678___Com.G_TgS_FL 0793.JPG,Tomato___Target_Spot,34
data/PlantVillage-Dataset/raw/color/Apple___Black_rot/24cdceb7-e70a-4164-9cd4-72b514771abf___JR_FrgE.S 2962.JPG,Apple___Black_rot,1
data/PlantVillage-Dataset/raw/color/Orange___Haunglongbing_(Citrus_greening)/c8a6dfa6-762e-4ab3-9b94-caee4b45b614___UF.Citrus_HLB_Lab 0267.JPG,Orange___Haunglongbing_(Citrus_greening),15
data/PlantVillage-Dataset/raw/color/Tomato___Bacterial_spot/1ff93f22-ad6e-4c74-a677-90e88d1b93df___GCREC_Bact.Sp 3532.JPG,Tomato___Bacterial_spot,28
data/PlantVillage-Dataset/raw/color/Tomato___Bacterial_spot/4ef7faee-a40b-4f02-9ecb-d660ed0fd708___GCREC_Bact.Sp 6322.JPG,Tomato___Bacterial_spot,28
data/PlantVillage-Dataset/raw/color/Peach___healthy/3c2f266c-1240-4695-9aef-85f5c20bb250___Rutg._HL 3604.JPG,Peach___healthy,17
"data/PlantVillage-Dataset/raw/color/Pepper,_bell___healthy/cc84d4e4-7e4e-499f-98b9-0987295b45cf___JR_HL 7572.JPG","Pepper,_bell___healthy",19
data/PlantVillage-Dataset/raw/color/Potato___healthy/2ccb9ee9-faac-4d32-9af5-29497fa2e028___RS_HL 1837.JPG,Potato___healthy,22
data/PlantVillage-Dataset/raw/color/Tomato___Spider_mites Two-spotted_spider_mite/06f22419-20df-43ab-9402-7ee76eb08921___Com.G_SpM_FL 1325.JPG,Tomato___Spider_mites Two-spotted_spider_mite,33
data/PlantVillage-Dataset/raw/color/Strawberry___healthy/fda1f4a2-1416-4f18-a09d-063335c3c58b___RS_HL 1866.JPG,Strawberry___healthy,27
data/PlantVillage-Dataset/raw/color/Tomato___Late_blight/dd84ae03-7d7d-4e12-8f9f-f684abdcb320___RS_Late.B 5637.JPG,Tomato___Late_blight,30
data/PlantVillage-Dataset/raw/color/Corn_(maize)___Cercospora_leaf_spot Gray_leaf_spot/b710abba-f82e-4d13-9d39-1522a1c8ab33___RS_GLSp 4432.JPG,Corn_(maize)___Cercospora_leaf_spot Gray_leaf_spot,7
data/PlantVillage-Dataset/raw/color/Strawberry___Leaf_scorch/c1e1fa8d-3c89-460e-ac83-8ce693d742f4___RS_L.Scorch 0133.JPG,Strawberry___Leaf_scorch,26
"data/PlantVillage-Dataset/raw/color/Pepper,_bell___healthy/fea2ddd5-6359-470f-a885-a38bd304562e___JR_HL 5859.JPG","Pepper,_bell___healthy",19
data/PlantVillage-Dataset/raw/color/Grape___Leaf_blight_(Isariopsis_Leaf_Spot)/b939c614-4205-4de8-acbc-277f29375dd2___FAM_L.Blight 4602.JPG,Grape___Leaf_blight_(Isariopsis_Leaf_Spot),13
data/PlantVillage-Dataset/raw/color/Potato___Early_blight/51e028c1-7aec-46e9-a389-391bc38b46f3___RS_Early.B 8505.JPG,Potato___Early_blight,20
data/PlantVillage-Dataset/raw/color/Apple___Apple_scab/74813834-38bc-4301-93ff-39b208eb52bc___FREC_Scab 3315.JPG,Apple___Apple_scab,0
data/PlantVillage-Dataset/raw/color/Grape___Esca_(Black_Measles)/ed5ace67-5b4e-41e7-ada7-e89d45b05d61___FAM_B.Msls 1311.JPG,Grape___Esca_(Black_Measles),12
data/PlantVillage-Dataset/raw/color/Tomato___Target_Spot/67db43fc-92c0-43b8-b45d-192342566228___Com.G_TgS_FL 8314.JPG,Tomato___Target_Spot,34
data/PlantVillage-Dataset/raw/color/Orange___Haunglongbing_(Citrus_greening)/ba8af517-ae00-474e-b6a7-9b5031419cf4___CREC_HLB 4220.JPG,Orange___Haunglongbing_(Citrus_greening),15
data/PlantVillage-Dataset/raw/color/Tomato___Spider_mites Two-spotted_spider_mite/cfec2513-cdcc-4780-9d3f-2e794c421915___Com.G_SpM_FL 1317.JPG,Tomato___Spider_mites Two-spotted_spider_mite,33
data/PlantVillage-Dataset/raw/color/Apple___Cedar_apple_rust/38395894-268c-4ae1-827d-679f97e1a262___FREC_C.Rust 3998.JPG,Apple___Cedar_apple_rust,2
data/PlantVillage-Dataset/raw/color/Corn_(maize)___healthy/60d41965-10bc-4799-815e-5b1f099fae4b___R.S_HL 8003 copy.jpg,Corn_(maize)___healthy,10
data/PlantVillage-Dataset/raw/color/Raspberry___healthy/815ae985-1b09-4989-8efc-3c30fec46202___Mary_HL 9286.JPG,Raspberry___healthy,23
data/PlantVillage-Dataset/raw/color/Soybean___healthy/8b7e6fcc-457f-424b-a693-0da149aff719___RS_HL 3259.JPG,Soybean___healthy,24
data/PlantVillage-Dataset/raw/color/Tomato___Early_blight/18d8f15c-4948-4506-ae09-54169f95cf36___RS_Erly.B 7496.JPG,Tomato___Early_blight,29
data/PlantVillage-Dataset/raw/color/Peach___healthy/6f80e5a3-0ab3-4f97-acfa-e6b4b63f1cf2___Rutg._HL 3693.JPG,Peach___healthy,17
data/PlantVillage-Dataset/raw/color/Apple___Apple_scab/3c2f46e3-9f96-4912-a9d5-7a046aa6a1b2___FREC_Scab 2967.JPG,Apple___Apple_scab,0
data/PlantVillage-Dataset/raw/color/Tomato___Tomato_mosaic_virus/847307bc-58ab-45fc-8001-f1e07a38bc82___PSU_CG 2065.JPG,Tomato___Tomato_mosaic_virus,36
data/PlantVillage-Dataset/raw/color/Soybean___healthy/0a629ff7-30fe-41c7-b63c-0f13ce530d7a___RS_HL 5574.JPG,Soybean___healthy,24
data/PlantVillage-Dataset/raw/color/Strawberry___Leaf_scorch/89101976-5351-4b16-a471-19f2161f1e33___RS_L.Scorch 1222.JPG,Strawberry___Leaf_scorch,26
data/PlantVillage-Dataset/raw/color/Strawberry___healthy/f0a6a862-b797-416e-8303-8f45a5d3afc4___RS_HL 4630.JPG,Strawberry___healthy,27
data/PlantVillage-Dataset/raw/color/Apple___healthy/2074d81b-88ad-40f7-9e7a-cd24c2435ea9___RS_HL 5804.JPG,Apple___healthy,3
data/PlantVillage-Dataset/raw/color/Tomato___healthy/622044a4-97d7-46a1-a702-2f586bb04a78___GH_HL Leaf 334.JPG,Tomato___healthy,37
data/PlantVillage-Dataset/raw/color/Apple___Black_rot/f3524490-1e4a-4292-9628-fccb4f85ae4e___JR_FrgE.S 8671.JPG,Apple___Black_rot,1
data/PlantVillage-Dataset/raw/color/Tomato___Early_blight/f7357222-4e77-4c46-a0ff-a17e165a70ff___RS_Erly.B 9619.JPG,Tomato___Early_blight,29
data/PlantVillage-Dataset/raw/color/Blueberry___healthy/1e6cad77-e0db-452f-9781-b45d18b465cd___RS_HL 5304.JPG,Blueberry___healthy,4
data/PlantVillage-Dataset/raw/color/Grape___Esca_(Black_Measles)/6e59f23a-1cde-4289-b3f4-e45f56dff36f___FAM_B.Msls 4207.JPG,Grape___Esca_(Black_Measles),12
data/PlantVillage-Dataset/raw/color/Tomato___Leaf_Mold/b3c95916-efd5-485f-83f8-686ed4866b89___Crnl_L.Mold 6542.JPG,Tomato___Leaf_Mold,31
data/PlantVillage-Dataset/raw/color/Corn_(maize)___Common_rust_/RS_Rust 1832.JPG,Corn_(maize)___Common_rust_,8
data/PlantVillage-Dataset/raw/color/Peach___Bacterial_spot/f1cabcdd-96bc-450a-a354-4730dee011f7___Rut._Bact.S 1303.JPG,Peach___Bacterial_spot,16
data/PlantVillage-Dataset/raw/color/Tomato___Target_Spot/e73de810-4d8a-4d24-8025-85d66e8a6445___Com.G_TgS_FL 7867.JPG,Tomato___Target_Spot,34
data/PlantVillage-Dataset/raw/color/Corn_(maize)___Cercospora_leaf_spot Gray_leaf_spot/0ba90f90-3702-438a-908b-85871f3a34cb___RS_GLSp 4342.JPG,Corn_(maize)___Cercospora_leaf_spot Gray_leaf_spot,7
data/PlantVillage-Dataset/raw/color/Grape___healthy/9ceba66a-d7b0-4ed4-98c3-37d361517a90___Mt.N.V_HL 6147.JPG,Grape___healthy,14
data/PlantVillage-Dataset/raw/color/Tomato___Leaf_Mold/1b561161-1e63-4de0-889a-9c7b13487e18___Crnl_L.Mold 6596.JPG,Tomato___Leaf_Mold,31
data/PlantVillage-Dataset/raw/color/Blueberry___healthy/90d7d001-7618-446d-b337-c37baf8a7361___RS_HL 4989.JPG,Blueberry___healthy,4
data/PlantVillage-Dataset/raw/color/Corn_(maize)___Common_rust_/RS_Rust 2354.JPG,Corn_(maize)___Common_rust_,8
data/PlantVillage-Dataset/raw/color/Tomato___Early_blight/3a54f866-42a6-4ad8-8752-97c62aa1bc18___RS_Erly.B 6485.JPG,Tomato___Early_blight,29
data/PlantVillage-Dataset/raw/color/Tomato___Tomato_Yellow_Leaf_Curl_Virus/5180874e-8e5d-4767-9598-134ac0f56747___UF.GRC_YLCV_Lab 02992.JPG,Tomato___Tomato_Yellow_Leaf_Curl_Virus,35
data/PlantVillage-Dataset/raw/color/Tomato___Tomato_Yellow_Leaf_Curl_Virus/47b7e8f1-65eb-427f-a949-5da3e6b98884___UF.GRC_YLCV_Lab 03152.JPG,Tomato___Tomato_Yellow_Leaf_Curl_Virus,35
data/PlantVillage-Dataset/raw/color/Blueberry___healthy/8c3f40cb-5ac9-4285-8f37-2111b1e1893d___RS_HL 0586.JPG,Blueberry___healthy,4
data/PlantVillage-Dataset/raw/color/Grape___healthy/3de46830-0f75-4e2b-bb64-e09b13f4f578___Mt.N.V_HL 6145.JPG,Grape___healthy,14
data/PlantVillage-Dataset/raw/color/Corn_(maize)___Cercospora_leaf_spot Gray_leaf_spot/b0e09c66-6c79-46d4-9eae-26a2870e9f26___RS_GLSp 9270.JPG,Corn_(maize)___Cercospora_leaf_spot Gray_leaf_spot,7
data/PlantVillage-Dataset/raw/color/Orange___Haunglongbing_(Citrus_greening)/e95cb2d4-9585-4e41-bdce-2ff40df0f78d___UF.Citrus_HLB_Lab 1127.JPG,Orange___Haunglongbing_(Citrus_greening),15
data/PlantVillage-Dataset/raw/color/Corn_(maize)___Northern_Leaf_Blight/b3e0815f-d7dc-4481-850e-53d917c244d7___RS_NLB 3569.JPG,Corn_(maize)___Northern_Leaf_Blight,9
data/PlantVillage-Dataset/raw/color/Potato___healthy/4ae82355-6885-40e7-9807-dabe46ed3441___RS_HL 5410.JPG,Potato___healthy,22
data/PlantVillage-Dataset/raw/color/Cherry_(including_sour)___healthy/14a60696-ce0e-4180-840e-3e7e5ebe3d48___JR_HL 4150.JPG,Cherry_(including_sour)___healthy,6
data/PlantVillage-Dataset/raw/color/Strawberry___healthy/5275777b-d89b-47b1-9dc6-15c832167a41___RS_HL 4408.JPG,Strawberry___healthy,27
data/PlantVillage-Dataset/raw/color/Corn_(maize)___Cercospora_leaf_spot Gray_leaf_spot/c15dae11-38d1-47c3-99e0-c579ddeb3fb3___RS_GLSp 9269.JPG,Corn_(maize)___Cercospora_leaf_spot Gray_leaf_spot,7
data/PlantVillage-Dataset/raw/color/Tomato___Tomato_Yellow_Leaf_Curl_Virus/30e776ef-d0e8-4ca0-bd28-767553054db9___YLCV_GCREC 1985.JPG,Tomato___Tomato_Yellow_Leaf_Curl_Virus,35
data/PlantVillage-Dataset/raw/color/Tomato___Target_Spot/3c522b45-5929-45da-9d99-56bcccf4aa78___Com.G_TgS_FL 0664.JPG,Tomato___Target_Spot,34
data/PlantVillage-Dataset/raw/color/Tomato___Tomato_Yellow_Leaf_Curl_Virus/d9646346-10be-4daa-9d55-2ac7b2054021___YLCV_NREC 2032.JPG,Tomato___Tomato_Yellow_Leaf_Curl_Virus,35
data/PlantVillage-Dataset/raw/color/Cherry_(including_sour)___healthy/936e1c64-1bc1-47c7-9cca-49bedf2682d6___JR_HL 3947.JPG,Cherry_(including_sour)___healthy,6
data/PlantVillage-Dataset/raw/color/Tomato___Spider_mites Two-spotted_spider_mite/573544ad-029a-487b-98bb-2beaa9007b22___Com.G_SpM_FL 8771.JPG,Tomato___Spider_mites Two-spotted_spider_mite,33
data/PlantVillage-Dataset/raw/color/Tomato___Early_blight/3daf2ed3-e39b-4b4d-a691-a7722ef8ed32___RS_Erly.B 7373.JPG,Tomato___Early_blight,29
data/PlantVillage-Dataset/raw/color/Apple___Cedar_apple_rust/1a80b84d-1a5a-4e23-8deb-823ba928e29a___FREC_C.Rust 4431.JPG,Apple___Cedar_apple_rust,2
data/PlantVillage-Dataset/raw/color/Corn_(maize)___healthy/c4ebc11a-57d3-4218-9044-cfe4ea0427ef___R.S_HL 8198 copy.jpg,Corn_(maize)___healthy,10
data/PlantVillage-Dataset/raw/color/Tomato___Tomato_Yellow_Leaf_Curl_Virus/cce35034-8fcf-4997-bfc2-5f004a40305a___YLCV_GCREC 2775.JPG,Tomato___Tomato_Yellow_Leaf_Curl_Virus,35
data/PlantVillage-Dataset/raw/color/Strawberry___Leaf_scorch/d9f64df2-e244-4580-a643-f2cebc13c034___RS_L.Scorch 0874.JPG,Strawberry___Leaf_scorch,26
data/PlantVillage-Dataset/raw/color/Grape___Leaf_blight_(Isariopsis_Leaf_Spot)/5981527c-3d09-4347-ad8a-03d601d8e50d___FAM_L.Blight 4931.JPG,Grape___Leaf_blight_(Isariopsis_Leaf_Spot),13
data/PlantVillage-Dataset/raw/color/Tomato___Early_blight/0e39c18a-9e04-4f6b-b557-dc0e944d22e5___RS_Erly.B 9501.JPG,Tomato___Early_blight,29
data/PlantVillage-Dataset/raw/color/Tomato___Tomato_mosaic_virus/55117128-4dcf-4b3a-bde6-9f42a18d4b24___PSU_CG 2377.JPG,Tomato___Tomato_mosaic_virus,36
data/PlantVillage-Dataset/raw/color/Corn_(maize)___Common_rust_/RS_Rust 1864.JPG,Corn_(maize)___Common_rust_,8
data/PlantVillage-Dataset/raw/color/Corn_(maize)___Northern_Leaf_Blight/2fbb25c1-446d-4d0e-9a01-646bbcecd416___RS_NLB 3856.JPG,Corn_(maize)___Northern_Leaf_Blight,9
data/PlantVillage-Dataset/raw/color/Peach___Bacterial_spot/c1ddf4dd-88fe-405d-b48d-19354b7f0627___Rut._Bact.S 0904.JPG,Peach___Bacterial_spot,16
"data/PlantVillage-Dataset/raw/color/Pepper,_bell___Bacterial_spot/15f3b9e4-9127-4404-904b-173dbe878fd6___JR_B.Spot 3226.JPG","Pepper,_bell___Bacterial_spot",18
data/PlantVillage-Dataset/raw/color/Cherry_(including_sour)___healthy/d949b740-17da-4264-90a2-561c41ca9d65___JR_HL 9712.JPG,Cherry_(including_sour)___healthy,6
data/PlantVillage-Dataset/raw/color/Squash___Powdery_mildew/47878856-f153-4bff-ba69-cd0951589050___UMD_Powd.M 9921.JPG,Squash___Powdery_mildew,25
data/PlantVillage-Dataset/raw/color/Potato___Early_blight/2c0e712a-fb21-44b6-bbe1-7c67cec7b965___RS_Early.B 7084.JPG,Potato___Early_blight,20
data/PlantVillage-Dataset/raw/color/Apple___healthy/c05b58c7-3d82-4e6b-b64f-324e0d30d44b___RS_HL 6320.JPG,Apple___healthy,3
data/PlantVillage-Dataset/raw/color/Peach___healthy/027b10e5-2d2e-4eb4-9457-7cb45ab2fd17___Rutg._HL 3710.JPG,Peach___healthy,17
data/PlantVillage-Dataset/raw/color/Tomato___Leaf_Mold/a95f0a82-5cad-423a-be56-8205317909e8___Crnl_L.Mold 8677.JPG,Tomato___Leaf_Mold,31
data/PlantVillage-Dataset/raw/color/Cherry_(including_sour)___healthy/a2355a52-d185-4cd6-93db-89b701b2b51c___JR_HL 4088.JPG,Cherry_(including_sour)___healthy,6
data/PlantVillage-Dataset/raw/color/Cherry_(including_sour)___Powdery_mildew/cfa004d4-fb53-4ad8-ab21-9e478a2d309b___FREC_Pwd.M 5111.JPG,Cherry_(including_sour)___Powdery_mildew,5
data/PlantVillage-Dataset/raw/color/Strawberry___healthy/20a44f54-5534-4eed-9240-b1a6eb8ce4e1___RS_HL 1708.JPG,Strawberry___healthy,27
data/PlantVillage-Dataset/raw/color/Strawberry___Leaf_scorch/afc3d229-2150-4ce3-8f3f-ef06ccb7a6e5___RS_L.Scorch 1153.JPG,Strawberry___Leaf_scorch,26
data/PlantVillage-Dataset/raw/color/Tomato___Spider_mites Two-spotted_spider_mite/85b0921b-3d9a-4578-a389-6e498eba2aa3___Com.G_SpM_FL 8769.JPG,Tomato___Spider_mites Two-spotted_spider_mite,33
data/PlantVillage-Dataset/raw/color/Squash___Powdery_mildew/d862ad5c-534d-490c-827c-60c6bf40c4a2___MD_Powd.M 0340.JPG,Squash___Powdery_mildew,25
data/PlantVillage-Dataset/raw/color/Grape___Black_rot/81c59976-e6ce-46e6-b5b7-30a3ea1e3503___FAM_B.Rot 0610.JPG,Grape___Black_rot,11
data/PlantVillage-Dataset/raw/color/Tomato___Spider_mites Two-spotted_spider_mite/c1006cbe-6af0-4fa7-83c0-887af9c1085c___Com.G_SpM_FL 1542.JPG,Tomato___Spider_mites Two-spotted_spider_mite,33
data/PlantVillage-Dataset/raw/color/Strawberry___Leaf_scorch/4168ee07-4faa-49d6-a8dd-26f7e23b2504___RS_L.Scorch 1414.JPG,Strawberry___Leaf_scorch,26
"data/PlantVillage-Dataset/raw/color/Pepper,_bell___Bacterial_spot/7fb9aaff-6871-44f7-8957-e0c05fee5e2d___NREC_B.Spot 9140.JPG","Pepper,_bell___Bacterial_spot",18
data/PlantVillage-Dataset/raw/color/Potato___Early_blight/a6fef9f4-0006-4faa-95ab-3aadde49b229___RS_Early.B 8783.JPG,Potato___Early_blight,20
data/PlantVillage-Dataset/raw/color/Raspberry___healthy/67285b4b-1172-4cca-abfd-0f95c83d697b___Mary_HL 6224.JPG,Raspberry___healthy,23
data/PlantVillage-Dataset/raw/color/Corn_(maize)___Northern_Leaf_Blight/201bc21a-5372-4c91-a263-ea36ed96665a___RS_NLB  4628.JPG,Corn_(maize)___Northern_Leaf_Blight,9
data/PlantVillage-Dataset/raw/color/Soybean___healthy/c2655aee-1dc1-442b-ae1d-c244fb3df36d___RS_HL 6288.JPG,Soybean___healthy,24
data/PlantVillage-Dataset/raw/color/Strawberry___Leaf_scorch/7f19857d-8e1f-4df1-a0fa-94cc78157d48___RS_L.Scorch 0032.JPG,Strawberry___Leaf_scorch,26
data/PlantVillage-Dataset/raw/color/Apple___healthy/2e6c2a31-e580-49ad-aa9e-31c11f0ff4b3___RS_HL 8137.JPG,Apple___healthy,3
data/PlantVillage-Dataset/raw/color/Tomato___Septoria_leaf_spot/8a8675be-3990-4089-b64d-a5c5d28aacde___Keller.St_CG 2033.JPG,Tomato___Septoria_leaf_spot,32
data/PlantVillage-Dataset/raw/color/Apple___Black_rot/7c6d3ea5-7af7-411b-982d-8054c545818e___JR_FrgE.S 3009.JPG,Apple___Black_rot,1
data/PlantVillage-Dataset/raw/color/Tomato___Early_blight/3b86d42f-4b22-4bfe-bfa9-ec4567c886dc___RS_Erly.B 7823.JPG,Tomato___Early_blight,29
data/PlantVillage-Dataset/raw/color/Blueberry___healthy/334fc49e-b2dc-441b-8e27-ac4374391664___RS_HL 2667.JPG,Blueberry___healthy,4
data/PlantVillage-Dataset/raw/color/Corn_(maize)___Cercospora_leaf_spot Gray_leaf_spot/7a4c407a-5c68-4738-b084-f859cc0b980c___RS_GLSp 4586.JPG,Corn_(maize)___Cercospora_leaf_spot Gray_leaf_spot,7
data/PlantVillage-Dataset/raw/color/Potato___healthy/468d3107-f09a-4f0d-8b9d-f08d7c49738f___RS_HL 1747.JPG,Potato___healthy,22
data/PlantVillage-Dataset/raw/color/Potato___Early_blight/8c01f338-2648-4bcf-99cb-853978b39014___RS_Early.B 6742.JPG,Potato___Early_blight,20
data/PlantVillage-Dataset/raw/color/Peach___healthy/96a86572-3aaa-437f-8750-c89a0cc3de56___Rutg._HL 3729.JPG,Peach___healthy,17
data/PlantVillage-Dataset/raw/color/Tomato___Septoria_leaf_spot/307cde75-e918-464c-9bfc-74ce97c621b4___Matt.S_CG 7810.JPG,Tomato___Septoria_leaf_spot,32
data/PlantVillage-Dataset/raw/color/Corn_(maize)___healthy/c6d72b1a-9f34-4d50-8c80-a5628f60fc21___R.S_HL 8117 copy.jpg,Corn_(maize)___healthy,10
data/PlantVillage-Dataset/raw/color/Peach___Bacterial_spot/14f8778f-6ef0-4bc3-9f28-8f7da3a83740___Rutg._Bact.S 1787.JPG,Peach___Bacterial_spot,16
data/PlantVillage-Dataset/raw/color/Tomato___Target_Spot/d6173a52-0492-46db-80d3-806a2124bdfa___Com.G_TgS_FL 0007.JPG,Tomato___Target_Spot,34
data/PlantVillage-Dataset/raw/color/Tomato___Tomato_mosaic_virus/59fd6a1e-ee07-415b-a588-50f110301021___PSU_CG 2088.JPG,Tomato___Tomato_mosaic_virus,36
data/PlantVillage-Dataset/raw/color/Apple___Black_rot/f3918f57-f4c8-44a4-bd0b-403755fa9615___JR_FrgE.S 3092.JPG,Apple___Black_rot,1
data/PlantVillage-Dataset/raw/color/Blueberry___healthy/4bcb5ceb-466f-4c4c-8989-296cf61b2ed0___RS_HL 5468.JPG,Blueberry___healthy,4
data/PlantVillage-Dataset/raw/color/Apple___Cedar_apple_rust/d6485527-aab0-463c-b895-64d7612f45f1___FREC_C.Rust 0144.JPG,Apple___Cedar_apple_rust,2
data/PlantVillage-Dataset/raw/color/Tomato___Early_blight/620df2cc-834d-48b9-b9a8-11da26395739___RS_Erly.B 9557.JPG,Tomato___Early_blight,29
"data/PlantVillage-Dataset/raw/color/Pepper,_bell___healthy/452dd2b2-6d8e-46d5-a791-6e693fd9354b___JR_HL 8887.JPG","Pepper,_bell___healthy",19
data/PlantVillage-Dataset/raw/color/Grape___Black_rot/d824b284-23c5-4244-aa1b-7858c99872b3___FAM_B.Rot 2997.JPG,Grape___Black_rot,11
data/PlantVillage-Dataset/raw/color/Apple___Cedar_apple_rust/5c2677da-56e7-47bc-bc21-31a1db9ff5bf___FREC_C.Rust 9799.JPG,Apple___Cedar_apple_rust,2
data/PlantVillage-Dataset/raw/color/Grape___healthy/87d84f4b-0dfa-46f5-9bf9-87b3bb636d65___Mt.N.V_HL 6038.JPG,Grape___healthy,14
data/PlantVillage-Dataset/raw/color/Apple___Apple_scab/6d6f5a72-4c92-4163-b3dc-9a8f74f9edb7___FREC_Scab 3480.JPG,Apple___Apple_scab,0
data/PlantVillage-Dataset/raw/color/Grape___healthy/29586035-b412-4f9e-b3a8-f57b38810f02___Mt.N.V_HL 8921.JPG,Grape___healthy,14
data/PlantVillage-Dataset/raw/color/Grape___Black_rot/b58797d0-57a2-4e49-a3fc-7924366faaf8___FAM_B.Rot 3004.JPG,Grape___Black_rot,11
data/PlantVillage-Dataset/raw/color/Tomato___healthy/0c3eaf2d-8203-441d-9248-1c64e00b5b8b___RS_HL 0018.JPG,Tomato___healthy,37
data/PlantVillage-Dataset/raw/color/Tomato___Bacterial_spot/d8a64b79-e21e-4158-9d9d-47bd6e44fba0___GCREC_Bact.Sp 3594.JPG,Tomato___Bacterial_spot,28
data/PlantVillage-Dataset/raw/color/Grape___Esca_(Black_Measles)/8c02d3db-062d-433e-b76c-b1ab7d92f6a9___FAM_B.Msls 4360.JPG,Grape___Esca_(Black_Measles),12
data/PlantVillage-Dataset/raw/color/Potato___Early_blight/d472b6e3-a00c-4b4e-b13a-cdababff9d24___RS_Early.B 7699.JPG,Potato___Early_blight,20
data/PlantVillage-Dataset/raw/color/Grape___Leaf_blight_(Isariopsis_Leaf_Spot)/1b1d619f-fc47-4752-90c4-4aceda71b8ec___FAM_L.Blight 3709.JPG,Grape___Leaf_blight_(Isariopsis_Leaf_Spot),13
data/PlantVillage-Dataset/raw/color/Potato___healthy/3c0d6888-c7e1-4cf8-9c25-9a0b8c62ba72___RS_HL 1780.JPG,Potato___healthy,22
data/PlantVillage-Dataset/raw/color/Strawberry___Leaf_scorch/227e5f93-0b72-4796-89f0-f1ce06c152b8___RS_L.Scorch 0093.JPG,Strawberry___Leaf_scorch,26
data/PlantVillage-Dataset/raw/color/Potato___Early_blight/52fb5725-33cf-4076-9abc-93311d027da2___RS_Early.B 8415.JPG,Potato___Early_blight,20
data/PlantVillage-Dataset/raw/color/Grape___healthy/71af6c2b-b3ed-4629-8aaa-7b60187caee1___Mt.N.V_HL 9069.JPG,Grape___healthy,14
data/PlantVillage-Dataset/raw/color/Orange___Haunglongbing_(Citrus_greening)/b9805789-72e9-485d-a60d-13828dd7a8b6___CREC_HLB 6613.JPG,Orange___Haunglongbing_(Citrus_greening),15
"data/PlantVillage-Dataset/raw/color/Pepper,_bell___Bacterial_spot/a1e9e014-6dba-4e27-9990-bff1cb95c5d5___JR_B.Spot 9026.JPG","Pepper,_bell___Bacterial_spot",18
data/PlantVillage-Dataset/raw/color/Corn_(maize)___Northern_Leaf_Blight/3de521e5-5424-4e7e-a8e3-725ad64d9a8f___RS_NLB 3828.JPG,Corn_(maize)___Northern_Leaf_Blight,9
data/PlantVillage-Dataset/raw/color/Potato___healthy/ff700844-68ad-4e99-8427-58a39c07f817___RS_HL 1860.JPG,Potato___healthy,22
data/PlantVillage-Dataset/raw/color/Tomato___Leaf_Mold/67b422e6-78d5-4943-8926-4a2ac8bbde52___Crnl_L.Mold 8843.JPG,Tomato___Leaf_Mold,31
"data/PlantVillage-Dataset/raw/color/Pepper,_bell___Bacterial_spot/bac5f227-64b0-4064-9716-611dd35c2897___JR_B.Spot 3103.JPG","Pepper,_bell___Bacterial_spot",18
data/PlantVillage-Dataset/raw/color/Tomato___Tomato_mosaic_virus/2f8c596f-15d8-4524-b527-8617329c1819___PSU_CG 2146.JPG,Tomato___Tomato_mosaic_virus,36
data/PlantVillage-Dataset/raw/color/Tomato___Spider_mites Two-spotted_spider_mite/ae992747-4345-47c6-8499-3146eb18e4b1___Com.G_SpM_FL 9298.JPG,Tomato___Spider_mites Two-spotted_spider_mite,33
data/PlantVillage-Dataset/raw/color/Grape___Black_rot/63e24d93-6779-49b5-b0d0-d793cd68943b___FAM_B.Rot 3436.JPG,Grape___Black_rot,11
data/PlantVillage-Dataset/raw/color/Orange___Haunglongbing_(Citrus_greening)/f9aa7af7-b28b-484c-874d-29c63ad181cb___CREC_HLB 4470.JPG,Orange___Haunglongbing_(Citrus_greening),15
data/PlantVillage-Dataset/raw/color/Cherry_(including_sour)___Powdery_mildew/ddfca5ac-a909-43ca-b8c7-66aeb996c8ad___FREC_Pwd.M 5036.JPG,Cherry_(including_sour)___Powdery_mildew,5
data/PlantVillage-Dataset/raw/color/Tomato___Tomato_mosaic_virus/6065503d-0803-4697-90f7-8c7db1ee28ab___PSU_CG 2227.JPG,Tomato___Tomato_mosaic_virus,36
data/PlantVillage-Dataset/raw/color/Grape___healthy/b80580f7-8e3e-4a81-ae32-df854d6ae3a8___Mt.N.V_HL 8978.JPG,Grape___healthy,14
data/PlantVillage-Dataset/raw/color/Raspberry___healthy/d471b78b-a467-4147-a890-c864293cb113___Mary_HL 6325.JPG,Raspberry___healthy,23
data/PlantVillage-Dataset/raw/color/Apple___Apple_scab/7b17fb27-2af4-4c90-b499-0c0658ba7262___FREC_Scab 2943.JPG,Apple___Apple_scab,0
data/PlantVillage-Dataset/raw/color/Grape___Leaf_blight_(Isariopsis_Leaf_Spot)/4a5af5eb-d8ab-4167-b8f9-26f9e0b03e5e___FAM_L.Blight 3714.JPG,Grape___Leaf_blight_(Isariopsis_Leaf_Spot),13
data/PlantVillage-Dataset/raw/color/Orange___Haunglongbing_(Citrus_greening)/68c13db7-870b-4e9d-b49d-187e9ebd644c___UF.Citrus_HLB_Lab 0576.JPG,Orange___Haunglongbing_(Citrus_greening),15
data/PlantVillage-Dataset/raw/color/Cherry_(including_sour)___healthy/e3a54ee7-bc88-4f86-80e6-1066325ebea0___JR_HL 9596.JPG,Cherry_(including_sour)___healthy,6
data/PlantVillage-Dataset/raw/color/Apple___Cedar_apple_rust/a7918302-395d-4bd8-854b-b2a335f1cc3f___FREC_C.Rust 4075.JPG,Apple___Cedar_apple_rust,2
data/PlantVillage-Dataset/raw/color/Tomato___Target_Spot/ba1699ce-ca94-4f42-910d-c1236695c331___Com.G_TgS_FL 0844.JPG,Tomato___Target_Spot,34
data/PlantVillage-Dataset/raw/color/Tomato___healthy/6193b998-c9ab-46fc-9ca9-249efceb9220___RS_HL 0642.JPG,Tomato___healthy,37
data/PlantVillage-Dataset/raw/color/Strawberry___Leaf_scorch/b8b275fb-271c-4694-99d3-3558bb02c160___RS_L.Scorch 1078.JPG,Strawberry___Leaf_scorch,26
data/PlantVillage-Dataset/raw/color/Apple___Apple_scab/45000608-507a-46f5-be52-3ee24d0fb47d___FREC_Scab 3113.JPG,Apple___Apple_scab,0
data/PlantVillage-Dataset/raw/color/Squash___Powdery_mildew/d022364b-2af9-49d8-af38-130b119baa10___UMD_Powd.M 0379.JPG,Squash___Powdery_mildew,25
data/PlantVillage-Dataset/raw/color/Grape___Esca_(Black_Measles)/0fcfc51c-169f-4494-b15c-29232efb2cbb___FAM_B.Msls 0986.JPG,Grape___Esca_(Black_Measles),12
data/PlantVillage-Dataset/raw/color/Tomato___Leaf_Mold/f8e698ff-5f4d-4735-ae53-1daf38c49d46___Crnl_L.Mold 6536.JPG,Tomato___Leaf_Mold,31
data/PlantVillage-Dataset/raw/color/Tomato___Late_blight/80b1ebb9-e5e0-48cd-a68a-d43ed57633dd___GHLB2 Leaf 9050.JPG,Tomato___Late_blight,30
data/PlantVillage-Dataset/raw/color/Corn_(maize)___Common_rust_/RS_Rust 2248.JPG,Corn_(maize)___Common_rust_,8
data/PlantVillage-Dataset/raw/color/Blueberry___healthy/828c51f5-f8eb-4654-bdec-31755f5647cc___RS_HL 2455.JPG,Blueberry___healthy,4
data/PlantVillage-Dataset/raw/color/Raspberry___healthy/d4bc27bd-8dde-4bf7-981c-e9ebd073660b___Mary_HL 9214.JPG,Raspberry___healthy,23
data/PlantVillage-Dataset/raw/color/Tomato___Early_blight/11f247d4-f87a-4273-bb9a-317e17916a75___RS_Erly.B 9470.JPG,Tomato___Early_blight,29
data/PlantVillage-Dataset/raw/color/Raspberry___healthy/9e00142e-c96a-4e6a-9a2b-94f6b87031e4___Mary_HL 9200.JPG,Raspberry___healthy,23
data/PlantVillage-Dataset/raw/color/Tomato___Septoria_leaf_spot/a297d3a4-a01d-4d04-8bb0-bb16d2bcd7d7___Matt.S_CG 6443.JPG,Tomato___Septoria_leaf_spot,32
data/PlantVillage-Dataset/raw/color/Corn_(maize)___healthy/59f7744f-c282-416c-8387-cdbbb195cd4f___R.S_HL 7928 copy.jpg,Corn_(maize)___healthy,10
data/PlantVillage-Dataset/raw/color/Peach___healthy/0ad0e70a-fa1a-4ec4-885e-2bbb3b57ab93___Rutg._HL 3672.JPG,Peach___healthy,17
data/PlantVillage-Dataset/raw/color/Tomato___Bacterial_spot/fc1e1857-486c-485e-b9b4-4d1cf6ccb3b7___GCREC_Bact.Sp 6185.JPG,Tomato___Bacterial_spot,28
data/PlantVillage-Dataset/raw/color/Apple___healthy/0b00a1a8-b525-4392-bb6c-3ffb7d824bee___RS_HL 7904.JPG,Apple___healthy,3
data/PlantVillage-Dataset/raw/color/Potato___healthy/e693354a-053c-4093-8642-cc8f5f9eb2cc___RS_HL 1746.JPG,Potato___healthy,22
data/PlantVillage-Dataset/raw/color/Corn_(maize)___healthy/aa330d9f-d7a0-4bad-8f95-d6e11a1f95bf___R.S_HL 7893 copy.jpg,Corn_(maize)___healthy,10
data/PlantVillage-Dataset/raw/color/Peach___healthy/999252c8-27fd-4411-be70-ba3b50d06292___Rutg._HL 2408.JPG,Peach___healthy,17
data/PlantVillage-Dataset/raw/color/Grape___Esca_(Black_Measles)/9f20a2e9-71bb-46fe-b016-136c2f14de38___FAM_B.Msls 0843.JPG,Grape___Esca_(Black_Measles),12
data/PlantVillage-Dataset/raw/color/Cherry_(including_sour)___healthy/5248fd97-c794-4d16-b797-957d851da129___JR_HL 9892 copy.JPG,Cherry_(including_sour)___healthy,6
data/PlantVillage-Dataset/raw/color/Tomato___Bacterial_spot/fd0edb16-764c-4f1d-8425-d7f67f7564c2___UF.GRC_BS_Lab Leaf 9084.JPG,Tomato___Bacterial_spot,28
"data/PlantVillage-Dataset/raw/color/Pepper,_bell___Bacterial_spot/4d9ffd2f-2740-42f0-9679-c00961ec8f71___NREC_B.Spot 9226.JPG","Pepper,_bell___Bacterial_spot",18
data/PlantVillage-Dataset/raw/color/Cherry_(including_sour)___healthy/a86c3594-fe38-4647-9642-0695ce9ec40e___JR_HL 9688.JPG,Cherry_(including_sour)___healthy,6
data/PlantVillage-Dataset/raw/color/Apple___Black_rot/74dfd7d6-e78e-47d9-8530-35acab5cd01f___JR_FrgE.S 3027.JPG,Apple___Black_rot,1
"data/PlantVillage-Dataset/raw/color/Pepper,_bell___healthy/e2a0eacf-17a9-4bab-8d4d-fc0f3d1f6e87___JR_HL 8179.JPG","Pepper,_bell___healthy",19
data/PlantVillage-Dataset/raw/color/Tomato___Tomato_Yellow_Leaf_Curl_Virus/63ea67e8-a1ed-4609-b190-b1f66db354f1___YLCV_NREC 2137.JPG,Tomato___Tomato_Yellow_Leaf_Curl_Virus,35
data/PlantVillage-Dataset/raw/color/Corn_(maize)___Cercospora_leaf_spot Gray_leaf_spot/a142d0e0-bdc3-44ad-9866-545ec2b006c3___RS_GLSp 9361.JPG,Corn_(maize)___Cercospora_leaf_spot Gray_leaf_spot,7
"data/PlantVillage-Dataset/raw/color/Pepper,_bell___healthy/e921cedb-b111-45d5-9dce-ce03a785fd27___JR_HL 7994.JPG","Pepper,_bell___healthy",19
data/PlantVillage-Dataset/raw/color/Raspberry___healthy/c463b097-0151-4950-84bf-6ee4b834cd1a___Mary_HL 6280.JPG,Raspberry___healthy,23
data/PlantVillage-Dataset/raw/color/Peach___Bacterial_spot/7c60f153-f689-4b1c-9ae7-36584c48d6a6___Rut._Bact.S 3389.JPG,Peach___Bacterial_spot,16
data/PlantVillage-Dataset/raw/color/Tomato___Target_Spot/8ef53996-d440-40b6-8665-2e3acf4f6b7b___Com.G_TgS_FL 9875.JPG,Tomato___Target_Spot,34
data/PlantVillage-Dataset/raw/color/Potato___healthy/b536ea91-c5f8-413b-87f3-a22ac3d959d1___RS_HL 1825.JPG,Potato___healthy,22
data/PlantVillage-Dataset/raw/color/Apple___Apple_scab/40df2c3f-673e-4da8-a172-65fd5a656c1d___FREC_Scab 2957.JPG,Apple___Apple_scab,0
data/PlantVillage-Dataset/raw/color/Apple___Black_rot/116ccffb-6361-4191-8f36-b6cacbe99412___JR_FrgE.S 2763.JPG,Apple___Black_rot,1
data/PlantVillage-Dataset/raw/color/Grape___Black_rot/1cb9fa90-804f-4b63-9cf7-bab274ab9c5e___FAM_B.Rot 3325.JPG,Grape___Black_rot,11
data/PlantVillage-Dataset/raw/color/Cherry_(including_sour)___healthy/c36d1d7a-7e76-4be2-a637-e544f8210db8___JR_HL 9680.JPG,Cherry_(including_sour)___healthy,6
data/PlantVillage-Dataset/raw/color/Strawberry___Leaf_scorch/c9a74c08-bc2f-4e29-8287-e1d33018cdfa___RS_L.Scorch 1591.JPG,Strawberry___Leaf_scorch,26
"data/PlantVillage-Dataset/raw/color/Pepper,_bell___Bacterial_spot/a40f6c5e-3e3b-43e8-95da-10b90705262f___NREC_B.Spot 9124.JPG","Pepper,_bell___Bacterial_spot",18
data/PlantVillage-Dataset/raw/color/Cherry_(including_sour)___Powdery_mildew/91f27d9d-080a-4590-b72f-a85053f02d22___FREC_Pwd.M 0336.JPG,Cherry_(including_sour)___Powdery_mildew,5
data/PlantVillage-Dataset/raw/color/Strawberry___healthy/4005fb13-0d7c-4a30-9ee3-73e9e4cee05e___RS_HL 1688.JPG,Strawberry___healthy,27
data/PlantVillage-Dataset/raw/color/Corn_(maize)___Northern_Leaf_Blight/4fd7db79-097d-4344-a4fa-3657421fe654___RS_NLB 0800.JPG,Corn_(maize)___Northern_Leaf_Blight,9
data/PlantVillage-Dataset/raw/color/Tomato___Spider_mites Two-spotted_spider_mite/90b28f76-c548-4b20-8421-fc0a6687f755___Com.G_SpM_FL 1756.JPG,Tomato___Spider_mites Two-spotted_spider_mite,33
data/PlantVillage-Dataset/raw/color/Potato___healthy/1f9870b3-899e-46fb-98c9-cfc2ce92895b___RS_HL 1816.JPG,Potato___healthy,22
data/PlantVillage-Dataset/raw/color/Potato___Early_blight/bb569e8c-4f57-481f-86d9-291ebd67336e___RS_Early.B 7543.JPG,Potato___Early_blight,20
data/PlantVillage-Dataset/raw/color/Tomato___Spider_mites Two-spotted_spider_mite/d0f7fad4-404a-4587-8bfd-6e56c7baf85a___Com.G_SpM_FL 1270.JPG,Tomato___Spider_mites Two-spotted_spider_mite,33
data/PlantVillage-Dataset/raw/color/Grape___Leaf_blight_(Isariopsis_Leaf_Spot)/a0842718-9e1b-442d-a158-a2f62423aa8d___FAM_L.Blight 1682.JPG,Grape___Leaf_blight_(Isariopsis_Leaf_Spot),13
data/PlantVillage-Dataset/raw/color/Potato___Early_blight/758b39d7-12bc-401f-b280-2c8435a02f43___RS_Early.B 6839.JPG,Potato___Early_blight,20
data/PlantVillage-Dataset/raw/color/Tomato___Early_blight/e7120235-6ae1-4642-8ec8-a16812aedce5___RS_Erly.B 9507.JPG,Tomato___Early_blight,29
data/PlantVillage-Dataset/raw/color/Strawberry___healthy/ec2361f6-8096-4da7-b238-1050ec3a3890___RS_HL 2235.JPG,Strawberry___healthy,27
data/PlantVillage-Dataset/raw/color/Potato___Early_blight/95fba7f6-23a4-4c3c-a2b9-335c5b4c3810___RS_Early.B 7743.JPG,Potato___Early_blight,20
data/PlantVillage-Dataset/raw/color/Tomato___Spider_mites Two-spotted_spider_mite/7dfca492-1ce1-45f6-85d6-8aaec359f6ac___Com.G_SpM_FL 1519.JPG,Tomato___Spider_mites Two-spotted_spider_mite,33
data/PlantVillage-Dataset/raw/color/Strawberry___healthy/941bf773-f9a3-4807-b742-496cc43913f4___RS_HL 4851.JPG,Strawberry___healthy,27
data/PlantVillage-Dataset/raw/color/Tomato___Target_Spot/ce262a9d-d75d-4438-afec-52fc07944ddb___Com.G_TgS_FL 1047.JPG,Tomato___Target_Spot,34
data/PlantVillage-Dataset/raw/color/Tomato___Late_blight/a5e71962-bf6d-486d-ab54-14004feb76da___RS_Late.B 6088.JPG,Tomato___Late_blight,30
data/PlantVillage-Dataset/raw/color/Blueberry___healthy/f95787c7-4e5a-47f2-a064-6efb693d8d83___RS_HL 2586.JPG,Blueberry___healthy,4
data/PlantVillage-Dataset/raw/color/Tomato___Bacterial_spot/c6b57820-5c54-4ee1-841c-07222804c1b7___GCREC_Bact.Sp 6383.JPG,Tomato___Bacterial_spot,28
data/PlantVillage-Dataset/raw/color/Potato___healthy/bb328d40-e4e6-4b84-a92a-e7cb3922c19d___RS_HL 1829.JPG,Potato___healthy,22
data/PlantVillage-Dataset/raw/color/Tomato___Spider_mites Two-spotted_spider_mite/fc135130-76fe-4249-a36f-8aa02129c7c7___Com.G_SpM_FL 9366.JPG,Tomato___Spider_mites Two-spotted_spider_mite,33
data/PlantVillage-Dataset/raw/color/Strawberry___Leaf_scorch/fd1df3b4-2647-4232-a705-464a6375a84b___RS_L.Scorch 1500.JPG,Strawberry___Leaf_scorch,26
data/PlantVillage-Dataset/raw/color/Apple___Black_rot/68566f26-8158-4fd5-9c5f-0a29eec5225a___JR_FrgE.S 8746.JPG,Apple___Black_rot,1
data/PlantVillage-Dataset/raw/color/Tomato___Septoria_leaf_spot/56d9c252-fe48-4a39-8264-8bfce1f8ba2a___JR_Sept.L.S 2562.JPG,Tomato___Septoria_leaf_spot,32
data/PlantVillage-Dataset/raw/color/Cherry_(including_sour)___healthy/de350ce9-21b8-4b1f-a5ff-767eac8ba8f2___JR_HL 4136.JPG,Cherry_(including_sour)___healthy,6
data/PlantVillage-Dataset/raw/color/Grape___Esca_(Black_Measles)/16d1585b-326c-47ae-b351-328aeb4cb441___FAM_B.Msls 3904.JPG,Grape___Esca_(Black_Measles),12
data/PlantVillage-Dataset/raw/color/Peach___Bacterial_spot/5acc19d6-40bf-4972-8943-a3826e3d3a9c___Rutg._Bact.S 2100.JPG,Peach___Bacterial_spot,16
data/PlantVillage-Dataset/raw/color/Apple___Black_rot/c47676f2-2302-4efb-9598-6b51a45e28f7___JR_FrgE.S 8803.JPG,Apple___Black_rot,1
data/PlantVillage-Dataset/raw/color/Corn_(maize)___healthy/1e79939c-ad56-48fe-b742-bee115562523___R.S_HL 8060 copy.jpg,Corn_(maize)___healthy,10
data/PlantVillage-Dataset/raw/color/Raspberry___healthy/6043e3b8-9f0f-4ff1-a3ee-542c613633aa___Mary_HL 6335.JPG,Raspberry___healthy,23
data/PlantVillage-Dataset/raw/color/Apple___Black_rot/0139bc6d-391c-4fd1-bcae-cc74dabfddd7___JR_FrgE.S 2734.JPG,Apple___Black_rot,1
data/PlantVillage-Dataset/raw/color/Tomato___Bacterial_spot/a2b9fd44-1a96-40ea-9c22-e46121316355___UF.GRC_BS_Lab Leaf 8664.JPG,Tomato___Bacterial_spot,28
data/PlantVillage-Dataset/raw/color/Grape___Esca_(Black_Measles)/c8be8119-a208-4bef-897e-d4ece4f7ade2___FAM_B.Msls 4071.JPG,Grape___Esca_(Black_Measles),12
"data/PlantVillage-Dataset/raw/color/Pepper,_bell___healthy/4173faa6-34ef-4759-a763-4102f8f5f2d5___JR_HL 8542.JPG","Pepper,_bell___healthy",19
data/PlantVillage-Dataset/raw/color/Strawberry___healthy/bf22767d-2690-40b4-8991-b49ccd749cdc___RS_HL 2023.JPG,Strawberry___healthy,27
data/PlantVillage-Dataset/raw/color/Tomato___Late_blight/f4c2eabd-d29b-44ac-bda7-46d4b07fe799___RS_Late.B 4852.JPG,Tomato___Late_blight,30
data/PlantVillage-Dataset/raw/color/Corn_(maize)___Cercospora_leaf_spot Gray_leaf_spot/2e3967fd-d97c-4985-ab63-4ee8bdb6a0bb___RS_GLSp 4680 copy.jpg,Corn_(maize)___Cercospora_leaf_spot Gray_leaf_spot,7
data/PlantVillage-Dataset/raw/color/Potato___Late_blight/9c0e8576-642f-47a6-a053-c52e9025b7f6___RS_LB 4134.JPG,Potato___Late_blight,21
data/PlantVillage-Dataset/raw/color/Cherry_(including_sour)___healthy/283fd55e-3c11-4eaf-b3c5-ab2a05d35287___JR_HL 3990.JPG,Cherry_(including_sour)___healthy,6
data/PlantVillage-Dataset/raw/color/Cherry_(including_sour)___Powdery_mildew/226bc7bb-e0ba-4c98-b7f6-cef16129a3d8___FREC_Pwd.M 4883.JPG,Cherry_(including_sour)___Powdery_mildew,5
data/PlantVillage-Dataset/raw/color/Tomato___Target_Spot/9365125f-1687-4a9b-ba71-e92a869b774c___Com.G_TgS_FL 1120.JPG,Tomato___Target_Spot,34
data/PlantVillage-Dataset/raw/color/Apple___healthy/2796f6e4-6b9f-4b3b-9f96-a6788b2e0f02___RS_HL 5712.JPG,Apple___healthy,3
data/PlantVillage-Dataset/raw/color/Tomato___Septoria_leaf_spot/fc5d2094-6116-423e-9d2a-a0cc1c7b19af___Matt.S_CG 2529.JPG,Tomato___Septoria_leaf_spot,32
data/PlantVillage-Dataset/raw/color/Apple___Apple_scab/12bc3d5c-2409-426e-b6cb-a08cbf488153___FREC_Scab 3154.JPG,Apple___Apple_scab,0
data/PlantVillage-Dataset/raw/color/Tomato___Spider_mites Two-spotted_spider_mite/c92e4745-f8f2-4be3-a3cd-42a8bf94ef37___Com.G_SpM_FL 9363.JPG,Tomato___Spider_mites Two-spotted_spider_mite,33
data/PlantVillage-Dataset/raw/color/Potato___Late_blight/0eb28ea9-c9e4-4999-9de2-835682241e53___RS_LB 2708.JPG,Potato___Late_blight,21
data/PlantVillage-Dataset/raw/color/Apple___Apple_scab/5e96dd82-f2d2-4a19-a9cd-46165d6623f9___FREC_Scab 3218.JPG,Apple___Apple_scab,0
data/PlantVillage-Dataset/raw/color/Soybean___healthy/975e0b3a-dce0-47a3-b1bd-4ea2683b70fc___RS_HL 4366.JPG,Soybean___healthy,24
data/PlantVillage-Dataset/raw/color/Tomato___Late_blight/27a3a882-d241-4b46-9606-04e7fcaced25___GHLB2 Leaf 8599.JPG,Tomato___Late_blight,30
data/PlantVillage-Dataset/raw/color/Corn_(maize)___Northern_Leaf_Blight/a2dfefdf-9983-46a3-b6b2-8a0aebbf390e___RS_NLB 4147 copy 2.jpg,Corn_(maize)___Northern_Leaf_Blight,9
data/PlantVillage-Dataset/raw/color/Corn_(maize)___Northern_Leaf_Blight/b669564b-720d-462c-bd15-225764698119___RS_NLB 4277.JPG,Corn_(maize)___Northern_Leaf_Blight,9
data/PlantVillage-Dataset/raw/color/Raspberry___healthy/351b6286-11bf-41f4-9b36-aa2869a11252___Mary_HL 6372.JPG,Raspberry___healthy,23
data/PlantVillage-Dataset/raw/color/Raspberry___healthy/c60c527f-8221-4cd5-bd00-d6be8f860b23___Mary_HL 6373.JPG,Raspberry___healthy,23
data/PlantVillage-Dataset/raw/color/Tomato___healthy/d84b65fd-6841-435f-9c9f-2ba8afe2f62a___RS_HL 0541.JPG,Tomato___healthy,37
data/PlantVillage-Dataset/raw/color/Potato___Early_blight/34d62dee-797e-4f31-9063-f6a285935b4d___RS_Early.B 6733.JPG,Potato___Early_blight,20
data/PlantVillage-Dataset/raw/color/Cherry_(including_sour)___healthy/1716865b-73f8-4636-8a50-a9edc47aabfc___JR_HL 9782.JPG,Cherry_(including_sour)___healthy,6
data/PlantVillage-Dataset/raw/color/Strawberry___healthy/5e5147e3-ba21-4afa-a32b-bb3453c72944___RS_HL 4450.JPG,Strawberry___healthy,27
data/PlantVillage-Dataset/raw/color/Grape___Leaf_blight_(Isariopsis_Leaf_Spot)/e9e804ba-072f-4249-bbca-33f0a46f23b3___FAM_L.Blight 1652.JPG,Grape___Leaf_blight_(Isariopsis_Leaf_Spot),13
data/PlantVillage-Dataset/raw/color/Blueberry___healthy/b508f4ec-cd4a-40b1-9ca8-69fb26727a9e___RS_HL 5178.JPG,Blueberry___healthy,4
data/PlantVillage-Dataset/raw/color/Potato___Late_blight/f3ee2886-4ada-4287-94b6-c4c93005b887___RS_LB 4352.JPG,Potato___Late_blight,21
data/PlantVillage-Dataset/raw/color/Peach___Bacterial_spot/bc69656f-9dae-4e3a-bd39-04c504cca208___Rut._Bact.S 0895.JPG,Peach___Bacterial_spot,16
data/PlantVillage-Dataset/raw/color/Apple___Cedar_apple_rust/072f23fb-0b1a-43b9-a548-3981120ff33c___FREC_C.Rust 0133.JPG,Apple___Cedar_apple_rust,2
data/PlantVillage-Dataset/raw/color/Cherry_(including_sour)___healthy/16bbe776-cc47-444a-8324-246c97d61ce6___JR_HL 4061.JPG,Cherry_(including_sour)___healthy,6
data/PlantVillage-Dataset/raw/color/Strawberry___Leaf_scorch/1fc21810-f901-4c83-a510-583980dccc01___RS_L.Scorch 0100.JPG,Strawberry___Leaf_scorch,26
data/PlantVillage-Dataset/raw/color/Squash___Powdery_mildew/376615a4-e233-4471-a36c-098b9eae70fa___MD_Powd.M 0762.JPG,Squash___Powdery_mildew,25
data/PlantVillage-Dataset/raw/color/Soybean___healthy/0cebd395-f291-4225-b174-fa02dcada2b1___RS_HL 3852.JPG,Soybean___healthy,24
data/PlantVillage-Dataset/raw/color/Tomato___Target_Spot/05fa9fcd-ce4c-4c47-aabf-6d794ada4e1c___Com.G_TgS_FL 9802.JPG,Tomato___Target_Spot,34
data/PlantVillage-Dataset/raw/color/Apple___Apple_scab/a72a9033-d2b9-4c64-93bc-7e5a1a0ea4ae___FREC_Scab 3284.JPG,Apple___Apple_scab,0
data/PlantVillage-Dataset/raw/color/Tomato___Leaf_Mold/8be2ecaa-d9f8-454d-89c4-5b5489fbc2df___Crnl_L.Mold 7172.JPG,Tomato___Leaf_Mold,31
data/PlantVillage-Dataset/raw/color/Peach___healthy/0f9f9b7d-8396-4c62-8700-5008ca0b9db4___Rutg._HL 3613.JPG,Peach___healthy,17
data/PlantVillage-Dataset/raw/color/Peach___Bacterial_spot/d842f280-1cb8-46a5-97b0-f86c99f31ab2___Rutg._Bact.S 1525.JPG,Peach___Bacterial_spot,16
data/PlantVillage-Dataset/raw/color/Grape___Black_rot/3e061aca-cb0c-4cd5-99a2-ea33ecea117c___FAM_B.Rot 3380.JPG,Grape___Black_rot,11
data/PlantVillage-Dataset/raw/color/Potato___Early_blight/5bb77b39-311b-4ad1-8bfc-5a41a13b7b02___RS_Early.B 8255.JPG,Potato___Early_blight,20
data/PlantVillage-Dataset/raw/color/Strawberry___Leaf_scorch/516b081c-77ec-40bc-a6c1-0a1c18a353e2___RS_L.Scorch 1292.JPG,Strawberry___Leaf_scorch,26
data/PlantVillage-Dataset/raw/color/Corn_(maize)___Common_rust_/RS_Rust 2585.JPG,Corn_(maize)___Common_rust_,8
data/PlantVillage-Dataset/raw/color/Peach___Bacterial_spot/c1f9fb0e-86e1-4ebe-8379-ddad082b900a___Rutg._Bact.S 2152.JPG,Peach___Bacterial_spot,16
data/PlantVillage-Dataset/raw/color/Cherry_(including_sour)___healthy/75435566-6073-4f71-9376-0fe7e4598ae9___JR_HL 9636.JPG,Cherry_(including_sour)___healthy,6
data/PlantVillage-Dataset/raw/color/Tomato___Septoria_leaf_spot/144f0195-69a2-4bdb-aebb-70f62b2bcff4___Matt.S_CG 7547.JPG,Tomato___Septoria_leaf_spot,32
data/PlantVillage-Dataset/raw/color/Tomato___Late_blight/25b8f158-e12f-4f16-b968-f9e891264d28___RS_Late.B 6041.JPG,Tomato___Late_blight,30
data/PlantVillage-Dataset/raw/color/Soybean___healthy/48ad6a7a-fc71-4d2a-9eb3-318c1d1548c9___RS_HL 5627 1.JPG,Soybean___healthy,24
data/PlantVillage-Dataset/raw/color/Peach___Bacterial_spot/cc6bedbb-b0ce-430d-940c-74ec79b3570f___Rutg._Bact.S 2063.JPG,Peach___Bacterial_spot,16
data/PlantVillage-Dataset/raw/color/Grape___Black_rot/2224007e-bf2b-40a0-976f-738871210fc7___FAM_B.Rot 3587.JPG,Grape___Black_rot,11
data/PlantVillage-Dataset/raw/color/Tomato___Bacterial_spot/ef201af2-bb22-4c9f-bbdd-d6258f215cf6___UF.GRC_BS_Lab Leaf 1112.JPG,Tomato___Bacterial_spot,28
data/PlantVillage-Dataset/raw/color/Tomato___Early_blight/dc5fc62b-20c7-441b-bd70-aa24790302eb___RS_Erly.B 9510.JPG,Tomato___Early_blight,29
"data/PlantVillage-Dataset/raw/color/Pepper,_bell___Bacterial_spot/4995d36f-321f-4f9e-82c8-9a0c78d1f266___NREC_B.Spot 9076.JPG","Pepper,_bell___Bacterial_spot",18
data/PlantVillage-Dataset/raw/color/Squash___Powdery_mildew/8d1f808f-a5ec-48a4-8657-e712a4c53ebe___UMD_Powd.M 0286.JPG,Squash___Powdery_mildew,25
data/PlantVillage-Dataset/raw/color/Tomato___Leaf_Mold/15b7a74c-2c9d-41e5-bcc6-799471cd8e43___Crnl_L.Mold 6616.JPG,Tomato___Leaf_Mold,31
"data/PlantVillage-Dataset/raw/color/Pepper,_bell___healthy/e03f89bc-a4ab-4afe-b25a-590fa91f1d28___JR_HL 8695.JPG","Pepper,_bell___healthy",19
data/PlantVillage-Dataset/raw/color/Soybean___healthy/c497fe1f-78f9-4123-82d7-ae50b5f336c8___RS_HL 5077.JPG,Soybean___healthy,24
data/PlantVillage-Dataset/raw/color/Squash___Powdery_mildew/13aec121-8f06-423d-8ec9-53a9c2a196b5___UMD_Powd.M 0581.JPG,Squash___Powdery_mildew,25
data/PlantVillage-Dataset/raw/color/Potato___Late_blight/304b3fa0-f0cb-41b5-b835-9bd13773150a___RS_LB 4696.JPG,Potato___Late_blight,21
data/PlantVillage-Dataset/raw/color/Strawberry___healthy/8c81db30-73de-4353-9eed-0afded302fe4___RS_HL 1830.JPG,Strawberry___healthy,27
data/PlantVillage-Dataset/raw/color/Strawberry___healthy/1245a96d-9a84-402d-9dde-da8c88bf7d74___RS_HL 4474.JPG,Strawberry___healthy,27
data/PlantVillage-Dataset/raw/color/Raspberry___healthy/fe1c1683-06cc-49c5-b86a-a41fb36f058b___Mary_HL 6249.JPG,Raspberry___healthy,23
data/PlantVillage-Dataset/raw/color/Tomato___Late_blight/b9b1cf81-a68a-48a5-b3f2-25b45ecc81f7___RS_Late.B 5423.JPG,Tomato___Late_blight,30
data/PlantVillage-Dataset/raw/color/Squash___Powdery_mildew/50b41bd4-f8b8-4def-a24e-2f955c434c08___MD_Powd.M 0320.JPG,Squash___Powdery_mildew,25
data/PlantVillage-Dataset/raw/color/Tomato___Early_blight/bbb5a1cf-9b5f-4e2f-9e3d-e04a241c2806___RS_Erly.B 8283.JPG,Tomato___Early_blight,29
data/PlantVillage-Dataset/raw/color/Grape___Esca_(Black_Measles)/7bcd5517-4745-49e4-93cf-5935f0ea9e3b___FAM_B.Msls 0896.JPG,Grape___Esca_(Black_Measles),12
data/PlantVillage-Dataset/raw/color/Corn_(maize)___Cercospora_leaf_spot Gray_leaf_spot/62e5f367-b111-478b-a187-88c298dc83be___RS_GLSp 9320.JPG,Corn_(maize)___Cercospora_leaf_spot Gray_leaf_spot,7
data/PlantVillage-Dataset/raw/color/Cherry_(including_sour)___Powdery_mildew/17512756-a606-4ea5-9443-aae374a46e86___FREC_Pwd.M 0504.JPG,Cherry_(including_sour)___Powdery_mildew,5
data/PlantVillage-Dataset/raw/color/Tomato___Tomato_mosaic_virus/046a2559-23b4-4018-a3db-337347ceb391___PSU_CG 2321.JPG,Tomato___Tomato_mosaic_virus,36
"data/PlantVillage-Dataset/raw/color/Pepper,_bell___Bacterial_spot/97fa8b63-1a92-4760-802c-2acfecc67e65___JR_B.Spot 8827.JPG","Pepper,_bell___Bacterial_spot",18
data/PlantVillage-Dataset/raw/color/Tomato___Septoria_leaf_spot/d1787912-126a-44a6-bb47-66574fd44f4a___JR_Sept.L.S 8388.JPG,Tomato___Septoria_leaf_spot,32
data/PlantVillage-Dataset/raw/color/Tomato___healthy/0a0d6a11-ddd6-4dac-8469-d5f65af5afca___RS_HL 0555.JPG,Tomato___healthy,37
data/PlantVillage-Dataset/raw/color/Grape___Black_rot/9fa2219a-57c9-4938-9221-0365a180397d___FAM_B.Rot 0751.JPG,Grape___Black_rot,11
data/PlantVillage-Dataset/raw/color/Cherry_(including_sour)___healthy/3c96ff43-4d86-4bfd-a450-b4a4ad398c2d___JR_HL 9862.JPG,Cherry_(including_sour)___healthy,6
data/PlantVillage-Dataset/raw/color/Cherry_(including_sour)___Powdery_mildew/c8c3b247-8cec-4103-8acb-0ae5d6655cee___FREC_Pwd.M 4659.JPG,Cherry_(including_sour)___Powdery_mildew,5
data/PlantVillage-Dataset/raw/color/Tomato___Early_blight/0ecc2ee7-fb66-41fa-a23b-9bdeaf31078a___RS_Erly.B 6381.JPG,Tomato___Early_blight,29
data/PlantVillage-Dataset/raw/color/Cherry_(including_sour)___Powdery_mildew/d2c07d3e-6156-422c-bc2a-c8425fa39208___FREC_Pwd.M 4959.JPG,Cherry_(including_sour)___Powdery_mildew,5
data/PlantVillage-Dataset/raw/color/Apple___Apple_scab/69a10285-eacb-4c83-b410-18e62bf33ef9___FREC_Scab 2908.JPG,Apple___Apple_scab,0
data/PlantVillage-Dataset/raw/color/Corn_(maize)___healthy/cb4cd602-6771-45f2-9235-6e6590707998___R.S_HL 7896 copy.jpg,Corn_(maize)___healthy,10
data/PlantVillage-Dataset/raw/color/Tomato___Target_Spot/26150f8e-52df-4b1e-b37c-01f3cfc8d746___Com.G_TgS_FL 9958.JPG,Tomato___Target_Spot,34
data/PlantVillage-Dataset/raw/color/Raspberry___healthy/e9a17bb8-bf48-41b4-b106-0b1dae3456d5___Mary_HL 9168.JPG,Raspberry___healthy,23
data/PlantVillage-Dataset/raw/color/Tomato___healthy/a06cd500-b782-4be6-8f7a-377c9ed5ceab___RS_HL 9648.JPG,Tomato___healthy,37
data/PlantVillage-Dataset/raw/color/Soybean___healthy/1e4f78d5-6faf-46ab-97ba-c2fbae4ab834___RS_HL 4676.JPG,Soybean___healthy,24
data/PlantVillage-Dataset/raw/color/Grape___Esca_(Black_Measles)/d439819a-7863-48da-aec8-95a8bd45bf99___FAM_B.Msls 1028.JPG,Grape___Esca_(Black_Measles),12
"data/PlantVillage-Dataset/raw/color/Pepper,_bell___healthy/173f3720-282c-4c32-a63a-bd239d06a0fe___JR_HL 8664.JPG","Pepper,_bell___healthy",19
data/PlantVillage-Dataset/raw/color/Tomato___Late_blight/69fff432-3c80-4202-8e8a-7fed08ec0baa___RS_Late.B 6825.JPG,Tomato___Late_blight,30
data/PlantVillage-Dataset/raw/color/Tomato___Tomato_Yellow_Leaf_Curl_Virus/5cb3fe34-47de-4f36-8973-2aac2ce563ce___UF.GRC_YLCV_Lab 09366.JPG,Tomato___Tomato_Yellow_Leaf_Curl_Virus,35
data/PlantVillage-Dataset/raw/color/Grape___Black_rot/bb43f8a5-03a1-4d47-b996-3996d97ff5ee___FAM_B.Rot 3222.JPG,Grape___Black_rot,11
data/PlantVillage-Dataset/raw/color/Soybean___healthy/00f41aaf-1926-4b9d-9101-0bd4e2a3e332___RS_HL 6282.JPG,Soybean___healthy,24
data/PlantVillage-Dataset/raw/color/Corn_(maize)___Cercospora_leaf_spot Gray_leaf_spot/2b6bb6a5-3f70-48da-a968-13d840815bbb___RS_GLSp 9277.JPG,Corn_(maize)___Cercospora_leaf_spot Gray_leaf_spot,7
data/PlantVillage-Dataset/raw/color/Blueberry___healthy/ed7d78eb-f75a-46be-a9c7-72f4ec6ad4ed___RS_HL 2481.JPG,Blueberry___healthy,4
data/PlantVillage-Dataset/raw/color/Tomato___Tomato_Yellow_Leaf_Curl_Virus/18312065-ee12-45f2-b06a-e72132245a71___UF.GRC_YLCV_Lab 09377.JPG,Tomato___Tomato_Yellow_Leaf_Curl_Virus,35
data/PlantVillage-Dataset/raw/color/Tomato___Tomato_mosaic_virus/25857136-3515-4433-8129-c26f91e94cbe___PSU_CG 2233.JPG,Tomato___Tomato_mosaic_virus,36
data/PlantVillage-Dataset/raw/color/Peach___healthy/2eb97962-8ff4-43a9-84f7-3e67768963d9___Rutg._HL 3696.JPG,Peach___healthy,17
data/PlantVillage-Dataset/raw/color/Tomato___Target_Spot/d2df4cfb-7564-43f8-9d6e-0ddbbf6bd141___Com.G_TgS_FL 7937.JPG,Tomato___Target_Spot,34
data/PlantVillage-Dataset/raw/color/Tomato___Early_blight/e2e0a1a0-4f52-4320-ac24-69fa7f0fd033___RS_Erly.B 9596.JPG,Tomato___Early_blight,29
data/PlantVillage-Dataset/raw/color/Corn_(maize)___healthy/cb4a3d83-e307-4eb7-8723-21ae84d4fb64___R.S_HL 8244 copy 2.jpg,Corn_(maize)___healthy,10
data/PlantVillage-Dataset/raw/color/Apple___Black_rot/94ef739e-57a7-4f97-be8e-6ba2cfd16780___JR_FrgE.S 8664.JPG,Apple___Black_rot,1
data/PlantVillage-Dataset/raw/color/Raspberry___healthy/ecd85c83-4675-4657-9c48-ca9ef7bdd1ef___Mary_HL 9157.JPG,Raspberry___healthy,23
data/PlantVillage-Dataset/raw/color/Tomato___Early_blight/e221d1fa-e003-44eb-a0b0-57e8fcd73fd3___RS_Erly.B 7571.JPG,Tomato___Early_blight,29
data/PlantVillage-Dataset/raw/color/Apple___Apple_scab/517d0958-b10e-4260-a736-7a4bbb9706c0___FREC_Scab 3497.JPG,Apple___Apple_scab,0
data/PlantVillage-Dataset/raw/color/Squash___Powdery_mildew/ba82a538-0315-453b-8f4e-841f156b8160___UMD_Powd.M 0086.JPG,Squash___Powdery_mildew,25
data/PlantVillage-Dataset/raw/color/Tomato___Tomato_Yellow_Leaf_Curl_Virus/53b914ea-4c7e-4e35-944c-2aac000557db___YLCV_GCREC 2147.JPG,Tomato___Tomato_Yellow_Leaf_Curl_Virus,35
data/PlantVillage-Dataset/raw/color/Apple___healthy/229d89f1-b2ac-4427-b7e7-47139f62b73d___RS_HL 7341.JPG,Apple___healthy,3
data/PlantVillage-Dataset/raw/color/Corn_(maize)___Northern_Leaf_Blight/d82213a9-eff4-4d5c-a2a4-c55cc8a034e3___RS_NLB 3748.JPG,Corn_(maize)___Northern_Leaf_Blight,9
data/PlantVillage-Dataset/raw/color/Squash___Powdery_mildew/ee65446c-7108-4a29-8c6b-673ca931dac8___MD_Powd.M 0894.JPG,Squash___Powdery_mildew,25
data/PlantVillage-Dataset/raw/color/Grape___Black_rot/bd1b82f6-2438-4204-9a6a-3a0b335172d1___FAM_B.Rot 3310.JPG,Grape___Black_rot,11
data/PlantVillage-Dataset/raw/color/Raspberry___healthy/ce22675d-02b8-4fbb-a5bb-3f720091d257___Mary_HL 6217.JPG,Raspberry___healthy,23
data/PlantVillage-Dataset/raw/color/Corn_(maize)___Northern_Leaf_Blight/54f0ca3b-248f-4faf-91b0-8e29e800231e___RS_NLB 4031.JPG,Corn_(maize)___Northern_Leaf_Blight,9
data/PlantVillage-Dataset/raw/color/Peach___healthy/8423e152-de09-419d-9f50-55a9a3bb340d___Rutg._HL 3511.JPG,Peach___healthy,17
data/PlantVillage-Dataset/raw/color/Tomato___Spider_mites Two-spotted_spider_mite/5a4839d8-71de-41a8-9ca7-d3929c8e95ee___Com.G_SpM_FL 1358.JPG,Tomato___Spider_mites Two-spotted_spider_mite,33
data/PlantVillage-Dataset/raw/color/Strawberry___Leaf_scorch/14d239f5-d25b-4512-b0f2-65817b9144ca___RS_L.Scorch 1318.JPG,Strawberry___Leaf_scorch,26
data/PlantVillage-Dataset/raw/color/Cherry_(including_sour)___Powdery_mildew/d0f63be7-d2c4-4041-819f-9167015d1fed___FREC_Pwd.M 0486.JPG,Cherry_(including_sour)___Powdery_mildew,5
data/PlantVillage-Dataset/raw/color/Tomato___Septoria_leaf_spot/c091e80e-2855-4736-8289-6d9c5fc142d0___JR_Sept.L.S 8555.JPG,Tomato___Septoria_leaf_spot,32
data/PlantVillage-Dataset/raw/color/Peach___Bacterial_spot/78556dc8-8960-446f-b77f-c6f5bc18a8ea___Rut._Bact.S 1433.JPG,Peach___Bacterial_spot,16
data/PlantVillage-Dataset/raw/color/Cherry_(including_sour)___Powdery_mildew/52ecce7d-bcd4-4d36-b455-b0948eb02371___FREC_Pwd.M 4724.JPG,Cherry_(including_sour)___Powdery_mildew,5
data/PlantVillage-Dataset/raw/color/Apple___Apple_scab/2c648fcd-d637-4559-beaa-9dd6079646fb___FREC_Scab 3213.JPG,Apple___Apple_scab,0
data/PlantVillage-Dataset/raw/color/Tomato___Leaf_Mold/8130385a-3f81-4fd6-9966-6f392cf90329___Crnl_L.Mold 8753.JPG,Tomato___Leaf_Mold,31
data/PlantVillage-Dataset/raw/color/Peach___Bacterial_spot/5648e249-411f-43e5-a85f-324bfe1aa844___Rut._Bact.S 0957.JPG,Peach___Bacterial_spot,16
data/PlantVillage-Dataset/raw/color/Tomato___Target_Spot/fd5fba19-588d-4053-beef-c77be7b3db95___Com.G_TgS_FL 8044.JPG,Tomato___Target_Spot,34
data/PlantVillage-Dataset/raw/color/Apple___Apple_scab/60f3ba82-caf1-4cf7-998c-b0005458fa38___FREC_Scab 3226.JPG,Apple___Apple_scab,0
data/PlantVillage-Dataset/raw/color/Blueberry___healthy/02f89fdc-2492-41a2-ad6e-5d83b2f2e1b2___RS_HL 5056.JPG,Blueberry___healthy,4
data/PlantVillage-Dataset/raw/color/Tomato___Late_blight/659fd21c-cac6-4126-972d-f6f7b28f25e2___GHLB2 Leaf 9068.JPG,Tomato___Late_blight,30
data/PlantVillage-Dataset/raw/color/Tomato___Tomato_Yellow_Leaf_Curl_Virus/046273fc-2ab8-4fb0-abaa-bc43e28d5a7a___YLCV_NREC 2692.JPG,Tomato___Tomato_Yellow_Leaf_Curl_Virus,35
data/PlantVillage-Dataset/raw/color/Potato___Late_blight/d2ff230f-99a5-4dc5-968c-246d772788af___RS_LB 3279.JPG,Potato___Late_blight,21
data/PlantVillage-Dataset/raw/color/Corn_(maize)___Common_rust_/RS_Rust 1673.JPG,Corn_(maize)___Common_rust_,8
data/PlantVillage-Dataset/raw/color/Tomato___Early_blight/f0763973-1898-4ae6-9350-c9b61976c600___RS_Erly.B 6456.JPG,Tomato___Early_blight,29
data/PlantVillage-Dataset/raw/color/Potato___healthy/8665efd2-fa3d-45f8-b1c0-746c99fb7d1e___RS_HL 1924.JPG,Potato___healthy,22
"data/PlantVillage-Dataset/raw/color/Pepper,_bell___Bacterial_spot/9e51a122-2ee0-476d-9a0e-a7f059dfd290___NREC_B.Spot 1878.JPG","Pepper,_bell___Bacterial_spot",18
data/PlantVillage-Dataset/raw/color/Strawberry___Leaf_scorch/b02ec56b-cce6-4e02-b2c1-736279aba430___RS_L.Scorch 0875.JPG,Strawberry___Leaf_scorch,26
data/PlantVillage-Dataset/raw/color/Tomato___Spider_mites Two-spotted_spider_mite/ac3cffb3-eb0b-4be4-9acd-c36d412b7faf___Com.G_SpM_FL 1338.JPG,Tomato___Spider_mites Two-spotted_spider_mite,33
"data/PlantVillage-Dataset/raw/color/Pepper,_bell___Bacterial_spot/a47d3b9e-eda3-4de2-b8a9-f5505e28d309___JR_B.Spot 3118.JPG","Pepper,_bell___Bacterial_spot",18
data/PlantVillage-Dataset/raw/color/Tomato___Spider_mites Two-spotted_spider_mite/e1ab2123-a43d-4b99-a143-df1e7f09b546___Com.G_SpM_FL 1184.JPG,Tomato___Spider_mites Two-spotted_spider_mite,33
data/PlantVillage-Dataset/raw/color/Soybean___healthy/4ba5ab5a-356e-4f92-8cf4-d52922ab3867___RS_HL 4889.JPG,Soybean___healthy,24
"data/PlantVillage-Dataset/raw/color/Pepper,_bell___Bacterial_spot/da3fdd83-69de-4688-8386-71e01138f324___JR_B.Spot 8994.JPG","Pepper,_bell___Bacterial_spot",18
data/PlantVillage-Dataset/raw/color/Tomato___Spider_mites Two-spotted_spider_mite/f9725539-49f8-4152-9c67-cc018fca8c87___Com.G_SpM_FL 1477.JPG,Tomato___Spider_mites Two-spotted_spider_mite,33
data/PlantVillage-Dataset/raw/color/Tomato___Tomato_Yellow_Leaf_Curl_Virus/c3c25775-1a12-4b87-bd1b-79df5009eced___UF.GRC_YLCV_Lab 02557.JPG,Tomato___Tomato_Yellow_Leaf_Curl_Virus,35
data/PlantVillage-Dataset/raw/color/Tomato___Tomato_Yellow_Leaf_Curl_Virus/ad42a0ba-af33-4be7-a194-4aeca155586d___UF.GRC_YLCV_Lab 09573.JPG,Tomato___Tomato_Yellow_Leaf_Curl_Virus,35
data/PlantVillage-Dataset/raw/color/Corn_(maize)___Northern_Leaf_Blight/81194232-6686-4910-8fb3-f5e2ec369684___RS_NLB 3984.JPG,Corn_(maize)___Northern_Leaf_Blight,9
data/PlantVillage-Dataset/raw/color/Raspberry___healthy/f2f03715-9411-4c55-a314-d2dca6176f34___Mary_HL 9215.JPG,Raspberry___healthy,23
data/PlantVillage-Dataset/raw/color/Apple___healthy/741841f6-e95c-4206-ac05-c5cb98c7e7cd___RS_HL 5908.JPG,Apple___healthy,3
data/PlantVillage-Dataset/raw/color/Grape___Esca_(Black_Measles)/72318b05-dfc5-4e88-bc18-441ba70efeda___FAM_B.Msls 3803.JPG,Grape___Esca_(Black_Measles),12
data/PlantVillage-Dataset/raw/color/Tomato___Target_Spot/d4301344-74cb-48e7-b240-982843df6cde___Com.G_TgS_FL 1039.JPG,Tomato___Target_Spot,34
data/PlantVillage-Dataset/raw/color/Apple___Black_rot/62cc4916-2674-472e-a48c-0ce986aa85e3___JR_FrgE.S 8793.JPG,Apple___Black_rot,1
data/PlantVillage-Dataset/raw/color/Raspberry___healthy/27015cf7-2519-42e7-a381-76495ecb70e7___Mary_HL 9237.JPG,Raspberry___healthy,23
data/PlantVillage-Dataset/raw/color/Tomato___Late_blight/16ac8a43-f720-4fd9-ac41-016523612f38___RS_Late.B 4898.JPG,Tomato___Late_blight,30
data/PlantVillage-Dataset/raw/color/Grape___healthy/ddcf9afc-8a06-4778-8eba-95f8efe65be3___Mt.N.V_HL 6201.JPG,Grape___healthy,14
"data/PlantVillage-Dataset/raw/color/Pepper,_bell___Bacterial_spot/8485adde-4e43-4c10-a9b1-be320de27869___NREC_B.Spot 9164.JPG","Pepper,_bell___Bacterial_spot",18
data/PlantVillage-Dataset/raw/color/Tomato___Tomato_Yellow_Leaf_Curl_Virus/0dc37de6-047f-43d5-8b83-cd50628b1606___YLCV_NREC 2611.JPG,Tomato___Tomato_Yellow_Leaf_Curl_Virus,35
data/PlantVillage-Dataset/raw/color/Soybean___healthy/ae5a7805-fe37-4c08-82c5-266040a0e150___RS_HL 3352.JPG,Soybean___healthy,24
data/PlantVillage-Dataset/raw/color/Raspberry___healthy/4b3a7218-7ea2-4ded-accb-2dd6d782daa6___Mary_HL 6246.JPG,Raspberry___healthy,23
data/PlantVillage-Dataset/raw/color/Tomato___Late_blight/c5749d4c-332c-4017-bcb8-c22d5dbcc91e___GHLB2 Leaf 8803.JPG,Tomato___Late_blight,30
data/PlantVillage-Dataset/raw/color/Potato___Early_blight/4699d1d8-f931-4b1c-8fd4-03a58350a86d___RS_Early.B 8972.JPG,Potato___Early_blight,20
data/PlantVillage-Dataset/raw/color/Blueberry___healthy/880094ff-fec2-4b91-968e-20f89ea130a4___RS_HL 4961.JPG,Blueberry___healthy,4
data/PlantVillage-Dataset/raw/color/Corn_(maize)___Northern_Leaf_Blight/1268904c-797f-4e33-bb41-afb58f369c6b___RS_NLB 3755.JPG,Corn_(maize)___Northern_Leaf_Blight,9
data/PlantVillage-Dataset/raw/color/Potato___healthy/762672f4-17e6-4fd6-84f1-3bcb091b3ca5___RS_HL 5417.JPG,Potato___healthy,22
data/PlantVillage-Dataset/raw/color/Cherry_(including_sour)___Powdery_mildew/f2195961-ff27-4628-a344-72aae1d750b4___FREC_Pwd.M 4476.JPG,Cherry_(including_sour)___Powdery_mildew,5
data/PlantVillage-Dataset/raw/color/Tomato___Bacterial_spot/e8a89c70-47c0-478f-b4b3-4f4a754f879f___GCREC_Bact.Sp 3807.JPG,Tomato___Bacterial_spot,28
data/PlantVillage-Dataset/raw/color/Corn_(maize)___Northern_Leaf_Blight/10b05173-08e7-4470-a581-a64898a6af88___RS_NLB 3799.JPG,Corn_(maize)___Northern_Leaf_Blight,9
data/PlantVillage-Dataset/raw/color/Corn_(maize)___Northern_Leaf_Blight/47f24ceb-34e8-4c13-acac-e48549bc7cfa___RS_NLB 3932 copy 2.jpg,Corn_(maize)___Northern_Leaf_Blight,9
data/PlantVillage-Dataset/raw/color/Tomato___Tomato_Yellow_Leaf_Curl_Virus/2227bc9c-8176-4e12-be5e-0f527209900e___UF.GRC_YLCV_Lab 02693.JPG,Tomato___Tomato_Yellow_Leaf_Curl_Virus,35
data/PlantVillage-Dataset/raw/color/Grape___Leaf_blight_(Isariopsis_Leaf_Spot)/be5bf9f6-5a93-4cec-a7cd-b94c865ecf0c___FAM_L.Blight 4908.JPG,Grape___Leaf_blight_(Isariopsis_Leaf_Spot),13
data/PlantVillage-Dataset/raw/color/Cherry_(including_sour)___Powdery_mildew/0e1bd946-37ee-40bb-adf0-105d7b55a627___FREC_Pwd.M 0509.JPG,Cherry_(including_sour)___Powdery_mildew,5
data/PlantVillage-Dataset/raw/color/Apple___Cedar_apple_rust/b401cded-e2cb-4907-b475-5373142735d9___FREC_C.Rust 3766.JPG,Apple___Cedar_apple_rust,2
data/PlantVillage-Dataset/raw/color/Corn_(maize)___Cercospora_leaf_spot Gray_leaf_spot/b62826b2-1547-4c3d-bb4f-4ebc2e166b9c___RS_GLSp 4651 copy.jpg,Corn_(maize)___Cercospora_leaf_spot Gray_leaf_spot,7
data/PlantVillage-Dataset/raw/color/Grape___Leaf_blight_(Isariopsis_Leaf_Spot)/7fc16641-531b-40ca-bfbc-bdb778574418___FAM_L.Blight 1574.JPG,Grape___Leaf_blight_(Isariopsis_Leaf_Spot),13
data/PlantVillage-Dataset/raw/color/Tomato___Septoria_leaf_spot/f30ddd54-529d-4e4e-bca6-ddad3a68a690___Matt.S_CG 7858.JPG,Tomato___Septoria_leaf_spot,32
data/PlantVillage-Dataset/raw/color/Soybean___healthy/f4e5af25-3eb2-44ab-a11d-33d2b0a83445___RS_HL 3290.JPG,Soybean___healthy,24
data/PlantVillage-Dataset/raw/color/Strawberry___Leaf_scorch/2e15fb16-79b2-4075-b223-36defe940a70___RS_L.Scorch 1486.JPG,Strawberry___Leaf_scorch,26
data/PlantVillage-Dataset/raw/color/Peach___healthy/7aca3720-b4c3-4eb8-96a7-44079b3d5171___Rutg._HL 3616.JPG,Peach___healthy,17
data/PlantVillage-Dataset/raw/color/Grape___Leaf_blight_(Isariopsis_Leaf_Spot)/abc17dae-01ec-4161-84f0-6e374ef82f39___FAM_L.Blight 1369.JPG,Grape___Leaf_blight_(Isariopsis_Leaf_Spot),13
data/PlantVillage-Dataset/raw/color/Tomato___Septoria_leaf_spot/5189b4a5-9bdb-4cea-b746-6dbf65ee2b72___Matt.S_CG 6737.JPG,Tomato___Septoria_leaf_spot,32
data/PlantVillage-Dataset/raw/color/Soybean___healthy/8ce4ef1f-0679-4f72-96bb-d03ee6b28ad7___RS_HL 5371.JPG,Soybean___healthy,24
data/PlantVillage-Dataset/raw/color/Tomato___Leaf_Mold/8a585374-1af5-4577-ba37-d931d79b427a___Crnl_L.Mold 9066.JPG,Tomato___Leaf_Mold,31
data/PlantVillage-Dataset/raw/color/Soybean___healthy/56631f0d-8224-4a16-a261-8f3067b61f3b___RS_HL 7331.JPG,Soybean___healthy,24
data/PlantVillage-Dataset/raw/color/Peach___healthy/eccf6b29-5909-4b84-83b2-4dd3a6a5745d___Rutg._HL 2436.JPG,Peach___healthy,17
data/PlantVillage-Dataset/raw/color/Tomato___healthy/e0587774-746c-41af-a876-b3d083756a23___RS_HL 0588.JPG,Tomato___healthy,37
data/PlantVillage-Dataset/raw/color/Apple___Apple_scab/23f31e0d-3330-4752-9f83-8aba28c90ccb___FREC_Scab 3178.JPG,Apple___Apple_scab,0
data/PlantVillage-Dataset/raw/color/Soybean___healthy/24c51e99-fd05-4047-a2b7-8cd0d0e4afd2___RS_HL 5620.JPG,Soybean___healthy,24
data/PlantVillage-Dataset/raw/color/Corn_(maize)___healthy/702dd799-fed6-46a4-a6c9-6f0e42186823___R.S_HL 8091 copy.jpg,Corn_(maize)___healthy,10
data/PlantVillage-Dataset/raw/color/Apple___Black_rot/50afe8c7-d56e-4dd0-97b8-23a70ddca819___JR_FrgE.S 2750.JPG,Apple___Black_rot,1
data/PlantVillage-Dataset/raw/color/Blueberry___healthy/583ac255-4c39-4940-bb6d-d1d861b6a538___RS_HL 5102.JPG,Blueberry___healthy,4
data/PlantVillage-Dataset/raw/color/Squash___Powdery_mildew/87065e3a-c9e1-459b-b021-9601ba77b404___UMD_Powd.M 0604.JPG,Squash___Powdery_mildew,25
data/PlantVillage-Dataset/raw/color/Grape___Esca_(Black_Measles)/c4825035-f919-4e75-81ae-383e8bc239f0___FAM_B.Msls 1785.JPG,Grape___Esca_(Black_Measles),12
data/PlantVillage-Dataset/raw/color/Tomato___healthy/fde29807-8223-4fc5-a06b-7cc93101a6d1___GH_HL Leaf 174.JPG,Tomato___healthy,37
data/PlantVillage-Dataset/raw/color/Tomato___Late_blight/d41d839a-339e-4d0f-985b-04ddd8a5b556___GHLB2 Leaf 8823.JPG,Tomato___Late_blight,30
data/PlantVillage-Dataset/raw/color/Potato___Late_blight/09a30eff-d386-456d-a6ce-ead7c0d6235b___RS_LB 5068.JPG,Potato___Late_blight,21
data/PlantVillage-Dataset/raw/color/Tomato___Spider_mites Two-spotted_spider_mite/8a8d7913-3fcc-4b7c-834f-a27f74139896___Com.G_SpM_FL 8760.JPG,Tomato___Spider_mites Two-spotted_spider_mite,33
data/PlantVillage-Dataset/raw/color/Peach___healthy/b37d17c9-3614-47df-8f7c-0a30bfd50d8d___Rutg._HL 3606.JPG,Peach___healthy,17
data/PlantVillage-Dataset/raw/color/Corn_(maize)___Cercospora_leaf_spot Gray_leaf_spot/ab5d1489-88e6-467f-b9b2-21b064d60fb0___RS_GLSp 4509.JPG,Corn_(maize)___Cercospora_leaf_spot Gray_leaf_spot,7
data/PlantVillage-Dataset/raw/color/Corn_(maize)___Common_rust_/RS_Rust 2105.JPG,Corn_(maize)___Common_rust_,8
data/PlantVillage-Dataset/raw/color/Strawberry___Leaf_scorch/30d8e2ff-ae19-4d1b-be24-cb14e131eadc___RS_L.Scorch 1344.JPG,Strawberry___Leaf_scorch,26
data/PlantVillage-Dataset/raw/color/Peach___healthy/c70b9d48-a03d-4a6b-a58a-d34c21537e86___Rutg._HL 3707.JPG,Peach___healthy,17
data/PlantVillage-Dataset/raw/color/Blueberry___healthy/94f7bc0f-a8c2-4a7b-8346-b0333b4c8ee4___RS_HL 0488.JPG,Blueberry___healthy,4
data/PlantVillage-Dataset/raw/color/Tomato___Late_blight/7e77fde0-ab1b-4256-be51-0f6eecf85007___RS_Late.B 6995.JPG,Tomato___Late_blight,30
data/PlantVillage-Dataset/raw/color/Tomato___Leaf_Mold/a72375bd-cec2-462a-8871-19eb0b2bd2dd___Crnl_L.Mold 7139.JPG,Tomato___Leaf_Mold,31
data/PlantVillage-Dataset/raw/color/Corn_(maize)___healthy/70e40ed3-9913-451d-8484-8155d38dac04___R.S_HL 7916 copy.jpg,Corn_(maize)___healthy,10
data/PlantVillage-Dataset/raw/color/Corn_(maize)___Northern_Leaf_Blight/5400a487-4b38-40d1-bfb0-7d9e89f58de9___RS_NLB 3610.JPG,Corn_(maize)___Northern_Leaf_Blight,9
data/PlantVillage-Dataset/raw/color/Blueberry___healthy/5184a014-e577-4c14-812a-e44f48b819cf___RS_HL 5146.JPG,Blueberry___healthy,4
data/PlantVillage-Dataset/raw/color/Apple___Black_rot/6c38e74e-6926-45f1-a1cf-c974d49491e4___JR_FrgE.S 3076.JPG,Apple___Black_rot,1
data/PlantVillage-Dataset/raw/color/Apple___Cedar_apple_rust/f02732b5-5250-4c05-80cf-fa68e71fee69___FREC_C.Rust 0234.JPG,Apple___Cedar_apple_rust,2
data/PlantVillage-Dataset/raw/color/Tomato___Tomato_Yellow_Leaf_Curl_Virus/31c09944-817c-4187-a9bb-809f90c25068___YLCV_GCREC 2714.JPG,Tomato___Tomato_Yellow_Leaf_Curl_Virus,35
data/PlantVillage-Dataset/raw/color/Apple___Cedar_apple_rust/b884b0a2-44bb-4bf5-b335-946b1757c822___FREC_C.Rust 3955.JPG,Apple___Cedar_apple_rust,2
data/PlantVillage-Dataset/raw/color/Tomato___Septoria_leaf_spot/80b30519-3893-4ce1-89f2-49230f25ccad___Matt.S_CG 1529.JPG,Tomato___Septoria_leaf_spot,32
data/PlantVillage-Dataset/raw/color/Tomato___healthy/e1d129fb-f5ae-41e1-b097-445d792e4beb___RS_HL 0473.JPG,Tomato___healthy,37
data/PlantVillage-Dataset/raw/color/Corn_(maize)___Northern_Leaf_Blight/5bc3264f-8e2a-4294-a940-e607cdc68f3b___RS_NLB 3939.JPG,Corn_(maize)___Northern_Leaf_Blight,9
"data/PlantVillage-Dataset/raw/color/Pepper,_bell___healthy/60006156-5cb7-4bae-ad51-8e4a3401e298___JR_HL 7848.JPG","Pepper,_bell___healthy",19
data/PlantVillage-Dataset/raw/color/Tomato___Tomato_mosaic_virus/7dd798aa-f748-4ac3-9f6d-d4ced4a27403___PSU_CG 2374.JPG,Tomato___Tomato_mosaic_virus,36
data/PlantVillage-Dataset/raw/color/Tomato___Target_Spot/b7ed22d3-7ade-479b-a6f0-9d140ced1b37___Com.G_TgS_FL 9898.JPG,Tomato___Target_Spot,34
data/PlantVillage-Dataset/raw/color/Blueberry___healthy/a618e37c-9ac1-455a-8c80-856f7c1c25be___RS_HL 2687.JPG,Blueberry___healthy,4
"data/PlantVillage-Dataset/raw/color/Pepper,_bell___Bacterial_spot/82b9fdcc-3000-46fe-b955-063e77dd5968___JR_B.Spot 3324.JPG","Pepper,_bell___Bacterial_spot",18
data/PlantVillage-Dataset/raw/color/Orange___Haunglongbing_(Citrus_greening)/9bf7547d-1ddd-4824-85dc-a48a420d2f29___UF.Citrus_HLB_Lab 0680.JPG,Orange___Haunglongbing_(Citrus_greening),15
data/PlantVillage-Dataset/raw/color/Corn_(maize)___Cercospora_leaf_spot Gray_leaf_spot/837474e2-d11d-44b7-b39b-0a21442b1e04___RS_GLSp 4455.JPG,Corn_(maize)___Cercospora_leaf_spot Gray_leaf_spot,7
data/PlantVillage-Dataset/raw/color/Grape___healthy/ef0cd637-5b34-489e-affc-72cce3dbc901___Mt.N.V_HL 6138.JPG,Grape___healthy,14
data/PlantVillage-Dataset/raw/color/Potato___healthy/683b04ad-7941-4819-9965-ba32c725eb22___RS_HL 1861.JPG,Potato___healthy,22
data/PlantVillage-Dataset/raw/color/Apple___Cedar_apple_rust/0cd24b0c-0a9d-483f-8734-5c08988e029f___FREC_C.Rust 3762.JPG,Apple___Cedar_apple_rust,2
data/PlantVillage-Dataset/raw/color/Corn_(maize)___healthy/0a5cb475-a6e8-4233-b251-bc5165868730___R.S_HL 7978 copy.jpg,Corn_(maize)___healthy,10
data/PlantVillage-Dataset/raw/color/Potato___Early_blight/72f9e596-8d1e-4ffd-923d-55645d6adca1___RS_Early.B 7704.JPG,Potato___Early_blight,20
data/PlantVillage-Dataset/raw/color/Potato___healthy/111cd9d8-4d27-4225-be9e-d29b21cf56b9___RS_HL 5419.JPG,Potato___healthy,22
data/PlantVillage-Dataset/raw/color/Potato___Late_blight/3d544e81-b7f3-4853-bb65-c78b125d1a6a___RS_LB 3238.JPG,Potato___Late_blight,21
data/PlantVillage-Dataset/raw/color/Tomato___Spider_mites Two-spotted_spider_mite/305d5fd0-b63c-41d3-9980-9c6aa808b893___Com.G_SpM_FL 8473.JPG,Tomato___Spider_mites Two-spotted_spider_mite,33
data/PlantVillage-Dataset/raw/color/Potato___Early_blight/e5d559da-71d8-4999-9d5a-05da9e6bf12e___RS_Early.B 7491.JPG,Potato___Early_blight,20
data/PlantVillage-Dataset/raw/color/Tomato___Spider_mites Two-spotted_spider_mite/e23ee999-dff9-4f41-bb30-58711bd4103e___Com.G_SpM_FL 8980.JPG,Tomato___Spider_mites Two-spotted_spider_mite,33
data/PlantVillage-Dataset/raw/color/Tomato___Tomato_mosaic_virus/12f82f12-23f5-4edc-82d7-8bc3ee6f4848___PSU_CG 2373.JPG,Tomato___Tomato_mosaic_virus,36
data/PlantVillage-Dataset/raw/color/Apple___Cedar_apple_rust/91c6f875-414d-4449-937c-488718a84921___FREC_C.Rust 3756.JPG,Apple___Cedar_apple_rust,2
data/PlantVillage-Dataset/raw/color/Blueberry___healthy/73cf21a8-388d-4f7f-b2d2-e41eaaf99d3b___RS_HL 5326.JPG,Blueberry___healthy,4
data/PlantVillage-Dataset/raw/color/Potato___Early_blight/fbc7567e-ce08-4ad0-b8fe-ffd98296ce02___RS_Early.B 8607.JPG,Potato___Early_blight,20
data/PlantVillage-Dataset/raw/color/Corn_(maize)___Common_rust_/RS_Rust 2093.JPG,Corn_(maize)___Common_rust_,8
data/PlantVillage-Dataset/raw/color/Tomato___healthy/1d31b822-7933-4801-a18c-657b8af377d6___RS_HL 0636.JPG,Tomato___healthy,37
data/PlantVillage-Dataset/raw/color/Soybean___healthy/016f567f-dc81-4d45-9bac-388ff03084ca___RS_HL 5821.JPG,Soybean___healthy,24
data/PlantVillage-Dataset/raw/color/Orange___Haunglongbing_(Citrus_greening)/aecd98bd-51ce-4eba-8d8b-6f316abddc16___CREC_HLB 6626.JPG,Orange___Haunglongbing_(Citrus_greening),15
data/PlantVillage-Dataset/raw/color/Tomato___Tomato_Yellow_Leaf_Curl_Virus/c0870d0e-ff8b-4b57-a85e-98dd03799b04___UF.GRC_YLCV_Lab 02843.JPG,Tomato___Tomato_Yellow_Leaf_Curl_Virus,35
data/PlantVillage-Dataset/raw/color/Grape___Leaf_blight_(Isariopsis_Leaf_Spot)/35d01fef-46ec-4a5e-ba92-f2a6c0485fda___FAM_L.Blight 1625.JPG,Grape___Leaf_blight_(Isariopsis_Leaf_Spot),13
data/PlantVillage-Dataset/raw/color/Apple___Black_rot/f9b7fc98-caee-4bb1-ae7b-1e9981ba6d72___JR_FrgE.S 2990.JPG,Apple___Black_rot,1
data/PlantVillage-Dataset/raw/color/Tomato___Bacterial_spot/aec51dd9-6ce4-482c-af62-872f20de45a5___GCREC_Bact.Sp 3773.JPG,Tomato___Bacterial_spot,28
data/PlantVillage-Dataset/raw/color/Squash___Powdery_mildew/22ab26ea-66bc-43a4-bf31-253076d08226___UMD_Powd.M 0704.JPG,Squash___Powdery_mildew,25
data/PlantVillage-Dataset/raw/color/Squash___Powdery_mildew/5e157c8b-2c88-40b6-9ea7-6862f4d6e844___UMD_Powd.M 9764.JPG,Squash___Powdery_mildew,25
data/PlantVillage-Dataset/raw/color/Tomato___Septoria_leaf_spot/f89c062b-b2ea-4bfc-846f-dc0096b72822___Matt.S_CG 7537.JPG,Tomato___Septoria_leaf_spot,32
data/PlantVillage-Dataset/raw/color/Tomato___healthy/6c5ad7e4-a826-40af-abf9-0a9e6346e656___RS_HL 0196.JPG,Tomato___healthy,37
data/PlantVillage-Dataset/raw/color/Tomato___Septoria_leaf_spot/d6513bff-a877-4482-88d0-699396af3862___JR_Sept.L.S 8419.JPG,Tomato___Septoria_leaf_spot,32
data/PlantVillage-Dataset/raw/color/Tomato___Tomato_Yellow_Leaf_Curl_Virus/c91b0581-41e8-48a5-9807-842ee3ba12ef___UF.GRC_YLCV_Lab 08495.JPG,Tomato___Tomato_Yellow_Leaf_Curl_Virus,35
data/PlantVillage-Dataset/raw/color/Peach___Bacterial_spot/9d336e32-db0f-4139-bf2b-283f1a79d42e___Rutg._Bact.S 1321.JPG,Peach___Bacterial_spot,16
data/PlantVillage-Dataset/raw/color/Strawberry___healthy/a8e5f630-3a7c-4b71-8b14-0ecdfda521ac___RS_HL 4719.JPG,Strawberry___healthy,27
data/PlantVillage-Dataset/raw/color/Orange___Haunglongbing_(Citrus_greening)/3acf8987-148e-476f-8afa-a5b6fa2f906e___UF.Citrus_HLB_Lab 9890.JPG,Orange___Haunglongbing_(Citrus_greening),15
data/PlantVillage-Dataset/raw/color/Strawberry___healthy/fc6a2771-b6f9-4e50-bb37-bbe38792a6cf___RS_HL 1787.JPG,Strawberry___healthy,27
data/PlantVillage-Dataset/raw/color/Grape___healthy/cf021a08-5619-4b8b-9835-c9c03d291875___Mt.N.V_HL 6086.JPG,Grape___healthy,14
data/PlantVillage-Dataset/raw/color/Raspberry___healthy/4d81c781-9651-4262-bdad-545a8c7f0ce2___Mary_HL 6364.JPG,Raspberry___healthy,23
data/PlantVillage-Dataset/raw/color/Potato___healthy/144d2475-21ab-4bdc-a67c-9672a9b711e6___RS_HL 5376.JPG,Potato___healthy,22
data/PlantVillage-Dataset/raw/color/Tomato___Leaf_Mold/cc42f7f9-ecbf-4adf-b1df-1307218aac13___Crnl_L.Mold 8710.JPG,Tomato___Leaf_Mold,31
data/PlantVillage-Dataset/raw/color/Squash___Powdery_mildew/aeccd3d1-12a7-4af4-8339-6f70b058d0dd___MD_Powd.M 0280.JPG,Squash___Powdery_mildew,25
data/PlantVillage-Dataset/raw/color/Tomato___Spider_mites Two-spotted_spider_mite/0cee18fc-bbbd-40dd-8d73-93df072c09ea___Com.G_SpM_FL 8904.JPG,Tomato___Spider_mites Two-spotted_spider_mite,33
data/PlantVillage-Dataset/raw/color/Grape___healthy/bc9f03e8-d545-4ba9-a68d-7032b3c36670___Mt.N.V_HL 6075.JPG,Grape___healthy,14
data/PlantVillage-Dataset/raw/color/Tomato___Tomato_Yellow_Leaf_Curl_Virus/df9ff9b6-4062-4bb2-b756-fa76d376f14d___YLCV_GCREC 5149.JPG,Tomato___Tomato_Yellow_Leaf_Curl_Virus,35
data/PlantVillage-Dataset/raw/color/Tomato___Tomato_Yellow_Leaf_Curl_Virus/f9659dbb-7efe-40a2-9cbd-23747d492c57___YLCV_GCREC 2421.JPG,Tomato___Tomato_Yellow_Leaf_Curl_Virus,35
data/PlantVillage-Dataset/raw/color/Tomato___healthy/16c1b712-2c55-4a8d-899f-cc0e725d4835___GH_HL Leaf 314.JPG,Tomato___healthy,37
data/PlantVillage-Dataset/raw/color/Tomato___Septoria_leaf_spot/f4f6549b-928e-4979-b557-5e518cd297fa___Keller.St_CG 1866.JPG,Tomato___Septoria_leaf_spot,32
data/PlantVillage-Dataset/raw/color/Tomato___Spider_mites Two-spotted_spider_mite/062c5345-1a64-4dba-8c58-0d72902742c1___Com.G_SpM_FL 8874.JPG,Tomato___Spider_mites Two-spotted_spider_mite,33
data/PlantVillage-Dataset/raw/color/Corn_(maize)___Common_rust_/RS_Rust 1923.JPG,Corn_(maize)___Common_rust_,8
data/PlantVillage-Dataset/raw/color/Corn_(maize)___Common_rust_/RS_Rust 1944.JPG,Corn_(maize)___Common_rust_,8
data/PlantVillage-Dataset/raw/color/Squash___Powdery_mildew/27ba4c19-a314-4dac-a280-de55cd88c24b___MD_Powd.M 0685.JPG,Squash___Powdery_mildew,25
data/PlantVillage-Dataset/raw/color/Squash___Powdery_mildew/756edcb9-3049-44ed-a5c0-49c2d635a463___MD_Powd.M 9984.JPG,Squash___Powdery_mildew,25
data/PlantVillage-Dataset/raw/color/Potato___healthy/5ea316eb-10a2-42c0-b781-40d90356ccaa___RS_HL 1935.JPG,Potato___healthy,22
data/PlantVillage-Dataset/raw/color/Tomato___Tomato_Yellow_Leaf_Curl_Virus/12f9f83e-78d4-465f-9987-569cd1e39237___UF.GRC_YLCV_Lab 02867.JPG,Tomato___Tomato_Yellow_Leaf_Curl_Virus,35
data/PlantVillage-Dataset/raw/color/Corn_(maize)___Northern_Leaf_Blight/b761537f-f90f-43a6-a816-6d515dfa0e26___RS_NLB 3797.JPG,Corn_(maize)___Northern_Leaf_Blight,9
data/PlantVillage-Dataset/raw/color/Corn_(maize)___Cercospora_leaf_spot Gray_leaf_spot/a95a00bc-f6af-4006-beda-81f8629cf106___RS_GLSp 9308.JPG,Corn_(maize)___Cercospora_leaf_spot Gray_leaf_spot,7
data/PlantVillage-Dataset/raw/color/Squash___Powdery_mildew/63009f74-d5af-4c9c-b5c6-d08db037979b___UMD_Powd.M 0728.JPG,Squash___Powdery_mildew,25
data/PlantVillage-Dataset/raw/color/Tomato___Septoria_leaf_spot/5d323cba-03e6-402c-b2fd-19d00f751c31___Matt.S_CG 6742.JPG,Tomato___Septoria_leaf_spot,32
data/PlantVillage-Dataset/raw/color/Corn_(maize)___Northern_Leaf_Blight/5e1b2b72-fe1d-4bf2-a5ed-b3a013ffabe9___RS_NLB 3696.JPG,Corn_(maize)___Northern_Leaf_Blight,9
data/PlantVillage-Dataset/raw/color/Tomato___Spider_mites Two-spotted_spider_mite/a9337752-672c-4de0-a21e-90d3fd3ce9dd___Com.G_SpM_FL 1340.JPG,Tomato___Spider_mites Two-spotted_spider_mite,33
data/PlantVillage-Dataset/raw/color/Raspberry___healthy/f6beccbc-454c-445a-ac92-e294bc712252___Mary_HL 6305.JPG,Raspberry___healthy,23
data/PlantVillage-Dataset/raw/color/Tomato___Tomato_mosaic_virus/7d961b54-7557-4800-ae6a-00b6945f99c0___PSU_CG 2293.JPG,Tomato___Tomato_mosaic_virus,36
data/PlantVillage-Dataset/raw/color/Apple___healthy/f3676c6a-f226-4bc7-b3d4-c9537de075f4___RS_HL 7963.JPG,Apple___healthy,3
"data/PlantVillage-Dataset/raw/color/Pepper,_bell___healthy/4960c513-0f3b-49a0-91f7-e54561f5c1f7___JR_HL 5933.JPG","Pepper,_bell___healthy",19
data/PlantVillage-Dataset/raw/color/Cherry_(including_sour)___Powdery_mildew/cb5807a3-cdda-4f87-b17a-be25c42ef72b___FREC_Pwd.M 0587.JPG,Cherry_(including_sour)___Powdery_mildew,5
data/PlantVillage-Dataset/raw/color/Tomato___Target_Spot/876808b4-e989-445a-a43b-bd4fd98711bb___Com.G_TgS_FL 0035.JPG,Tomato___Target_Spot,34
data/PlantVillage-Dataset/raw/color/Strawberry___Leaf_scorch/ef86303b-ac0f-49bf-8cfb-77a3e0b6a1d1___RS_L.Scorch 0977.JPG,Strawberry___Leaf_scorch,26
data/PlantVillage-Dataset/raw/color/Grape___healthy/27359eed-7a85-47ff-b9e8-923a8db20169___Mt.N.V_HL 6083.JPG,Grape___healthy,14
"data/PlantVillage-Dataset/raw/color/Pepper,_bell___Bacterial_spot/f2e21841-962e-4044-bb5d-efd8af95df74___NREC_B.Spot 1893.JPG","Pepper,_bell___Bacterial_spot",18
data/PlantVillage-Dataset/raw/color/Soybean___healthy/ae1ffe54-dfb1-447e-8189-ce51265f9e6b___RS_HL 7388.JPG,Soybean___healthy,24
data/PlantVillage-Dataset/raw/color/Corn_(maize)___healthy/dbb7d398-3ac0-45d4-8447-829c48f9bc64___R.S_HL 8099 copy 2.jpg,Corn_(maize)___healthy,10
data/PlantVillage-Dataset/raw/color/Corn_(maize)___Common_rust_/RS_Rust 2162.JPG,Corn_(maize)___Common_rust_,8
data/PlantVillage-Dataset/raw/color/Tomato___Septoria_leaf_spot/7eeb6c90-ec56-467b-a12e-c57a3ed8467f___Matt.S_CG 7753.JPG,Tomato___Septoria_leaf_spot,32
data/PlantVillage-Dataset/raw/color/Grape___Black_rot/40240052-2bba-4ad4-acce-8641a309a5ac___FAM_B.Rot 0730.JPG,Grape___Black_rot,11
data/PlantVillage-Dataset/raw/color/Apple___Apple_scab/ca37bd3e-47ec-415d-8012-81e4efcc6be5___FREC_Scab 2917.JPG,Apple___Apple_scab,0
data/PlantVillage-Dataset/raw/color/Tomato___Bacterial_spot/e813e60a-25a6-4444-8fb6-eeab328d9ccc___GCREC_Bact.Sp 3573.JPG,Tomato___Bacterial_spot,28
data/PlantVillage-Dataset/raw/color/Cherry_(including_sour)___Powdery_mildew/45738ed0-df8b-4fcb-ac68-8393fcacbfec___FREC_Pwd.M 0498.JPG,Cherry_(including_sour)___Powdery_mildew,5
data/PlantVillage-Dataset/raw/color/Corn_(maize)___Northern_Leaf_Blight/efb9c96a-22d4-4217-bf2b-7c0f5d97d277___RS_NLB 4057 copy 2.jpg,Corn_(maize)___Northern_Leaf_Blight,9
data/PlantVillage-Dataset/raw/color/Strawberry___Leaf_scorch/89e5a196-4446-4550-ab65-99a44e1a7797___RS_L.Scorch 0168.JPG,Strawberry___Leaf_scorch,26
data/PlantVillage-Dataset/raw/color/Corn_(maize)___Cercospora_leaf_spot Gray_leaf_spot/aa2c6e9d-ce0f-4883-8b49-45412e96478d___RS_GLSp 7306.JPG,Corn_(maize)___Cercospora_leaf_spot Gray_leaf_spot,7
data/PlantVillage-Dataset/raw/color/Tomato___Late_blight/a59f35a2-f548-4e6f-8784-c106af003c33___GHLB_PS Leaf 25.1 Day 16.jpg,Tomato___Late_blight,30
data/PlantVillage-Dataset/raw/color/Grape___Esca_(Black_Measles)/91aee938-b6eb-41f6-aee8-d5a929fe27c9___FAM_B.Msls 4087.JPG,Grape___Esca_(Black_Measles),12
"data/PlantVillage-Dataset/raw/color/Pepper,_bell___Bacterial_spot/ce9e38ed-d605-4894-b3be-cfe0f9f43910___JR_B.Spot 8958.JPG","Pepper,_bell___Bacterial_spot",18
data/PlantVillage-Dataset/raw/color/Peach___Bacterial_spot/2a63d3dd-f163-4d22-9899-d8aa304a5721___Rutg._Bact.S 1947.JPG,Peach___Bacterial_spot,16
data/PlantVillage-Dataset/raw/color/Apple___healthy/daf045c7-3756-4753-922e-8f36a84a3422___RS_HL 5719.JPG,Apple___healthy,3
data/PlantVillage-Dataset/raw/color/Grape___healthy/4bd0c235-94b2-4d5d-a76e-58df595e7802___Mt.N.V_HL 6032.JPG,Grape___healthy,14
data/PlantVillage-Dataset/raw/color/Corn_(maize)___Northern_Leaf_Blight/4fb94993-2201-4b0f-bd6f-864b76774df8___RS_NLB 3835.JPG,Corn_(maize)___Northern_Leaf_Blight,9
data/PlantVillage-Dataset/raw/color/Tomato___healthy/28200010-ba2b-41f7-9dff-94d86019488e___GH_HL Leaf 366.JPG,Tomato___healthy,37
data/PlantVillage-Dataset/raw/color/Tomato___Bacterial_spot/43f97b78-04ee-4092-a909-6fd9af60d1a6___GCREC_Bact.Sp 3330.JPG,Tomato___Bacterial_spot,28
data/PlantVillage-Dataset/raw/color/Soybean___healthy/2e2d2fb8-e29c-44e5-969e-bad770cbdee9___RS_HL 6568.JPG,Soybean___healthy,24
data/PlantVillage-Dataset/raw/color/Cherry_(including_sour)___healthy/6fbe0c51-55ce-4623-8c81-7cf7f52009db___JR_HL 4142.JPG,Cherry_(including_sour)___healthy,6
data/PlantVillage-Dataset/raw/color/Tomato___Late_blight/c7249538-0d8d-4d6e-807f-eb693e3586ff___RS_Late.B 6032.JPG,Tomato___Late_blight,30
data/PlantVillage-Dataset/raw/color/Tomato___Early_blight/5ba2c9ec-1d6f-4870-933d-6c9d05833d47___RS_Erly.B 6337.JPG,Tomato___Early_blight,29
data/PlantVillage-Dataset/raw/color/Strawberry___healthy/0400adad-86e7-4e42-9141-acc0f226e2e7___RS_HL 2111.JPG,Strawberry___healthy,27
data/PlantVillage-Dataset/raw/color/Cherry_(including_sour)___Powdery_mildew/10defdf7-7522-4d15-b65a-b6477e950b04___FREC_Pwd.M 4971.JPG,Cherry_(including_sour)___Powdery_mildew,5
data/PlantVillage-Dataset/raw/color/Potato___healthy/38faf81d-c83b-42ca-b4c3-e3bbfa070589___RS_HL 1805.JPG,Potato___healthy,22
data/PlantVillage-Dataset/raw/color/Tomato___Early_blight/a20bd77c-4ecf-473c-89aa-329b1719fbe1___RS_Erly.B 7639.JPG,Tomato___Early_blight,29
data/PlantVillage-Dataset/raw/color/Grape___Esca_(Black_Measles)/2493efd4-a8f7-4836-9179-a7a3a28dd554___FAM_B.Msls 4242.JPG,Grape___Esca_(Black_Measles),12
data/PlantVillage-Dataset/raw/color/Cherry_(including_sour)___healthy/6e825c91-1907-4ad8-8ae4-50962f2b1b15___JR_HL 9877 copy.JPG,Cherry_(including_sour)___healthy,6
data/PlantVillage-Dataset/raw/color/Tomato___Late_blight/2e5a8b76-c1d5-432c-bbde-7589e087b120___GHLB2 Leaf 8976.JPG,Tomato___Late_blight,30
data/PlantVillage-Dataset/raw/color/Tomato___Leaf_Mold/fec6ddb1-599d-4de0-905c-c4e526021314___Crnl_L.Mold 8895.JPG,Tomato___Leaf_Mold,31
data/PlantVillage-Dataset/raw/color/Squash___Powdery_mildew/e58255b5-f214-4462-a220-24968499fb14___UMD_Powd.M 0227.JPG,Squash___Powdery_mildew,25
data/PlantVillage-Dataset/raw/color/Corn_(maize)___Northern_Leaf_Blight/7fb389d4-38a3-49de-8f68-72a87ff4ae0a___RS_NLB 3716.JPG,Corn_(maize)___Northern_Leaf_Blight,9
data/PlantVillage-Dataset/raw/color/Strawberry___healthy/77b3d4a4-0712-4e25-bc50-57c12961f7d2___RS_HL 4519.JPG,Strawberry___healthy,27
data/PlantVillage-Dataset/raw/color/Peach___healthy/a7e0201e-9d8a-43b5-8118-2b6d1e203ba3___Rutg._HL 2420.JPG,Peach___healthy,17
data/PlantVillage-Dataset/raw/color/Apple___healthy/aa701c91-01d7-44bf-a1df-b4d8ca4fbce0___RS_HL 5715.JPG,Apple___healthy,3
data/PlantVillage-Dataset/raw/color/Grape___Esca_(Black_Measles)/0ab276b8-1342-4b3b-a87d-620880112e9c___FAM_B.Msls 1009.JPG,Grape___Esca_(Black_Measles),12
data/PlantVillage-Dataset/raw/color/Tomato___Septoria_leaf_spot/132e22f8-a438-433a-a6b1-035499046450___Matt.S_CG 2659.JPG,Tomato___Septoria_leaf_spot,32
data/PlantVillage-Dataset/raw/color/Blueberry___healthy/cdf24d65-aa0c-4b72-a4a5-ba5cb5632a45___RS_HL 2660.JPG,Blueberry___healthy,4
data/PlantVillage-Dataset/raw/color/Apple___Black_rot/26b71abd-6648-4d92-a36d-92353bc09966___JR_FrgE.S 2899.JPG,Apple___Black_rot,1
data/PlantVillage-Dataset/raw/color/Cherry_(including_sour)___Powdery_mildew/77989419-b1f4-4e7e-8e85-48edbd870d31___FREC_Pwd.M 4933.JPG,Cherry_(including_sour)___Powdery_mildew,5
data/PlantVillage-Dataset/raw/color/Grape___Leaf_blight_(Isariopsis_Leaf_Spot)/8f1e9cf4-1383-45ef-9c75-514e77d6b2e3___FAM_L.Blight 1469.JPG,Grape___Leaf_blight_(Isariopsis_Leaf_Spot),13
data/PlantVillage-Dataset/raw/color/Peach___Bacterial_spot/d5e13e5a-2cac-44f5-a224-1116af7a1240___Rut._Bact.S 1405.JPG,Peach___Bacterial_spot,16
data/PlantVillage-Dataset/raw/color/Tomato___healthy/c6d62e0c-15e0-4e99-8dbd-40e8f7181131___RS_HL 9954.JPG,Tomato___healthy,37
"data/PlantVillage-Dataset/raw/color/Pepper,_bell___healthy/a146fbd3-c5c4-4de5-96e0-95a3163fb95a___JR_HL 5860.JPG","Pepper,_bell___healthy",19
data/PlantVillage-Dataset/raw/color/Potato___Late_blight/b469e38c-ef99-4ed1-b294-1e65727138fb___RS_LB 4056.JPG,Potato___Late_blight,21
data/PlantVillage-Dataset/raw/color/Orange___Haunglongbing_(Citrus_greening)/de3316a8-0640-4009-8a66-b3ff6eb8b43d___CREC_HLB 5465.JPG,Orange___Haunglongbing_(Citrus_greening),15
data/PlantVillage-Dataset/raw/color/Grape___Leaf_blight_(Isariopsis_Leaf_Spot)/754505a9-a4d3-4dc4-a136-b55389b80b76___FAM_L.Blight 1698.JPG,Grape___Leaf_blight_(Isariopsis_Leaf_Spot),13
data/PlantVillage-Dataset/raw/color/Potato___Late_blight/c6ecc36c-1886-4d2d-89aa-0e9e9dc7ba32___RS_LB 4997.JPG,Potato___Late_blight,21
data/PlantVillage-Dataset/raw/color/Tomato___Septoria_leaf_spot/5b7a00b3-b25d-49c9-9ce5-e0f4e2921e38___Matt.S_CG 2718.JPG,Tomato___Septoria_leaf_spot,32
data/PlantVillage-Dataset/raw/color/Peach___Bacterial_spot/de953532-5cc7-47ed-ba0d-bc1790321723___Rut._Bact.S 1078.JPG,Peach___Bacterial_spot,16
data/PlantVillage-Dataset/raw/color/Tomato___Target_Spot/5f693474-3522-4b5e-adaa-2f55e407f45e___Com.G_TgS_FL 8049.JPG,Tomato___Target_Spot,34
data/PlantVillage-Dataset/raw/color/Potato___Late_blight/a6623827-bcdc-40ed-81e6-5cde1a1da997___RS_LB 3179.JPG,Potato___Late_blight,21
data/PlantVillage-Dataset/raw/color/Grape___healthy/605f6929-3bb5-419c-8bee-eccc39128245___Mt.N.V_HL 9059.JPG,Grape___healthy,14
data/PlantVillage-Dataset/raw/color/Soybean___healthy/e9f66b73-87a7-42fc-b2fa-081cd7ef6126___RS_HL 5852.JPG,Soybean___healthy,24
data/PlantVillage-Dataset/raw/color/Cherry_(including_sour)___healthy/cc04b27c-e092-4e11-92e6-44a9589ec04e___JR_HL 4183.JPG,Cherry_(including_sour)___healthy,6
"data/PlantVillage-Dataset/raw/color/Pepper,_bell___Bacterial_spot/a2237a92-dce1-469e-ba88-657d40f55319___NREC_B.Spot 9122.JPG","Pepper,_bell___Bacterial_spot",18
data/PlantVillage-Dataset/raw/color/Grape___Esca_(Black_Measles)/985ada5a-091c-4c5d-bb88-a8ccc32a4d2c___FAM_B.Msls 4126.JPG,Grape___Esca_(Black_Measles),12
data/PlantVillage-Dataset/raw/color/Corn_(maize)___Common_rust_/RS_Rust 2456.JPG,Corn_(maize)___Common_rust_,8
data/PlantVillage-Dataset/raw/color/Corn_(maize)___healthy/765876b6-89e3-45dc-b3f0-1879028a9a1b___R.S_HL 8129 copy.jpg,Corn_(maize)___healthy,10
data/PlantVillage-Dataset/raw/color/Tomato___Tomato_mosaic_virus/7d35f41d-27d1-4ff8-8527-54ca210a47b5___PSU_CG 2359.JPG,Tomato___Tomato_mosaic_virus,36
data/PlantVillage-Dataset/raw/color/Corn_(maize)___Northern_Leaf_Blight/a34e16c2-cab4-43ca-9ddb-b877ea3228b7___RS_NLB 4189.JPG,Corn_(maize)___Northern_Leaf_Blight,9
data/PlantVillage-Dataset/raw/color/Blueberry___healthy/aec0b95b-d9e0-4f8d-9d7b-52693665cec5___RS_HL 5223.JPG,Blueberry___healthy,4
data/PlantVillage-Dataset/raw/color/Peach___Bacterial_spot/9273fe1b-de0a-40c4-9e7d-259de36da678___Rutg._Bact.S 1983.JPG,Peach___Bacterial_spot,16
data/PlantVillage-Dataset/raw/color/Tomato___Late_blight/bf0b58c2-1d95-4f37-80ea-1bcd82e9c59b___GHLB2 Leaf 145.4.JPG,Tomato___Late_blight,30
data/PlantVillage-Dataset/raw/color/Potato___healthy/7bfda067-6e35-4af5-a9c4-4b3b5f357871___RS_HL 1813.JPG,Potato___healthy,22
data/PlantVillage-Dataset/raw/color/Grape___healthy/18830d61-997d-438c-bd24-4dd427a45c4d___Mt.N.V_HL 6123.JPG,Grape___healthy,14
data/PlantVillage-Dataset/raw/color/Tomato___Tomato_mosaic_virus/a7c7e844-1b1f-4aaf-aa23-abd2bce9f5fc___PSU_CG 2244.JPG,Tomato___Tomato_mosaic_virus,36
data/PlantVillage-Dataset/raw/color/Potato___Late_blight/73d0be73-8a51-417a-ac46-67a37462efa3___RS_LB 4457.JPG,Potato___Late_blight,21
data/PlantVillage-Dataset/raw/color/Apple___healthy/44acd453-48a7-48db-997a-34b00a4d437a___RS_HL 7892.JPG,Apple___healthy,3
data/PlantVillage-Dataset/raw/color/Apple___healthy/3ee17877-b649-4b43-939a-d9415a21dfd5___RS_HL 7300.JPG,Apple___healthy,3
data/PlantVillage-Dataset/raw/color/Cherry_(including_sour)___healthy/42b0ba85-114f-48df-b8dd-b32fdf384bd8___JR_HL 4093.JPG,Cherry_(including_sour)___healthy,6
data/PlantVillage-Dataset/raw/color/Grape___Esca_(Black_Measles)/6b16600f-d675-4639-a387-24b38714b9dd___FAM_B.Msls 1208.JPG,Grape___Esca_(Black_Measles),12
data/PlantVillage-Dataset/raw/color/Grape___Black_rot/dec9f28b-299d-4c2d-8e46-89c700aa94c1___FAM_B.Rot 5091.JPG,Grape___Black_rot,11
data/PlantVillage-Dataset/raw/color/Tomato___Spider_mites Two-spotted_spider_mite/7bab59ec-2afa-4490-ba52-876dec478289___Com.G_SpM_FL 8618.JPG,Tomato___Spider_mites Two-spotted_spider_mite,33
data/PlantVillage-Dataset/raw/color/Squash___Powdery_mildew/c1c6f470-b599-43aa-a937-4316b20a4bd9___UMD_Powd.M 0487.JPG,Squash___Powdery_mildew,25
data/PlantVillage-Dataset/raw/color/Tomato___Tomato_Yellow_Leaf_Curl_Virus/52cacd46-28dc-4604-b1b9-19bc2c89b124___YLCV_GCREC 2474.JPG,Tomato___Tomato_Yellow_Leaf_Curl_Virus,35
data/PlantVillage-Dataset/raw/color/Tomato___Bacterial_spot/4913ff90-0ca7-43b5-a157-a8ab19e43f12___UF.GRC_BS_Lab Leaf 0537.JPG,Tomato___Bacterial_spot,28
data/PlantVillage-Dataset/raw/color/Grape___Esca_(Black_Measles)/c69df623-9381-4d46-869f-11871efa3a98___FAM_B.Msls 1764.JPG,Grape___Esca_(Black_Measles),12
data/PlantVillage-Dataset/raw/color/Corn_(maize)___healthy/7cc7e4e5-6fb2-4620-8d6f-0e92b1fdf82b___R.S_HL 8049 copy 2.jpg,Corn_(maize)___healthy,10
data/PlantVillage-Dataset/raw/color/Peach___healthy/3b9538af-7d7b-4dcb-ab57-1771e1c6aa09___Rutg._HL 2450.JPG,Peach___healthy,17
data/PlantVillage-Dataset/raw/color/Tomato___Leaf_Mold/f6c104df-09ed-467c-8e67-30d5bd5d7cd2___Crnl_L.Mold 6829.JPG,Tomato___Leaf_Mold,31
data/PlantVillage-Dataset/raw/color/Grape___Esca_(Black_Measles)/69894df0-e017-49fc-ba2a-771b2d3034d3___FAM_B.Msls 3813.JPG,Grape___Esca_(Black_Measles),12
data/PlantVillage-Dataset/raw/color/Corn_(maize)___Cercospora_leaf_spot Gray_leaf_spot/8776bae7-ccdc-46b8-95d6-7bb0610db123___RS_GLSp 4392.JPG,Corn_(maize)___Cercospora_leaf_spot Gray_leaf_spot,7
"data/PlantVillage-Dataset/raw/color/Pepper,_bell___Bacterial_spot/ebe12503-1abc-4e09-9eee-3180b67c29f4___JR_B.Spot 8849.JPG","Pepper,_bell___Bacterial_spot",18
data/PlantVillage-Dataset/raw/color/Grape___Black_rot/422245a4-9a54-44af-90f5-f9428cdc5e43___FAM_B.Rot 3166.JPG,Grape___Black_rot,11
data/PlantVillage-Dataset/raw/color/Tomato___Tomato_Yellow_Leaf_Curl_Virus/513e8592-6fca-4084-bd75-cc1b52bf45dd___UF.GRC_YLCV_Lab 02461.JPG,Tomato___Tomato_Yellow_Leaf_Curl_Virus,35
data/PlantVillage-Dataset/raw/color/Tomato___Early_blight/6c5baf51-ae97-41dd-9728-1995177e3b6a___RS_Erly.B 7723.JPG,Tomato___Early_blight,29
data/PlantVillage-Dataset/raw/color/Cherry_(including_sour)___healthy/1f37c6f5-f412-4367-b88c-af380713ca97___JR_HL 9714.JPG,Cherry_(including_sour)___healthy,6
data/PlantVillage-Dataset/raw/color/Tomato___Tomato_Yellow_Leaf_Curl_Virus/3f6c8220-842b-44ee-a3c7-7a8ae50412bc___YLCV_NREC 2543.JPG,Tomato___Tomato_Yellow_Leaf_Curl_Virus,35
data/PlantVillage-Dataset/raw/color/Potato___Early_blight/7248171d-98a5-4bf0-9a8d-5c5a8820eba9___RS_Early.B 6680.JPG,Potato___Early_blight,20
data/PlantVillage-Dataset/raw/color/Grape___Black_rot/d6ba39a2-94f3-4656-859d-e1829757c511___FAM_B.Rot 3588.JPG,Grape___Black_rot,11
data/PlantVillage-Dataset/raw/color/Grape___Black_rot/cfc3910b-fa97-46b3-9561-011ee6d1b164___FAM_B.Rot 0558.JPG,Grape___Black_rot,11
data/PlantVillage-Dataset/raw/color/Tomato___Late_blight/079f7695-a60e-4a35-a1f3-fbe71cf19126___GHLB2 Leaf 8783.JPG,Tomato___Late_blight,30
data/PlantVillage-Dataset/raw/color/Corn_(maize)___Common_rust_/RS_Rust 2064.JPG,Corn_(maize)___Common_rust_,8
data/PlantVillage-Dataset/raw/color/Grape___Esca_(Black_Measles)/8497f666-2c75-4e10-b7cc-fb1ca767b681___FAM_B.Msls 1279.JPG,Grape___Esca_(Black_Measles),12
data/PlantVillage-Dataset/raw/color/Tomato___Bacterial_spot/d42b50b2-4178-4b79-8d97-309587703ae0___GCREC_Bact.Sp 5756.JPG,Tomato___Bacterial_spot,28
data/PlantVillage-Dataset/raw/color/Potato___healthy/07dfb451-4378-49d1-b699-33a5fc49ff07___RS_HL 5399.JPG,Potato___healthy,22
data/PlantVillage-Dataset/raw/color/Strawberry___Leaf_scorch/aa6f0946-8281-41d0-b5c7-778fe456ff1f___RS_L.Scorch 1046.JPG,Strawberry___Leaf_scorch,26
data/PlantVillage-Dataset/raw/color/Tomato___Target_Spot/8201420e-f1d6-4ae1-9d30-4e63911f38cc___Com.G_TgS_FL 0788.JPG,Tomato___Target_Spot,34
data/PlantVillage-Dataset/raw/color/Tomato___Late_blight/57562e67-9700-477f-9a67-a3c0459fe00a___RS_Late.B 6292.JPG,Tomato___Late_blight,30
data/PlantVillage-Dataset/raw/color/Tomato___Late_blight/92abb825-be04-4ddd-a5d6-68b5c3900ba6___RS_Late.B 7128.JPG,Tomato___Late_blight,30
data/PlantVillage-Dataset/raw/color/Potato___healthy/4bbccfb6-5720-4c80-9b37-0c3ed8999c9f___RS_HL 1791.JPG,Potato___healthy,22
data/PlantVillage-Dataset/raw/color/Tomato___Late_blight/0a4b3cde-c83a-4c83-b037-010369738152___RS_Late.B 6985.JPG,Tomato___Late_blight,30
data/PlantVillage-Dataset/raw/color/Potato___Late_blight/919150bd-372b-44e0-a70e-a13e60dccbce___RS_LB 3263.JPG,Potato___Late_blight,21
data/PlantVillage-Dataset/raw/color/Corn_(maize)___Common_rust_/RS_Rust 2633.JPG,Corn_(maize)___Common_rust_,8
data/PlantVillage-Dataset/raw/color/Blueberry___healthy/d1c538f4-40fa-44a3-8efa-60397dc7cc20___RS_HL 4889.JPG,Blueberry___healthy,4
data/PlantVillage-Dataset/raw/color/Soybean___healthy/87f297e5-e427-46f4-ad6b-15e55460a04c___RS_HL 7459.JPG,Soybean___healthy,24
data/PlantVillage-Dataset/raw/color/Soybean___healthy/2f4d4bfd-27e7-401d-8cdf-92a34bc8da2c___RS_HL 6140.JPG,Soybean___healthy,24
data/PlantVillage-Dataset/raw/color/Corn_(maize)___Northern_Leaf_Blight/7e4e9a08-b9c5-46ec-b92b-ebd0cade32e3___RS_NLB 3942.JPG,Corn_(maize)___Northern_Leaf_Blight,9
data/PlantVillage-Dataset/raw/color/Corn_(maize)___Northern_Leaf_Blight/dd75c294-d976-4be5-8efc-889f8b00883f___RS_NLB 4030.JPG,Corn_(maize)___Northern_Leaf_Blight,9
data/PlantVillage-Dataset/raw/color/Potato___Late_blight/c101232e-6487-495c-ad3a-27cd1e5fb2b9___RS_LB 2573.JPG,Potato___Late_blight,21
data/PlantVillage-Dataset/raw/color/Grape___Esca_(Black_Measles)/7a1245c8-4a23-476a-8e7a-1d5dd9da5856___FAM_B.Msls 4477.JPG,Grape___Esca_(Black_Measles),12
data/PlantVillage-Dataset/raw/color/Tomato___Spider_mites Two-spotted_spider_mite/8d679bc8-b9a3-48eb-83e1-99eeace768e3___Com.G_SpM_FL 8486.JPG,Tomato___Spider_mites Two-spotted_spider_mite,33
data/PlantVillage-Dataset/raw/color/Squash___Powdery_mildew/583b5dea-7349-4320-a2ba-5fde5db4449d___UMD_Powd.M 0187.JPG,Squash___Powdery_mildew,25
data/PlantVillage-Dataset/raw/color/Peach___Bacterial_spot/2e53ece1-fd49-45cc-9d03-d9e086e49264___Rut._Bact.S 3377.JPG,Peach___Bacterial_spot,16
data/PlantVillage-Dataset/raw/color/Tomato___healthy/388aca21-8d73-460f-8f58-a876f294f98e___GH_HL Leaf 463.JPG,Tomato___healthy,37
data/PlantVillage-Dataset/raw/color/Apple___Cedar_apple_rust/5271addc-c445-4af1-ba68-318c7b509e1f___FREC_C.Rust 3585.JPG,Apple___Cedar_apple_rust,2
data/PlantVillage-Dataset/raw/color/Corn_(maize)___Northern_Leaf_Blight/d62e34ed-d8ff-4678-9534-fbcadfb91703___RS_NLB 3726.JPG,Corn_(maize)___Northern_Leaf_Blight,9
data/PlantVillage-Dataset/raw/color/Tomato___Leaf_Mold/f53d879a-6033-4317-8524-e108b10e7656___Crnl_L.Mold 7140.JPG,Tomato___Leaf_Mold,31
data/PlantVillage-Dataset/raw/color/Grape___Black_rot/94a7254a-c544-461e-8cc9-5b8392727b27___FAM_B.Rot 3045.JPG,Grape___Black_rot,11
data/PlantVillage-Dataset/raw/color/Tomato___Target_Spot/69d0f54b-059c-4a3a-97a9-43089e661cb0___Com.G_TgS_FL 9835.JPG,Tomato___Target_Spot,34
data/PlantVillage-Dataset/raw/color/Raspberry___healthy/5fa22136-3962-4a0b-a702-ff98cbb4c0ee___Mary_HL 6214.JPG,Raspberry___healthy,23
data/PlantVillage-Dataset/raw/color/Orange___Haunglongbing_(Citrus_greening)/762cc183-0e73-4e17-8566-12b0813988b7___CREC_HLB 6465.JPG,Orange___Haunglongbing_(Citrus_greening),15
data/PlantVillage-Dataset/raw/color/Strawberry___healthy/6e8627f0-d19e-46c2-876a-d36c5c57c25a___RS_HL 4503.JPG,Strawberry___healthy,27
data/PlantVillage-Dataset/raw/color/Tomato___Early_blight/669eda4d-aa2e-4d84-9146-c96b047eb70e___RS_Erly.B 6369.JPG,Tomato___Early_blight,29
data/PlantVillage-Dataset/raw/color/Tomato___Bacterial_spot/a27456ac-f18e-4d71-841b-a9efb26d5031___GCREC_Bact.Sp 5766.JPG,Tomato___Bacterial_spot,28
data/PlantVillage-Dataset/raw/color/Potato___healthy/bde33d08-678c-4f84-b80e-fcb986a9a446___RS_HL 5415.JPG,Potato___healthy,22
data/PlantVillage-Dataset/raw/color/Potato___Late_blight/939a9a98-cbc9-4b83-bb47-395f26d7fddd___RS_LB 4293.JPG,Potato___Late_blight,21
data/PlantVillage-Dataset/raw/color/Tomato___Bacterial_spot/86675a78-d635-447c-85c8-33c683d24092___GCREC_Bact.Sp 6058.JPG,Tomato___Bacterial_spot,28
data/PlantVillage-Dataset/raw/color/Grape___healthy/5367d0e4-7902-4dce-bfda-eeb0c9195873___Mt.N.V_HL 9092.JPG,Grape___healthy,14
data/PlantVillage-Dataset/raw/color/Apple___Cedar_apple_rust/4fe22d35-3e93-414a-83fc-1be230cec721___FREC_C.Rust 4424.JPG,Apple___Cedar_apple_rust,2
data/PlantVillage-Dataset/raw/color/Potato___healthy/51a03694-82cd-43a5-9877-ddce42c1a5ad___RS_HL 1779.JPG,Potato___healthy,22
data/PlantVillage-Dataset/raw/color/Potato___Late_blight/9c230647-02da-4948-9c52-dfc87bb1d34a___RS_LB 4593.JPG,Potato___Late_blight,21
data/PlantVillage-Dataset/raw/color/Apple___healthy/2b3fa6ff-a37a-497e-b122-5b29ae419bec___RS_HL 5979.JPG,Apple___healthy,3
data/PlantVillage-Dataset/raw/color/Tomato___Septoria_leaf_spot/39bc5eeb-9d3c-4b0b-8602-3e6c01ae9bd4___Matt.S_CG 0741.JPG,Tomato___Septoria_leaf_spot,32
data/PlantVillage-Dataset/raw/color/Grape___Leaf_blight_(Isariopsis_Leaf_Spot)/f3ddc97b-0978-4cff-b897-fa52f53bf458___FAM_L.Blight 1701.JPG,Grape___Leaf_blight_(Isariopsis_Leaf_Spot),13
data/PlantVillage-Dataset/raw/color/Corn_(maize)___Common_rust_/RS_Rust 2501.JPG,Corn_(maize)___Common_rust_,8
data/PlantVillage-Dataset/raw/color/Tomato___Target_Spot/c3666d86-6591-491d-ad36-41fcb5553a95___Com.G_TgS_FL 8195.JPG,Tomato___Target_Spot,34
data/PlantVillage-Dataset/raw/color/Tomato___Bacterial_spot/0e94696b-3e0d-4d4c-a712-01197e228cf1___UF.GRC_BS_Lab Leaf 8641.JPG,Tomato___Bacterial_spot,28
data/PlantVillage-Dataset/raw/color/Peach___healthy/eb22c943-98df-44c8-825d-ab436291b9ea___Rutg._HL 3725.JPG,Peach___healthy,17
data/PlantVillage-Dataset/raw/color/Peach___Bacterial_spot/9a3ca1ad-277e-430f-8fa7-a82d21d0aedb___Rut._Bact.S 1094.JPG,Peach___Bacterial_spot,16
data/PlantVillage-Dataset/raw/color/Corn_(maize)___Northern_Leaf_Blight/528ff748-bf1c-4b75-99ac-643c91a92fa7___RS_NLB 3970.JPG,Corn_(maize)___Northern_Leaf_Blight,9
data/PlantVillage-Dataset/raw/color/Apple___healthy/d2ccc66e-eedd-4a68-8b8b-d4b8018f6a56___RS_HL 5792.JPG,Apple___healthy,3
data/PlantVillage-Dataset/raw/color/Grape___Black_rot/15c4e53d-7eb2-4a69-8060-81bfd6ccc4a3___FAM_B.Rot 3610.JPG,Grape___Black_rot,11
data/PlantVillage-Dataset/raw/color/Strawberry___healthy/4f288160-7226-425e-afe7-826fb19af650___RS_HL 2043.JPG,Strawberry___healthy,27
data/PlantVillage-Dataset/raw/color/Strawberry___healthy/8c7b0f08-a935-47d6-8060-c4223c7c1be1___RS_HL 4801.JPG,Strawberry___healthy,27
data/PlantVillage-Dataset/raw/color/Cherry_(including_sour)___Powdery_mildew/1cc8262f-97fa-4259-9c87-d2abd7b284a2___FREC_Pwd.M 0443.JPG,Cherry_(including_sour)___Powdery_mildew,5
data/PlantVillage-Dataset/raw/color/Strawberry___Leaf_scorch/30e43c7d-0621-4827-8a3a-3ae771996f1e___RS_L.Scorch 9959.JPG,Strawberry___Leaf_scorch,26
data/PlantVillage-Dataset/raw/color/Orange___Haunglongbing_(Citrus_greening)/ca832e5b-1f6a-4ca8-9fe2-83b47fd59ea3___UF.Citrus_HLB_Lab 0992.JPG,Orange___Haunglongbing_(Citrus_greening),15
data/PlantVillage-Dataset/raw/color/Corn_(maize)___healthy/eea6fb7d-469e-446d-9383-92098c9f495b___R.S_HL 5511 copy 2.jpg,Corn_(maize)___healthy,10
data/PlantVillage-Dataset/raw/color/Cherry_(including_sour)___healthy/00a8e886-d172-4261-85e2-780b3c50ad4d___JR_HL 4156.JPG,Cherry_(including_sour)___healthy,6
data/PlantVillage-Dataset/raw/color/Strawberry___healthy/b37b7fa8-117a-43ae-ac02-d960195833a3___RS_HL 4492.JPG,Strawberry___healthy,27
data/PlantVillage-Dataset/raw/color/Tomato___Early_blight/47e03272-d314-4928-bf7c-eda3ba6e7371___RS_Erly.B 7380.JPG,Tomato___Early_blight,29
data/PlantVillage-Dataset/raw/color/Squash___Powdery_mildew/7e1acf6d-ca19-45eb-ada7-d7e3579edcd2___UMD_Powd.M 0422.JPG,Squash___Powdery_mildew,25
data/PlantVillage-Dataset/raw/color/Blueberry___healthy/8c03a43c-f29d-4630-9bc4-87f2f958e5a8___RS_HL 5027.JPG,Blueberry___healthy,4
data/PlantVillage-Dataset/raw/color/Apple___Black_rot/c418f9e9-92e8-46ce-ba41-50b0f9b45d38___JR_FrgE.S 8585.JPG,Apple___Black_rot,1
data/PlantVillage-Dataset/raw/color/Strawberry___Leaf_scorch/b357a25b-7f80-45e4-93b5-1c68c593e0f4___RS_L.Scorch 1029.JPG,Strawberry___Leaf_scorch,26
data/PlantVillage-Dataset/raw/color/Tomato___Septoria_leaf_spot/2e9928ec-5f57-4587-bbc3-18e30d2938e3___JR_Sept.L.S 8373.JPG,Tomato___Septoria_leaf_spot,32
data/PlantVillage-Dataset/raw/color/Corn_(maize)___Cercospora_leaf_spot Gray_leaf_spot/782d68b3-4619-4a4b-865f-7071d2552500___RS_GLSp 4593.JPG,Corn_(maize)___Cercospora_leaf_spot Gray_leaf_spot,7
data/PlantVillage-Dataset/raw/color/Potato___Early_blight/d8a8d6e5-d82d-4f7c-aac5-183e85549d9b___RS_Early.B 7799.JPG,Potato___Early_blight,20
data/PlantVillage-Dataset/raw/color/Cherry_(including_sour)___healthy/df2935bd-3e9b-4da1-8bba-5a449503f773___JR_HL 9508.JPG,Cherry_(including_sour)___healthy,6
data/PlantVillage-Dataset/raw/color/Tomato___Septoria_leaf_spot/fa477e80-af35-4ef8-b16b-78e0f884f737___Matt.S_CG 2715.JPG,Tomato___Septoria_leaf_spot,32
data/PlantVillage-Dataset/raw/color/Tomato___Tomato_Yellow_Leaf_Curl_Virus/9d91ea39-a652-4c2c-8eec-2ebbfa7dbd27___UF.GRC_YLCV_Lab 01695.JPG,Tomato___Tomato_Yellow_Leaf_Curl_Virus,35
data/PlantVillage-Dataset/raw/color/Grape___Black_rot/602b97d7-0319-4ca2-a8f1-91390a7489de___FAM_B.Rot 3530.JPG,Grape___Black_rot,11
data/PlantVillage-Dataset/raw/color/Tomato___Spider_mites Two-spotted_spider_mite/3b62abc2-b01e-4a47-bc67-fd677a3840fe___Com.G_SpM_FL 8787.JPG,Tomato___Spider_mites Two-spotted_spider_mite,33
data/PlantVillage-Dataset/raw/color/Peach___healthy/4c9e83c8-a4f9-4290-b701-5ef72d0a9576___Rutg._HL 2415.JPG,Peach___healthy,17
data/PlantVillage-Dataset/raw/color/Peach___healthy/351fa63d-34fc-4cfc-bfd0-437387c63973___Rutg._HL 3694.JPG,Peach___healthy,17
data/PlantVillage-Dataset/raw/color/Orange___Haunglongbing_(Citrus_greening)/f160e583-f8ed-4f0c-8379-92c04f62e40c___UF.Citrus_HLB_Lab 0287.JPG,Orange___Haunglongbing_(Citrus_greening),15
data/PlantVillage-Dataset/raw/color/Tomato___Target_Spot/78e5cdd7-6d20-4666-8483-6a101e0d3fc4___Com.G_TgS_FL 8266.JPG,Tomato___Target_Spot,34
data/PlantVillage-Dataset/raw/color/Cherry_(including_sour)___Powdery_mildew/cd5b2229-4131-4e14-a4e3-7b0194334707___FREC_Pwd.M 5162.JPG,Cherry_(including_sour)___Powdery_mildew,5
data/PlantVillage-Dataset/raw/color/Peach___Bacterial_spot/a4753dc0-171f-471a-b28f-70fc1840a9f7___Rutg._Bact.S 2381.JPG,Peach___Bacterial_spot,16
data/PlantVillage-Dataset/raw/color/Apple___Black_rot/fc7d3fc0-1b3c-4865-adee-3670870ec4c3___JR_FrgE.S 2913.JPG,Apple___Black_rot,1
data/PlantVillage-Dataset/raw/color/Potato___healthy/58a98860-86d8-41e7-9f8c-cc2ca5e90012___RS_HL 1758.JPG,Potato___healthy,22
data/PlantVillage-Dataset/raw/color/Apple___Apple_scab/e2746374-a734-4d96-9dc8-503fbd35effa___FREC_Scab 2979.JPG,Apple___Apple_scab,0
data/PlantVillage-Dataset/raw/color/Corn_(maize)___healthy/9a23af0b-d4ca-4be2-a6cb-8e21af0feb70___R.S_HL 8236 copy 2.jpg,Corn_(maize)___healthy,10
data/PlantVillage-Dataset/raw/color/Cherry_(including_sour)___Powdery_mildew/5eb34cce-2329-4c58-a86c-e69e79161a7b___FREC_Pwd.M 4939.JPG,Cherry_(including_sour)___Powdery_mildew,5
data/PlantVillage-Dataset/raw/color/Tomato___Tomato_Yellow_Leaf_Curl_Virus/04d1d26d-181b-4f7a-b586-44aefe1c9af9___YLCV_NREC 0286.JPG,Tomato___Tomato_Yellow_Leaf_Curl_Virus,35
data/PlantVillage-Dataset/raw/color/Tomato___Target_Spot/f62e640e-bf10-4630-b8d7-996ff2fd58b7___Com.G_TgS_FL 9827.JPG,Tomato___Target_Spot,34
data/PlantVillage-Dataset/raw/color/Grape___Black_rot/aef908db-af00-4502-b3d7-bffd1c77b0f5___FAM_B.Rot 5071.JPG,Grape___Black_rot,11
data/PlantVillage-Dataset/raw/color/Soybean___healthy/d6498a4d-1725-4a1b-b327-5e89fa566b94___RS_HL 5637 1.JPG,Soybean___healthy,24
data/PlantVillage-Dataset/raw/color/Tomato___Spider_mites Two-spotted_spider_mite/ece69769-eef6-41b8-9dd3-637ca99044ef___Com.G_SpM_FL 1224.JPG,Tomato___Spider_mites Two-spotted_spider_mite,33
data/PlantVillage-Dataset/raw/color/Potato___healthy/00fc2ee5-729f-4757-8aeb-65c3355874f2___RS_HL 1864.JPG,Potato___healthy,22
data/PlantVillage-Dataset/raw/color/Corn_(maize)___healthy/4ea4d667-2e5d-4440-83ee-5b0d68217272___R.S_HL 0651 copy 3.jpg,Corn_(maize)___healthy,10
data/PlantVillage-Dataset/raw/color/Corn_(maize)___Northern_Leaf_Blight/1120da51-a165-47bc-b982-2a054f15186c___RS_NLB 3734.JPG,Corn_(maize)___Northern_Leaf_Blight,9
data/PlantVillage-Dataset/raw/color/Blueberry___healthy/0db48db7-bbff-4b44-9bad-717610f2e10c___RS_HL 2407.JPG,Blueberry___healthy,4
data/PlantVillage-Dataset/raw/color/Tomato___Tomato_mosaic_virus/1ccfd473-6b3d-47a9-897b-0653d7683d75___PSU_CG 2163.JPG,Tomato___Tomato_mosaic_virus,36
data/PlantVillage-Dataset/raw/color/Tomato___Septoria_leaf_spot/1f51fffd-4e03-4aca-be68-d78e12538d50___Matt.S_CG 7451.JPG,Tomato___Septoria_leaf_spot,32
data/PlantVillage-Dataset/raw/color/Apple___Apple_scab/7e64fdef-9cb7-40ed-9f40-f3c97d6e0e8a___FREC_Scab 3536.JPG,Apple___Apple_scab,0
data/PlantVillage-Dataset/raw/color/Corn_(maize)___Northern_Leaf_Blight/bd00b453-4675-428d-ad49-ade22d21ae9d___RS_NLB 3787.JPG,Corn_(maize)___Northern_Leaf_Blight,9
data/PlantVillage-Dataset/raw/color/Cherry_(including_sour)___Powdery_mildew/22e84a9b-127f-440a-81eb-620c907c6166___FREC_Pwd.M 0363.JPG,Cherry_(including_sour)___Powdery_mildew,5
data/PlantVillage-Dataset/raw/color/Corn_(maize)___healthy/5f4e7326-54e9-4aa4-beac-7fce5b4ff97e___R.S_HL 8197 copy 2.jpg,Corn_(maize)___healthy,10
data/PlantVillage-Dataset/raw/color/Corn_(maize)___Common_rust_/RS_Rust 1939.JPG,Corn_(maize)___Common_rust_,8
data/PlantVillage-Dataset/raw/color/Strawberry___Leaf_scorch/7dd6c396-e69d-4aa2-ac3e-8608c9d3f8fe___RS_L.Scorch 1198.JPG,Strawberry___Leaf_scorch,26
data/PlantVillage-Dataset/raw/color/Soybean___healthy/900dd919-0cd2-4fc8-98e7-d414bd1482f9___RS_HL 5604.JPG,Soybean___healthy,24
data/PlantVillage-Dataset/raw/color/Cherry_(including_sour)___Powdery_mildew/eada22e6-434b-4a9b-9d7c-7f6d298677c9___FREC_Pwd.M 5059.JPG,Cherry_(including_sour)___Powdery_mildew,5
data/PlantVillage-Dataset/raw/color/Peach___Bacterial_spot/d956ea20-a1b5-4257-b00f-3834875a92e0___Rut._Bact.S 1335.JPG,Peach___Bacterial_spot,16
data/PlantVillage-Dataset/raw/color/Tomato___Tomato_mosaic_virus/a409fdf6-263d-4160-b007-52e531010def___PSU_CG 2291.JPG,Tomato___Tomato_mosaic_virus,36
data/PlantVillage-Dataset/raw/color/Tomato___Tomato_mosaic_virus/54355f0e-7332-4990-b96e-fbff2637f5b7___PSU_CG 2245.JPG,Tomato___Tomato_mosaic_virus,36
data/PlantVillage-Dataset/raw/color/Potato___Late_blight/465669d7-b75c-4aab-8ccc-af3566baf2e3___RS_LB 4985.JPG,Potato___Late_blight,21
data/PlantVillage-Dataset/raw/color/Corn_(maize)___healthy/9faacf6a-f638-435a-8994-f1418b332199___R.S_HL 8102 copy 2.jpg,Corn_(maize)___healthy,10
data/PlantVillage-Dataset/raw/color/Tomato___Target_Spot/098d910d-90dd-45c4-9949-dd7b181aed32___Com.G_TgS_FL 0651.JPG,Tomato___Target_Spot,34
data/PlantVillage-Dataset/raw/color/Apple___Black_rot/40780a98-eb5f-4de6-bbf8-bc89b7fb0825___JR_FrgE.S 8764.JPG,Apple___Black_rot,1
data/PlantVillage-Dataset/raw/color/Apple___Cedar_apple_rust/dec47754-abfe-496b-a310-47d1fbb077ba___FREC_C.Rust 9910.JPG,Apple___Cedar_apple_rust,2
data/PlantVillage-Dataset/raw/color/Grape___Leaf_blight_(Isariopsis_Leaf_Spot)/d4d89134-8ba7-4070-9dbe-4fc2752bbb8b___FAM_L.Blight 0799.JPG,Grape___Leaf_blight_(Isariopsis_Leaf_Spot),13
data/PlantVillage-Dataset/raw/color/Potato___Early_blight/f0b444a4-ddd7-4286-8a80-423f7e71c526___RS_Early.B 8753.JPG,Potato___Early_blight,20
data/PlantVillage-Dataset/raw/color/Grape___Black_rot/52f0c3c4-e53e-4c49-afd1-471d9d12ac71___FAM_B.Rot 0345.JPG,Grape___Black_rot,11
data/PlantVillage-Dataset/raw/color/Squash___Powdery_mildew/f4abdc27-297e-4a89-9f0a-81721cac68b5___UMD_Powd.M 9913.JPG,Squash___Powdery_mildew,25
data/PlantVillage-Dataset/raw/color/Tomato___Late_blight/97cb14c0-e0e6-4acb-b387-583e12cdc859___RS_Late.B 4860.JPG,Tomato___Late_blight,30
data/PlantVillage-Dataset/raw/color/Apple___Black_rot/a2d0df69-e2ee-4b7b-8b48-051027a83258___JR_FrgE.S 2936.JPG,Apple___Black_rot,1
data/PlantVillage-Dataset/raw/color/Blueberry___healthy/e2ade170-eefe-4fae-b34a-633d91817291___RS_HL 0448.JPG,Blueberry___healthy,4
data/PlantVillage-Dataset/raw/color/Tomato___Septoria_leaf_spot/fce4cdc2-400f-4afc-ac78-147a63ab43f1___Matt.S_CG 7596.JPG,Tomato___Septoria_leaf_spot,32
data/PlantVillage-Dataset/raw/color/Blueberry___healthy/39a6957f-2837-4a39-bb60-a8a3c155290f___RS_HL 5099.JPG,Blueberry___healthy,4
data/PlantVillage-Dataset/raw/color/Grape___Esca_(Black_Measles)/70bc78b7-f512-4e4e-b3e3-b9aaf357e947___FAM_B.Msls 3793.JPG,Grape___Esca_(Black_Measles),12
data/PlantVillage-Dataset/raw/color/Tomato___Target_Spot/6c750a22-e196-4476-a5da-f4eeab43d9b0___Com.G_TgS_FL 8052.JPG,Tomato___Target_Spot,34
data/PlantVillage-Dataset/raw/color/Peach___Bacterial_spot/69a76fb5-ab30-4630-8104-d99e5d9967d1___Rut._Bact.S 1033.JPG,Peach___Bacterial_spot,16
data/PlantVillage-Dataset/raw/color/Squash___Powdery_mildew/7058da21-7668-4f92-8130-22161d7366a9___UMD_Powd.M 0293.JPG,Squash___Powdery_mildew,25
data/PlantVillage-Dataset/raw/color/Corn_(maize)___Northern_Leaf_Blight/67a78d0c-6fc8-423f-a50d-ca3f3ca386bd___RS_NLB 4238.JPG,Corn_(maize)___Northern_Leaf_Blight,9
data/PlantVillage-Dataset/raw/color/Tomato___Spider_mites Two-spotted_spider_mite/84b6b69d-ee36-474a-a2aa-dbec01a5c009___Com.G_SpM_FL 1493.JPG,Tomato___Spider_mites Two-spotted_spider_mite,33
data/PlantVillage-Dataset/raw/color/Strawberry___Leaf_scorch/e64b685a-2b5f-4bcf-afb5-284a972c90d5___RS_L.Scorch 0073.JPG,Strawberry___Leaf_scorch,26
"data/PlantVillage-Dataset/raw/color/Pepper,_bell___healthy/4fa781ca-8ec1-4446-82a6-c97751f91f71___JR_HL 8279.JPG","Pepper,_bell___healthy",19
data/PlantVillage-Dataset/raw/color/Tomato___Spider_mites Two-spotted_spider_mite/931bb6c8-e235-440e-978c-7fed1d57926e___Com.G_SpM_FL 8421.JPG,Tomato___Spider_mites Two-spotted_spider_mite,33
data/PlantVillage-Dataset/raw/color/Corn_(maize)___Northern_Leaf_Blight/d413b5ce-75a2-4e7a-977a-72318cdbf476___RS_NLB 3668.JPG,Corn_(maize)___Northern_Leaf_Blight,9
data/PlantVillage-Dataset/raw/color/Corn_(maize)___Northern_Leaf_Blight/787cbc30-5598-46f4-b757-a9d65f0d5803___RS_NLB 3972.JPG,Corn_(maize)___Northern_Leaf_Blight,9
data/PlantVillage-Dataset/raw/color/Potato___healthy/03da9931-e514-4cc7-b04a-8f474a133ce5___RS_HL 1830.JPG,Potato___healthy,22
data/PlantVillage-Dataset/raw/color/Soybean___healthy/929401a0-bc1c-4ad7-97c7-76ded9a9f46a___RS_HL 3876.JPG,Soybean___healthy,24
data/PlantVillage-Dataset/raw/color/Tomato___Septoria_leaf_spot/eb02f238-fac6-434a-8e56-19b956d99688___Matt.S_CG 6191.JPG,Tomato___Septoria_leaf_spot,32
"data/PlantVillage-Dataset/raw/color/Pepper,_bell___healthy/a88c2d89-062f-45bb-9388-4cea9920132b___JR_HL 7939.JPG","Pepper,_bell___healthy",19
data/PlantVillage-Dataset/raw/color/Strawberry___healthy/67db4fa4-922e-47f8-bf79-7dbb87adf47b___RS_HL 1986.JPG,Strawberry___healthy,27
data/PlantVillage-Dataset/raw/color/Tomato___healthy/0aacdad5-c9b9-4309-96e3-0797bbed1375___RS_HL 9836.JPG,Tomato___healthy,37
data/PlantVillage-Dataset/raw/color/Tomato___Early_blight/10c1d7a4-bd14-4961-9b96-c7047589eccd___RS_Erly.B 7552.JPG,Tomato___Early_blight,29
data/PlantVillage-Dataset/raw/color/Tomato___Target_Spot/c5ff5e20-be6d-435e-b2dc-2fa90a200077___Com.G_TgS_FL 8034.JPG,Tomato___Target_Spot,34
"data/PlantVillage-Dataset/raw/color/Pepper,_bell___healthy/a2c7c2b1-bd51-40c7-9a2c-05a91a261191___JR_HL 8287.JPG","Pepper,_bell___healthy",19
data/PlantVillage-Dataset/raw/color/Apple___Apple_scab/6fb62aa7-c3d4-457a-b95d-a8b3102cccd8___FREC_Scab 3005.JPG,Apple___Apple_scab,0
data/PlantVillage-Dataset/raw/color/Tomato___Late_blight/74bfd410-bb0e-4cf1-8dfe-466385f6d522___RS_Late.B 5355.JPG,Tomato___Late_blight,30
data/PlantVillage-Dataset/raw/color/Grape___Leaf_blight_(Isariopsis_Leaf_Spot)/28d02209-b7f5-4404-b083-54c359c99022___FAM_L.Blight 1708.JPG,Grape___Leaf_blight_(Isariopsis_Leaf_Spot),13
data/PlantVillage-Dataset/raw/color/Tomato___Septoria_leaf_spot/5feacc6a-587b-47e0-97cc-91fa25a0087b___JR_Sept.L.S 2685.JPG,Tomato___Septoria_leaf_spot,32
data/PlantVillage-Dataset/raw/color/Strawberry___healthy/65880698-1582-43e9-86c4-3dfcea34ee8d___RS_HL 1654.JPG,Strawberry___healthy,27
data/PlantVillage-Dataset/raw/color/Peach___healthy/987e0ba5-46c4-45ff-bf11-4553365e217c___Rutg._HL 3703.JPG,Peach___healthy,17
data/PlantVillage-Dataset/raw/color/Tomato___Bacterial_spot/58e691ec-b8e5-4845-8de1-4254a7d9f62c___GCREC_Bact.Sp 3450.JPG,Tomato___Bacterial_spot,28
data/PlantVillage-Dataset/raw/color/Blueberry___healthy/df85604d-7f00-4205-80c5-2b0ce65391de___RS_HL 0699.JPG,Blueberry___healthy,4
data/PlantVillage-Dataset/raw/color/Tomato___Early_blight/93296d31-4bc2-4998-adce-ec243e940152___RS_Erly.B 7410.JPG,Tomato___Early_blight,29
data/PlantVillage-Dataset/raw/color/Orange___Haunglongbing_(Citrus_greening)/881ed942-e2d1-4913-a6e5-b42e9548b336___CREC_HLB 4818.JPG,Orange___Haunglongbing_(Citrus_greening),15
data/PlantVillage-Dataset/raw/color/Strawberry___healthy/2acb16d1-598e-4ee1-9b54-eecfba7d4fc3___RS_HL 1754.JPG,Strawberry___healthy,27
data/PlantVillage-Dataset/raw/color/Grape___healthy/215c8317-c0ca-4b35-9ac2-28e01712e367___Mt.N.V_HL 8914.JPG,Grape___healthy,14
data/PlantVillage-Dataset/raw/color/Cherry_(including_sour)___Powdery_mildew/94b1d6ee-1dce-413a-beb9-23e024d5cf11___FREC_Pwd.M 4760.JPG,Cherry_(including_sour)___Powdery_mildew,5
data/PlantVillage-Dataset/raw/color/Tomato___Leaf_Mold/077218cb-00b9-4bdf-b091-108a42c7a601___Crnl_L.Mold 7118.JPG,Tomato___Leaf_Mold,31
data/PlantVillage-Dataset/raw/color/Cherry_(including_sour)___healthy/a02b4505-3eca-4e10-bed7-4988f600ac27___JR_HL 9769.JPG,Cherry_(including_sour)___healthy,6
"data/PlantVillage-Dataset/raw/color/Pepper,_bell___Bacterial_spot/b36819f5-6791-44da-96ac-b89069921af6___JR_B.Spot 3130.JPG","Pepper,_bell___Bacterial_spot",18
"data/PlantVillage-Dataset/raw/color/Pepper,_bell___Bacterial_spot/7cff0c53-dc4b-4d5f-ade4-0fb2177c3ccb___NREC_B.Spot 9079.JPG","Pepper,_bell___Bacterial_spot",18
data/PlantVillage-Dataset/raw/color/Apple___Cedar_apple_rust/0fbdccdc-fb96-475a-92bb-65734592c895___FREC_C.Rust 3619.JPG,Apple___Cedar_apple_rust,2
data/PlantVillage-Dataset/raw/color/Peach___Bacterial_spot/0acacb6e-3517-4277-ab89-2cd9636d8b45___Rutg._Bact.S 1442.JPG,Peach___Bacterial_spot,16
"data/PlantVillage-Dataset/raw/color/Pepper,_bell___Bacterial_spot/d1bb4d5f-d369-4169-bc0e-9850b7f6565a___JR_B.Spot 8916.JPG","Pepper,_bell___Bacterial_spot",18
data/PlantVillage-Dataset/raw/color/Apple___healthy/6b106a6f-b47f-40a3-8825-f7bfea6163d7___RS_HL 7905.JPG,Apple___healthy,3
data/PlantVillage-Dataset/raw/color/Tomato___Late_blight/ce6a5c52-75d4-4d81-8d7e-3ece1c7812f3___GHLB2 Leaf 8872.JPG,Tomato___Late_blight,30
data/PlantVillage-Dataset/raw/color/Tomato___Spider_mites Two-spotted_spider_mite/af792df7-cfe0-41cc-bb9c-54500e894222___Com.G_SpM_FL 9518.JPG,Tomato___Spider_mites Two-spotted_spider_mite,33
data/PlantVillage-Dataset/raw/color/Tomato___Leaf_Mold/8d454ea5-0954-4098-89af-c7f373c5d3e2___Crnl_L.Mold 9070.JPG,Tomato___Leaf_Mold,31
data/PlantVillage-Dataset/raw/color/Apple___Black_rot/5ac53fe2-9869-498b-b13c-fe8b3a5933b1___JR_FrgE.S 8678.JPG,Apple___Black_rot,1
"data/PlantVillage-Dataset/raw/color/Pepper,_bell___healthy/ac622215-8fc3-4ee8-82d5-f07620016c84___JR_HL 8424.JPG","Pepper,_bell___healthy",19
data/PlantVillage-Dataset/raw/color/Tomato___Septoria_leaf_spot/8ddb1dc4-2a3b-47d1-aff4-53272713f514___JR_Sept.L.S 2603.JPG,Tomato___Septoria_leaf_spot,32
data/PlantVillage-Dataset/raw/color/Strawberry___Leaf_scorch/752d3a4c-a828-43ed-8256-28586b1fc0b9___RS_L.Scorch 1200.JPG,Strawberry___Leaf_scorch,26
data/PlantVillage-Dataset/raw/color/Corn_(maize)___healthy/9e5babf1-042a-4272-aa78-c29f30041a47___R.S_HL 7910 copy 2.jpg,Corn_(maize)___healthy,10
data/PlantVillage-Dataset/raw/color/Peach___Bacterial_spot/c3a01e69-bd52-4db2-8f1f-513c01933680___Rutg._Bact.S 2112.JPG,Peach___Bacterial_spot,16
data/PlantVillage-Dataset/raw/color/Potato___healthy/2dee1571-ef6b-40ef-8c46-334e89aad3f1___RS_HL 1950.JPG,Potato___healthy,22
data/PlantVillage-Dataset/raw/color/Tomato___Bacterial_spot/c838ca76-4670-44ef-b936-2eb00e249f52___GCREC_Bact.Sp 6370.JPG,Tomato___Bacterial_spot,28
data/PlantVillage-Dataset/raw/color/Tomato___Target_Spot/4923e26b-1dbd-44eb-b2b8-d68a8c323376___Com.G_TgS_FL 1055.JPG,Tomato___Target_Spot,34
data/PlantVillage-Dataset/raw/color/Grape___Esca_(Black_Measles)/d30c83d7-b554-48e7-9c50-d7d844b409d4___FAM_B.Msls 4005.JPG,Grape___Esca_(Black_Measles),12
"data/PlantVillage-Dataset/raw/color/Pepper,_bell___Bacterial_spot/6e789f9f-96b0-4221-9755-a75ca579def7___NREC_B.Spot 1795.JPG","Pepper,_bell___Bacterial_spot",18
data/PlantVillage-Dataset/raw/color/Apple___Black_rot/888c8b6e-55cb-4492-b489-22f3624f1c39___JR_FrgE.S 8765.JPG,Apple___Black_rot,1
data/PlantVillage-Dataset/raw/color/Grape___healthy/2b4a92e2-a039-45eb-ad1a-ee9914dfeefe___Mt.N.V_HL 6177.JPG,Grape___healthy,14
data/PlantVillage-Dataset/raw/color/Grape___Black_rot/89db9e1c-2cb5-4ccd-b50a-f78dc007c380___FAM_B.Rot 3043.JPG,Grape___Black_rot,11
data/PlantVillage-Dataset/raw/color/Tomato___Tomato_mosaic_virus/69726f1b-4d1c-4647-aef2-090e57246501___PSU_CG 2131.JPG,Tomato___Tomato_mosaic_virus,36
data/PlantVillage-Dataset/raw/color/Grape___healthy/cad08b01-b03c-4bee-a786-a6118ec09c37___Mt.N.V_HL 6081.JPG,Grape___healthy,14
data/PlantVillage-Dataset/raw/color/Corn_(maize)___Cercospora_leaf_spot Gray_leaf_spot/1836cc95-03e5-4430-8cc1-cca482b94a0d___RS_GLSp 4289 copy.jpg,Corn_(maize)___Cercospora_leaf_spot Gray_leaf_spot,7
data/PlantVillage-Dataset/raw/color/Tomato___Leaf_Mold/6f733647-eb00-45d7-91a9-0845c1613d80___Crnl_L.Mold 7049.JPG,Tomato___Leaf_Mold,31
data/PlantVillage-Dataset/raw/color/Strawberry___healthy/4a11d51c-32a7-41b1-b089-8caf4c467b02___RS_HL 4815.JPG,Strawberry___healthy,27
data/PlantVillage-Dataset/raw/color/Orange___Haunglongbing_(Citrus_greening)/e8dca555-432c-4952-8146-4976ebacd4a5___CREC_HLB 4076.JPG,Orange___Haunglongbing_(Citrus_greening),15
data/PlantVillage-Dataset/raw/color/Tomato___Target_Spot/a0e8952d-0818-458c-8e23-05c06f66e120___Com.G_TgS_FL 7873.JPG,Tomato___Target_Spot,34
data/PlantVillage-Dataset/raw/color/Tomato___Tomato_Yellow_Leaf_Curl_Virus/0af20242-8776-44c3-80fd-32dedaa1609f___UF.GRC_YLCV_Lab 02985.JPG,Tomato___Tomato_Yellow_Leaf_Curl_Virus,35
data/PlantVillage-Dataset/raw/color/Corn_(maize)___Common_rust_/RS_Rust 2399.JPG,Corn_(maize)___Common_rust_,8
data/PlantVillage-Dataset/raw/color/Soybean___healthy/c5888bec-5f09-4512-b88e-ff29c4c530b5___RS_HL 6939.JPG,Soybean___healthy,24
data/PlantVillage-Dataset/raw/color/Tomato___Early_blight/fe79c70c-0977-43f3-ad1b-3a1b4bceeceb___RS_Erly.B 7506.JPG,Tomato___Early_blight,29
data/PlantVillage-Dataset/raw/color/Potato___Late_blight/1c207156-339d-4ec9-9153-9edb3bc95b5f___RS_LB 4833.JPG,Potato___Late_blight,21
data/PlantVillage-Dataset/raw/color/Tomato___Septoria_leaf_spot/6e62204d-cfcf-4b46-8889-b98fc1821b47___Keller.St_CG 1872.JPG,Tomato___Septoria_leaf_spot,32
data/PlantVillage-Dataset/raw/color/Apple___Cedar_apple_rust/0340baaa-e9cc-4c04-8f9b-c204180d9ae3___FREC_C.Rust 3805.JPG,Apple___Cedar_apple_rust,2
data/PlantVillage-Dataset/raw/color/Grape___healthy/c7eee9a0-9a46-448f-a59a-9385132c979b___Mt.N.V_HL 9075.JPG,Grape___healthy,14
data/PlantVillage-Dataset/raw/color/Apple___Apple_scab/91decba3-10b0-4d3e-974c-bcc7729e867d___FREC_Scab 3527.JPG,Apple___Apple_scab,0
data/PlantVillage-Dataset/raw/color/Grape___healthy/61c91bc6-ac97-4427-9691-f2015b1c0453___Mt.N.V_HL 9076.JPG,Grape___healthy,14
data/PlantVillage-Dataset/raw/color/Tomato___Tomato_Yellow_Leaf_Curl_Virus/1b80b934-9b73-4c3b-8306-8058b59e766b___YLCV_GCREC 2027.JPG,Tomato___Tomato_Yellow_Leaf_Curl_Virus,35
data/PlantVillage-Dataset/raw/color/Tomato___Septoria_leaf_spot/40b13cf8-a4ca-4d0b-9e76-6f40f38ea063___Matt.S_CG 0773.JPG,Tomato___Septoria_leaf_spot,32
data/PlantVillage-Dataset/raw/color/Apple___Apple_scab/1f98b949-4df2-45cf-8572-3b4a753be21a___FREC_Scab 2907.JPG,Apple___Apple_scab,0
data/PlantVillage-Dataset/raw/color/Orange___Haunglongbing_(Citrus_greening)/7a982c04-7072-4185-9834-0b74cd82a2b7___CREC_HLB 4936.JPG,Orange___Haunglongbing_(Citrus_greening),15
data/PlantVillage-Dataset/raw/color/Squash___Powdery_mildew/3162db9e-8b36-4685-85d2-ec6672398b54___UMD_Powd.M 0208.JPG,Squash___Powdery_mildew,25
data/PlantVillage-Dataset/raw/color/Potato___Early_blight/3ef2279b-2fda-463a-b007-e2a93ff977f0___RS_Early.B 7235.JPG,Potato___Early_blight,20
data/PlantVillage-Dataset/raw/color/Potato___healthy/a3ec91aa-8503-4711-a912-0d1427e25686___RS_HL 5409.JPG,Potato___healthy,22
data/PlantVillage-Dataset/raw/color/Tomato___Late_blight/385e730c-e1f9-4f46-b8b0-42bfa13866d7___RS_Late.B 4965.JPG,Tomato___Late_blight,30
data/PlantVillage-Dataset/raw/color/Potato___Early_blight/879d0dfe-d17d-486a-992c-d80089133c50___RS_Early.B 7428.JPG,Potato___Early_blight,20
data/PlantVillage-Dataset/raw/color/Apple___Cedar_apple_rust/70190de6-c93f-4b1e-9c6d-19b0b424f42f___FREC_C.Rust 4315.JPG,Apple___Cedar_apple_rust,2
data/PlantVillage-Dataset/raw/color/Tomato___Spider_mites Two-spotted_spider_mite/4a3af292-7433-414b-bda0-0398a3b782fb___Com.G_SpM_FL 8953.JPG,Tomato___Spider_mites Two-spotted_spider_mite,33
data/PlantVillage-Dataset/raw/color/Soybean___healthy/f5bf91b8-1f1b-4830-a50c-3978c9089863___RS_HL 4535.JPG,Soybean___healthy,24
data/PlantVillage-Dataset/raw/color/Tomato___Tomato_mosaic_virus/f5d2043f-a274-431f-accc-1a3e1a7df172___PSU_CG 2400.JPG,Tomato___Tomato_mosaic_virus,36
data/PlantVillage-Dataset/raw/color/Tomato___healthy/e2f520b1-ac21-445b-9a3f-cb6e506e3044___RS_HL 0381.JPG,Tomato___healthy,37
data/PlantVillage-Dataset/raw/color/Cherry_(including_sour)___healthy/443dc8a7-e035-40b3-8e5e-e23798d4817d___JR_HL 9874.JPG,Cherry_(including_sour)___healthy,6
data/PlantVillage-Dataset/raw/color/Grape___Leaf_blight_(Isariopsis_Leaf_Spot)/3286281c-4090-49b9-a22c-a78ed57986cf___FAM_L.Blight 1501.JPG,Grape___Leaf_blight_(Isariopsis_Leaf_Spot),13
data/PlantVillage-Dataset/raw/color/Squash___Powdery_mildew/f807fc96-d8f6-45ae-b713-cb5c18fcf0dd___MD_Powd.M 0135.JPG,Squash___Powdery_mildew,25
data/PlantVillage-Dataset/raw/color/Potato___healthy/b42621c3-f751-46e1-a8d2-83ed85b90554___RS_HL 1740.JPG,Potato___healthy,22
data/PlantVillage-Dataset/raw/color/Potato___healthy/907f26b7-a14f-463f-a41e-f35d6e0f1417___RS_HL 1757.JPG,Potato___healthy,22
data/PlantVillage-Dataset/raw/color/Grape___Leaf_blight_(Isariopsis_Leaf_Spot)/ddf56736-b01a-45bd-90d8-04c8713b6dbe___FAM_L.Blight 1389.JPG,Grape___Leaf_blight_(Isariopsis_Leaf_Spot),13
data/PlantVillage-Dataset/raw/color/Corn_(maize)___healthy/8585131c-7e29-4631-9eca-086f591dc43a___R.S_HL 8276 copy 2.jpg,Corn_(maize)___healthy,10
data/PlantVillage-Dataset/raw/color/Tomato___Spider_mites Two-spotted_spider_mite/e1b32a63-c580-47e4-a2e9-d08d32923d9d___Com.G_SpM_FL 8420.JPG,Tomato___Spider_mites Two-spotted_spider_mite,33
data/PlantVillage-Dataset/raw/color/Cherry_(including_sour)___healthy/fe976376-e7b0-4052-831d-86e7c7a85c03___JR_HL 4141.JPG,Cherry_(including_sour)___healthy,6
data/PlantVillage-Dataset/raw/color/Blueberry___healthy/7ded49cf-7678-412a-9388-d67074c6f446___RS_HL 4944.JPG,Blueberry___healthy,4
data/PlantVillage-Dataset/raw/color/Cherry_(including_sour)___healthy/601299ca-bbd1-4c0d-b9a5-f70a03803729___JR_HL 9713.JPG,Cherry_(including_sour)___healthy,6
data/PlantVillage-Dataset/raw/color/Grape___Esca_(Black_Measles)/9cc753d0-835b-4ff1-8b91-24598b6a39df___FAM_B.Msls 1046.JPG,Grape___Esca_(Black_Measles),12
data/PlantVillage-Dataset/raw/color/Tomato___healthy/973bc347-b335-4333-8536-82db4a41fa6c___RS_HL 0142.JPG,Tomato___healthy,37
data/PlantVillage-Dataset/raw/color/Grape___healthy/0ce12a10-c6ff-494e-a927-5ddc809c707a___Mt.N.V_HL 8945.JPG,Grape___healthy,14
data/PlantVillage-Dataset/raw/color/Tomato___Tomato_Yellow_Leaf_Curl_Virus/0b3c0bd6-c379-483e-a340-f592056e8c69___YLCV_NREC 2764.JPG,Tomato___Tomato_Yellow_Leaf_Curl_Virus,35
data/PlantVillage-Dataset/raw/color/Corn_(maize)___Cercospora_leaf_spot Gray_leaf_spot/0140764c-6157-4995-9ada-9c10b81af3b8___RS_GLSp 4378.JPG,Corn_(maize)___Cercospora_leaf_spot Gray_leaf_spot,7
data/PlantVillage-Dataset/raw/color/Peach___healthy/eb1ea7cf-1cf2-460a-9a68-d97f1b6ccca0___Rutg._HL 3748.JPG,Peach___healthy,17
data/PlantVillage-Dataset/raw/color/Tomato___Septoria_leaf_spot/c1b84438-4e69-4366-b5be-ecb64351e836___JR_Sept.L.S 8441.JPG,Tomato___Septoria_leaf_spot,32
data/PlantVillage-Dataset/raw/color/Squash___Powdery_mildew/51f31827-bfd0-43c3-8c1d-dea99025546d___MD_Powd.M 0523.JPG,Squash___Powdery_mildew,25
data/PlantVillage-Dataset/raw/color/Tomato___Target_Spot/d7b1af5a-c818-4ab0-afde-b67124b21f63___Com.G_TgS_FL 0973.JPG,Tomato___Target_Spot,34
"data/PlantVillage-Dataset/raw/color/Pepper,_bell___Bacterial_spot/a7ae874f-138c-4996-949b-f6ba3d4bc1b0___NREC_B.Spot 1959.JPG","Pepper,_bell___Bacterial_spot",18
data/PlantVillage-Dataset/raw/color/Tomato___Tomato_Yellow_Leaf_Curl_Virus/11b71e53-8d68-4b37-8b71-3a83e7961f1e___YLCV_NREC 2645.JPG,Tomato___Tomato_Yellow_Leaf_Curl_Virus,35
data/PlantVillage-Dataset/raw/color/Blueberry___healthy/8660d440-2f8a-4822-8a7a-af4a38f31f68___RS_HL 5210.JPG,Blueberry___healthy,4
data/PlantVillage-Dataset/raw/color/Orange___Haunglongbing_(Citrus_greening)/cd649cc9-569e-4a24-8ebb-ef9372921a05___CREC_HLB 4560.JPG,Orange___Haunglongbing_(Citrus_greening),15
data/PlantVillage-Dataset/raw/color/Grape___Black_rot/de5b642b-8598-4827-b9bd-b528fa031b96___FAM_B.Rot 3499.JPG,Grape___Black_rot,11
data/PlantVillage-Dataset/raw/color/Grape___Leaf_blight_(Isariopsis_Leaf_Spot)/bb5185be-3f35-4d1c-95a9-70e0486948f9___FAM_L.Blight 3741.JPG,Grape___Leaf_blight_(Isariopsis_Leaf_Spot),13
data/PlantVillage-Dataset/raw/color/Corn_(maize)___Common_rust_/RS_Rust 1900.JPG,Corn_(maize)___Common_rust_,8
data/PlantVillage-Dataset/raw/color/Tomato___Leaf_Mold/4176b39b-a3b7-4611-b05b-b4020269bae3___Crnl_L.Mold 7115.JPG,Tomato___Leaf_Mold,31
data/PlantVillage-Dataset/raw/color/Apple___Apple_scab/fd5a96b7-6623-41cc-b34c-3b940ea27286___FREC_Scab 3013.JPG,Apple___Apple_scab,0
data/PlantVillage-Dataset/raw/color/Cherry_(including_sour)___Powdery_mildew/38b9665e-5c2e-4f30-9909-015cf9b3a4ef___FREC_Pwd.M 0481.JPG,Cherry_(including_sour)___Powdery_mildew,5
data/PlantVillage-Dataset/raw/color/Tomato___Tomato_mosaic_virus/cd8dc897-42ed-494e-8079-53d625d925e0___PSU_CG 2311.JPG,Tomato___Tomato_mosaic_virus,36
data/PlantVillage-Dataset/raw/color/Orange___Haunglongbing_(Citrus_greening)/96437df2-4d84-49f3-87b3-8cd27c7e5748___CREC_HLB 7525.JPG,Orange___Haunglongbing_(Citrus_greening),15
data/PlantVillage-Dataset/raw/color/Potato___Early_blight/dcdcc724-b029-4987-9d12-ccc8893ac6b4___RS_Early.B 8387.JPG,Potato___Early_blight,20
data/PlantVillage-Dataset/raw/color/Tomato___Target_Spot/f76c81a2-941e-4a7b-8ce1-ae366c83d87e___Com.G_TgS_FL 0708.JPG,Tomato___Target_Spot,34
data/PlantVillage-Dataset/raw/color/Tomato___Late_blight/fd26b445-5839-4337-858c-a91dfdd812cc___GHLB2 Leaf 8743.JPG,Tomato___Late_blight,30
data/PlantVillage-Dataset/raw/color/Peach___Bacterial_spot/a1853b0d-4eff-423e-881c-1673c5af46d1___Rutg._Bact.S 1286.JPG,Peach___Bacterial_spot,16
data/PlantVillage-Dataset/raw/color/Strawberry___healthy/e4c52c2f-1524-4e9f-b26f-0a15023d487f___RS_HL 1727.JPG,Strawberry___healthy,27
data/PlantVillage-Dataset/raw/color/Apple___Apple_scab/1d9d67e2-5603-4710-ae2b-6cb0b922ae61___FREC_Scab 3122.JPG,Apple___Apple_scab,0
data/PlantVillage-Dataset/raw/color/Potato___Late_blight/c5ff46d5-8f49-409f-b3c1-9a1a25418f47___RS_LB 2596.JPG,Potato___Late_blight,21
data/PlantVillage-Dataset/raw/color/Grape___Leaf_blight_(Isariopsis_Leaf_Spot)/7eab8fd8-b4f4-408d-9c62-718d0b24fa8a___FAM_L.Blight 1452.JPG,Grape___Leaf_blight_(Isariopsis_Leaf_Spot),13
data/PlantVillage-Dataset/raw/color/Potato___Late_blight/19323229-6fdc-4231-bd3e-a46ddcff2111___RS_LB 3196.JPG,Potato___Late_blight,21
data/PlantVillage-Dataset/raw/color/Strawberry___healthy/23d4fa2f-a966-44a3-a597-b39a79618378___RS_HL 1744.JPG,Strawberry___healthy,27
data/PlantVillage-Dataset/raw/color/Tomato___Target_Spot/55e75e4d-656d-4843-968d-db7e209378c8___Com.G_TgS_FL 8392.JPG,Tomato___Target_Spot,34
data/PlantVillage-Dataset/raw/color/Tomato___healthy/9268e1da-3fc4-49b1-8fcb-3f0d8957114a___GH_HL Leaf 277.1.JPG,Tomato___healthy,37
data/PlantVillage-Dataset/raw/color/Apple___healthy/db85b64d-0f2a-41ad-9ac2-f912283d8e4b___RS_HL 7863.JPG,Apple___healthy,3
data/PlantVillage-Dataset/raw/color/Soybean___healthy/a035aa02-f01d-4a0e-ad5b-5be516172056___RS_HL 6818.JPG,Soybean___healthy,24
data/PlantVillage-Dataset/raw/color/Tomato___Spider_mites Two-spotted_spider_mite/29e4107d-ab5d-462f-bfe9-d4f440e899fb___Com.G_SpM_FL 1538.JPG,Tomato___Spider_mites Two-spotted_spider_mite,33
data/PlantVillage-Dataset/raw/color/Squash___Powdery_mildew/69165975-b7d8-4edd-8516-6218f2c6560b___UMD_Powd.M 9877.JPG,Squash___Powdery_mildew,25
data/PlantVillage-Dataset/raw/color/Potato___healthy/80bb8697-bfab-449b-b870-e1ed2089df58___RS_HL 1827.JPG,Potato___healthy,22
data/PlantVillage-Dataset/raw/color/Corn_(maize)___Northern_Leaf_Blight/def2064a-8470-447e-bfb2-f76ecb3006cd___RS_NLB 0789.JPG,Corn_(maize)___Northern_Leaf_Blight,9
data/PlantVillage-Dataset/raw/color/Grape___Leaf_blight_(Isariopsis_Leaf_Spot)/d4f5aff8-7542-4785-8e43-1f3f3f0ee6d6___FAM_L.Blight 3719.JPG,Grape___Leaf_blight_(Isariopsis_Leaf_Spot),13
data/PlantVillage-Dataset/raw/color/Apple___Cedar_apple_rust/19335371-d443-4629-bb10-ef4e0b7215c0___FREC_C.Rust 0064.JPG,Apple___Cedar_apple_rust,2
data/PlantVillage-Dataset/raw/color/Squash___Powdery_mildew/78e33a94-7088-4432-a892-55f98e2d78ae___MD_Powd.M 0520.JPG,Squash___Powdery_mildew,25
data/PlantVillage-Dataset/raw/color/Grape___Black_rot/36a0faca-8342-4eb7-94bf-7f9382a81c9d___FAM_B.Rot 3356.JPG,Grape___Black_rot,11
data/PlantVillage-Dataset/raw/color/Grape___healthy/a4158d4f-b9f2-49e8-8dbe-02c619685624___Mt.N.V_HL 6042.JPG,Grape___healthy,14
data/PlantVillage-Dataset/raw/color/Apple___Black_rot/033b1492-d5cf-4de7-a195-941f7780e092___JR_FrgE.S 8710.JPG,Apple___Black_rot,1
data/PlantVillage-Dataset/raw/color/Orange___Haunglongbing_(Citrus_greening)/14497970-89de-40cc-ac45-c140ba6cda85___CREC_HLB 3884.JPG,Orange___Haunglongbing_(Citrus_greening),15
data/PlantVillage-Dataset/raw/color/Orange___Haunglongbing_(Citrus_greening)/e1259722-b6a9-4be4-81d9-e3e4b2b22c08___CREC_HLB 7588.JPG,Orange___Haunglongbing_(Citrus_greening),15
data/PlantVillage-Dataset/raw/color/Tomato___healthy/750a42ee-b73f-4137-934d-501b311a5528___GH_HL Leaf 330.JPG,Tomato___healthy,37
data/PlantVillage-Dataset/raw/color/Tomato___Early_blight/4eccde8f-4b47-4e5e-b0aa-9eaa67b20126___RS_Erly.B 8417.JPG,Tomato___Early_blight,29
data/PlantVillage-Dataset/raw/color/Grape___Black_rot/e17eca18-a9bc-4cf6-a350-8c2ddf3cfe35___FAM_B.Rot 5097.JPG,Grape___Black_rot,11
data/PlantVillage-Dataset/raw/color/Tomato___Late_blight/0ccaeb36-37ff-4328-91c8-99aabd68f442___RS_Late.B 6596.JPG,Tomato___Late_blight,30
data/PlantVillage-Dataset/raw/color/Tomato___Spider_mites Two-spotted_spider_mite/0a2b122a-0f23-4c92-8b7a-21b274dffbe5___Com.G_SpM_FL 9350.JPG,Tomato___Spider_mites Two-spotted_spider_mite,33
data/PlantVillage-Dataset/raw/color/Cherry_(including_sour)___healthy/90cf84c2-0bca-4c08-a873-65ccfb87ed24___JR_HL 9733.JPG,Cherry_(including_sour)___healthy,6
data/PlantVillage-Dataset/raw/color/Strawberry___healthy/08dd3504-4ea2-4afb-89ac-c666f3016b94___RS_HL 4619.JPG,Strawberry___healthy,27
data/PlantVillage-Dataset/raw/color/Grape___healthy/52bb5946-964f-4dce-a8b8-8c01bdd8737d___Mt.N.V_HL 6078.JPG,Grape___healthy,14
data/PlantVillage-Dataset/raw/color/Tomato___Bacterial_spot/e4d01d54-df44-40ab-a6f9-74c9e0834998___GCREC_Bact.Sp 5950.JPG,Tomato___Bacterial_spot,28
data/PlantVillage-Dataset/raw/color/Grape___Esca_(Black_Measles)/fb850331-28fc-4d99-bd31-ed2b27bd2b97___FAM_B.Msls 1196.JPG,Grape___Esca_(Black_Measles),12
data/PlantVillage-Dataset/raw/color/Cherry_(including_sour)___healthy/f472016a-8508-4874-b733-c7db88a13a80___JR_HL 9825.JPG,Cherry_(including_sour)___healthy,6
"data/PlantVillage-Dataset/raw/color/Pepper,_bell___Bacterial_spot/88a00319-c477-422b-bc43-91d03382f8c7___JR_B.Spot 3402.JPG","Pepper,_bell___Bacterial_spot",18
data/PlantVillage-Dataset/raw/color/Peach___healthy/d3fdde62-a86b-4ac9-bf87-c898df257417___Rutg._HL 3592.JPG,Peach___healthy,17
data/PlantVillage-Dataset/raw/color/Blueberry___healthy/b5ba196e-4426-4b9f-b6c8-0110bbb4f893___RS_HL 2489.JPG,Blueberry___healthy,4
data/PlantVillage-Dataset/raw/color/Potato___Early_blight/cff1ed1b-51ec-4d44-ab1f-7a3dc1ec9ea9___RS_Early.B 7100.JPG,Potato___Early_blight,20
data/PlantVillage-Dataset/raw/color/Peach___healthy/e365fd19-4922-44ea-ae2a-ab3cf9b9dc00___Rutg._HL 3689.JPG,Peach___healthy,17
data/PlantVillage-Dataset/raw/color/Strawberry___Leaf_scorch/a573390c-b351-4531-8985-46eebd625999___RS_L.Scorch 1563.JPG,Strawberry___Leaf_scorch,26
data/PlantVillage-Dataset/raw/color/Strawberry___healthy/fe9084a4-e32b-4d45-8249-db682f4c6ca8___RS_HL 1779.JPG,Strawberry___healthy,27
data/PlantVillage-Dataset/raw/color/Tomato___Bacterial_spot/954e415f-a2ae-42ba-ac21-fdd41da95ff2___GCREC_Bact.Sp 5935.JPG,Tomato___Bacterial_spot,28
data/PlantVillage-Dataset/raw/color/Cherry_(including_sour)___Powdery_mildew/e1c64177-d299-42a7-9d72-7ec29a326460___FREC_Pwd.M 4834.JPG,Cherry_(including_sour)___Powdery_mildew,5
data/PlantVillage-Dataset/raw/color/Cherry_(including_sour)___healthy/3f9425db-2ce5-4167-b20c-b824b0432686___JR_HL 4274.JPG,Cherry_(including_sour)___healthy,6
data/PlantVillage-Dataset/raw/color/Potato___Late_blight/d6a4ae30-77a6-458c-99e4-c817e7234aa3___RS_LB 4706.JPG,Potato___Late_blight,21
data/PlantVillage-Dataset/raw/color/Tomato___Tomato_mosaic_virus/fc40f0c6-d15e-4c87-ad7d-8c376306b20c___PSU_CG 2198.JPG,Tomato___Tomato_mosaic_virus,36
data/PlantVillage-Dataset/raw/color/Tomato___Septoria_leaf_spot/d3c59c88-195f-4aca-8311-a7c06fcf6c1b___Matt.S_CG 0969.JPG,Tomato___Septoria_leaf_spot,32
data/PlantVillage-Dataset/raw/color/Soybean___healthy/c0cb0209-286b-4ae2-be4b-066937e0cebf___RS_HL 2809.JPG,Soybean___healthy,24
data/PlantVillage-Dataset/raw/color/Apple___healthy/bd61a0a7-939f-43ba-bb02-168ceb97a32a___RS_HL 5902.JPG,Apple___healthy,3
data/PlantVillage-Dataset/raw/color/Corn_(maize)___Northern_Leaf_Blight/1987a377-5cf3-4b21-85af-a738b76cd0ee___RS_NLB 3886.JPG,Corn_(maize)___Northern_Leaf_Blight,9
data/PlantVillage-Dataset/raw/color/Strawberry___Leaf_scorch/5aad6970-758a-4edc-96fd-77237ec1cf50___RS_L.Scorch 1384.JPG,Strawberry___Leaf_scorch,26
data/PlantVillage-Dataset/raw/color/Soybean___healthy/cb5a7b17-53a2-47c6-9316-749c2d45aef1___RS_HL 7354.JPG,Soybean___healthy,24
data/PlantVillage-Dataset/raw/color/Grape___Esca_(Black_Measles)/538977bc-395d-4358-be90-7d76627ee7bd___FAM_B.Msls 4046.JPG,Grape___Esca_(Black_Measles),12
data/PlantVillage-Dataset/raw/color/Corn_(maize)___Northern_Leaf_Blight/0cf406f1-3004-4e13-87cb-e6bc02f67e51___RS_NLB 3566.JPG,Corn_(maize)___Northern_Leaf_Blight,9
data/PlantVillage-Dataset/raw/color/Tomato___Tomato_mosaic_virus/e98b0937-0e74-4bc9-bfa5-9018ce0498d2___PSU_CG 2298.JPG,Tomato___Tomato_mosaic_virus,36
data/PlantVillage-Dataset/raw/color/Grape___Black_rot/2b6ed613-e216-43ac-b518-ee54873b21e3___FAM_B.Rot 0639.JPG,Grape___Black_rot,11
data/PlantVillage-Dataset/raw/color/Peach___Bacterial_spot/86f26e3e-2495-41e4-8b9b-cf6f02002ab8___Rutg._Bact.S 1650.JPG,Peach___Bacterial_spot,16
data/PlantVillage-Dataset/raw/color/Tomato___Tomato_Yellow_Leaf_Curl_Virus/b2d58719-74b6-41cf-b707-09ac78362277___UF.GRC_YLCV_Lab 02269.JPG,Tomato___Tomato_Yellow_Leaf_Curl_Virus,35
data/PlantVillage-Dataset/raw/color/Corn_(maize)___healthy/4619bdbf-5229-4af8-9bdc-1a9b3a25c817___R.S_HL 8263 copy.jpg,Corn_(maize)___healthy,10
data/PlantVillage-Dataset/raw/color/Tomato___Bacterial_spot/0f6384da-7338-4309-b6b2-0d4b1dfe9de3___GCREC_Bact.Sp 6039.JPG,Tomato___Bacterial_spot,28
data/PlantVillage-Dataset/raw/color/Blueberry___healthy/56d66220-72cc-43c1-af18-11722e22c6e1___RS_HL 5512.JPG,Blueberry___healthy,4
data/PlantVillage-Dataset/raw/color/Tomato___healthy/d19a7818-769b-4633-bd09-5c3c20d2b4d1___GH_HL Leaf 172.JPG,Tomato___healthy,37
data/PlantVillage-Dataset/raw/color/Peach___healthy/85ae31a4-9a9d-4684-b2df-fbc5abb051bf___Rutg._HL 3755.JPG,Peach___healthy,17
data/PlantVillage-Dataset/raw/color/Tomato___Septoria_leaf_spot/45d34d4b-b4b2-4bfb-825a-28aa457655de___Matt.S_CG 2745.JPG,Tomato___Septoria_leaf_spot,32
data/PlantVillage-Dataset/raw/color/Strawberry___healthy/1402ff6e-c678-4c37-b49b-b63374ac0557___RS_HL 1907.JPG,Strawberry___healthy,27
"data/PlantVillage-Dataset/raw/color/Pepper,_bell___healthy/a87fefe4-6f62-46e2-90b9-273ba9997ed1___JR_HL 8292.JPG","Pepper,_bell___healthy",19
data/PlantVillage-Dataset/raw/color/Tomato___Spider_mites Two-spotted_spider_mite/db594718-ad38-4d28-969c-c4bac1b5bbe1___Com.G_SpM_FL 8443.JPG,Tomato___Spider_mites Two-spotted_spider_mite,33
data/PlantVillage-Dataset/raw/color/Strawberry___healthy/85726470-e247-4d82-89d1-f6adad570519___RS_HL 2150.JPG,Strawberry___healthy,27
data/PlantVillage-Dataset/raw/color/Apple___healthy/18a10d55-e00c-4bb7-9ea6-d11bf0de070e___RS_HL 7252.JPG,Apple___healthy,3
data/PlantVillage-Dataset/raw/color/Corn_(maize)___Common_rust_/RS_Rust 1763.JPG,Corn_(maize)___Common_rust_,8
data/PlantVillage-Dataset/raw/color/Corn_(maize)___healthy/30f9746d-b00f-4972-aef2-eec243d317ac___R.S_HL 8016 copy 2.jpg,Corn_(maize)___healthy,10
data/PlantVillage-Dataset/raw/color/Tomato___Tomato_mosaic_virus/c1ff629a-8390-43a4-88ed-86e462d688a7___PSU_CG 2083.JPG,Tomato___Tomato_mosaic_virus,36
data/PlantVillage-Dataset/raw/color/Tomato___Target_Spot/242cf310-927e-4933-85b6-d4d019ae6db1___Com.G_TgS_FL 0017.JPG,Tomato___Target_Spot,34
data/PlantVillage-Dataset/raw/color/Squash___Powdery_mildew/c9b99bac-595d-4498-9dc3-a8d389efd885___MD_Powd.M 1065.JPG,Squash___Powdery_mildew,25
data/PlantVillage-Dataset/raw/color/Peach___healthy/33251245-654f-4363-bccc-8949987308b7___Rutg._HL 3552.JPG,Peach___healthy,17
"data/PlantVillage-Dataset/raw/color/Pepper,_bell___healthy/db57594f-4114-4312-a817-7f5fe70ac5ca___JR_HL 8066.JPG","Pepper,_bell___healthy",19
data/PlantVillage-Dataset/raw/color/Grape___healthy/8d435543-bb52-4a00-a84a-02404010cb33___Mt.N.V_HL 9061.JPG,Grape___healthy,14
data/PlantVillage-Dataset/raw/color/Tomato___Septoria_leaf_spot/5eceb9db-6355-445e-96b6-1644fab0dea7___Matt.S_CG 2774.JPG,Tomato___Septoria_leaf_spot,32
data/PlantVillage-Dataset/raw/color/Tomato___Bacterial_spot/51f50a63-acca-45b3-866a-95e339e08e91___GCREC_Bact.Sp 3319.JPG,Tomato___Bacterial_spot,28
data/PlantVillage-Dataset/raw/color/Apple___healthy/44714cae-d7c8-4b0a-9058-0fe9ba703064___RS_HL 8081.JPG,Apple___healthy,3
"data/PlantVillage-Dataset/raw/color/Pepper,_bell___healthy/1dd1b153-8ded-439f-8c9e-c9970c67e642___JR_HL 8163.JPG","Pepper,_bell___healthy",19
data/PlantVillage-Dataset/raw/color/Corn_(maize)___Northern_Leaf_Blight/5ea8975f-1cb5-4452-b04b-1f63453d1e2f___RS_NLB 3803.JPG,Corn_(maize)___Northern_Leaf_Blight,9
data/PlantVillage-Dataset/raw/color/Grape___Esca_(Black_Measles)/bccb0d63-23d0-4616-b045-73fd6bb1df0d___FAM_B.Msls 1183.JPG,Grape___Esca_(Black_Measles),12
data/PlantVillage-Dataset/raw/color/Corn_(maize)___Cercospora_leaf_spot Gray_leaf_spot/24098661-633d-46fb-9542-a12a41dd3223___RS_GLSp 4472.JPG,Corn_(maize)___Cercospora_leaf_spot Gray_leaf_spot,7
data/PlantVillage-Dataset/raw/color/Tomato___Early_blight/e701c578-1fa3-4ed3-9874-5f90c6d2eb3c___RS_Erly.B 9583.JPG,Tomato___Early_blight,29
data/PlantVillage-Dataset/raw/color/Soybean___healthy/440ed86c-dc5e-471e-925f-017cba9d8aaa___RS_HL 7476.JPG,Soybean___healthy,24
data/PlantVillage-Dataset/raw/color/Strawberry___Leaf_scorch/f7d50599-f99b-4b36-ada8-712428030a2e___RS_L.Scorch 0945.JPG,Strawberry___Leaf_scorch,26
data/PlantVillage-Dataset/raw/color/Tomato___healthy/bc5416cb-a48f-4ed0-ab8e-0ffd7ef25f12___RS_HL 9992.JPG,Tomato___healthy,37
data/PlantVillage-Dataset/raw/color/Tomato___healthy/fb2c7e00-39a7-4be3-b8d1-b4c42c65e20e___RS_HL 9636.JPG,Tomato___healthy,37
data/PlantVillage-Dataset/raw/color/Potato___Late_blight/5239c829-457f-4e6c-b0af-ef5f58abddd0___RS_LB 5329.JPG,Potato___Late_blight,21
data/PlantVillage-Dataset/raw/color/Potato___Early_blight/8f0e6484-7d27-4ee1-849a-316c6195b139___RS_Early.B 6840.JPG,Potato___Early_blight,20
data/PlantVillage-Dataset/raw/color/Apple___Black_rot/f9c0a3a9-a08e-4b1d-baab-93fdc7fb2690___JR_FrgE.S 2896.JPG,Apple___Black_rot,1
data/PlantVillage-Dataset/raw/color/Peach___Bacterial_spot/55a9fd06-2425-4b5c-aa89-41b34818dcb7___Rutg._Bact.S 1511.JPG,Peach___Bacterial_spot,16
data/PlantVillage-Dataset/raw/color/Grape___Black_rot/fc4a5f21-0d08-479d-b506-2d5eae6d0ac1___FAM_B.Rot 3358.JPG,Grape___Black_rot,11
data/PlantVillage-Dataset/raw/color/Corn_(maize)___healthy/efcf3042-4788-4043-802d-c4bc9661fd37___R.S_HL 8301 copy.jpg,Corn_(maize)___healthy,10
data/PlantVillage-Dataset/raw/color/Potato___Late_blight/9e38f130-d8bb-4872-9e46-f43c7d0877c7___RS_LB 5096.JPG,Potato___Late_blight,21
data/PlantVillage-Dataset/raw/color/Tomato___Late_blight/f96c2269-cf72-448e-a1b7-d74f2e46a675___RS_Late.B 6851.JPG,Tomato___Late_blight,30
data/PlantVillage-Dataset/raw/color/Tomato___Target_Spot/477f4bc8-26ec-4ec2-9ff4-b078f8ce32fc___Com.G_TgS_FL 0774.JPG,Tomato___Target_Spot,34
data/PlantVillage-Dataset/raw/color/Grape___Esca_(Black_Measles)/fbe5df9f-3557-4682-9634-797aa1ace0e0___FAM_B.Msls 4346.JPG,Grape___Esca_(Black_Measles),12
data/PlantVillage-Dataset/raw/color/Squash___Powdery_mildew/8796054b-9b0e-4d35-b566-3480171c8ae3___UMD_Powd.M 0625.JPG,Squash___Powdery_mildew,25
data/PlantVillage-Dataset/raw/color/Peach___healthy/d5cef93b-b589-4bbc-a383-c717a80bd915___Rutg._HL 2452.JPG,Peach___healthy,17
data/PlantVillage-Dataset/raw/color/Tomato___Spider_mites Two-spotted_spider_mite/79a8cff2-90ac-4e47-ad56-014accc6e0e9___Com.G_SpM_FL 9537.JPG,Tomato___Spider_mites Two-spotted_spider_mite,33
data/PlantVillage-Dataset/raw/color/Grape___Black_rot/b2dc2c95-c6e8-49ba-9bcf-b917293f0bae___FAM_B.Rot 5093.JPG,Grape___Black_rot,11
data/PlantVillage-Dataset/raw/color/Tomato___Leaf_Mold/52790cd9-3f4a-4da8-8786-37c17a102dd0___Crnl_L.Mold 6692.JPG,Tomato___Leaf_Mold,31
data/PlantVillage-Dataset/raw/color/Tomato___Spider_mites Two-spotted_spider_mite/5d218af0-e5cf-43b7-acce-de9f86baa690___Com.G_SpM_FL 9272.JPG,Tomato___Spider_mites Two-spotted_spider_mite,33
data/PlantVillage-Dataset/raw/color/Tomato___Septoria_leaf_spot/e0680a92-8dcf-42b4-853e-1d6a8d1d8ae2___Matt.S_CG 7510.JPG,Tomato___Septoria_leaf_spot,32
data/PlantVillage-Dataset/raw/color/Grape___Leaf_blight_(Isariopsis_Leaf_Spot)/ec190efa-7e6a-46d7-bdec-c9bf94f72681___FAM_L.Blight 3651.JPG,Grape___Leaf_blight_(Isariopsis_Leaf_Spot),13
data/PlantVillage-Dataset/raw/color/Tomato___Bacterial_spot/c742e379-a56a-44b5-96d0-1918dd2cb2c9___GCREC_Bact.Sp 3182.JPG,Tomato___Bacterial_spot,28
"data/PlantVillage-Dataset/raw/color/Pepper,_bell___healthy/83ad5dd2-dd87-4623-9a9a-e6d4852010fa___JR_HL 8126.JPG","Pepper,_bell___healthy",19
data/PlantVillage-Dataset/raw/color/Apple___Black_rot/427bd918-f362-48d9-9903-4e7197e87a87___JR_FrgE.S 3034.JPG,Apple___Black_rot,1
data/PlantVillage-Dataset/raw/color/Potato___Late_blight/8b0ef54c-6d28-47bb-a657-287afbb8a620___RS_LB 3298.JPG,Potato___Late_blight,21
data/PlantVillage-Dataset/raw/color/Strawberry___healthy/057e51f5-f5c1-40b2-930b-a2346c138969___RS_HL 4596.JPG,Strawberry___healthy,27
data/PlantVillage-Dataset/raw/color/Apple___healthy/45b5782c-dd64-4513-954a-25a4c4c5fdef___RS_HL 7887.JPG,Apple___healthy,3
data/PlantVillage-Dataset/raw/color/Tomato___Bacterial_spot/44bbe861-f71e-4d67-af18-55866e37f5f6___GCREC_Bact.Sp 3129.JPG,Tomato___Bacterial_spot,28
data/PlantVillage-Dataset/raw/color/Grape___Leaf_blight_(Isariopsis_Leaf_Spot)/1e5108d8-68c8-4aec-88f9-06aafb4d6c27___FAM_L.Blight 4989.JPG,Grape___Leaf_blight_(Isariopsis_Leaf_Spot),13
data/PlantVillage-Dataset/raw/color/Grape___healthy/f21a88fa-5ee6-4e27-b9c1-d3a263b8cea5___Mt.N.V_HL 9024.JPG,Grape___healthy,14
data/PlantVillage-Dataset/raw/color/Peach___Bacterial_spot/fd5b8652-6f10-4f84-9b63-3b87a730ad68___Rut._Bact.S 1025.JPG,Peach___Bacterial_spot,16
data/PlantVillage-Dataset/raw/color/Peach___Bacterial_spot/778d7ce9-1999-47b9-a0b0-e43cc1c32c60___Rut._Bact.S 3502.JPG,Peach___Bacterial_spot,16
data/PlantVillage-Dataset/raw/color/Tomato___healthy/adb15e56-fb9c-4b1f-aae1-4ec8bedecd1b___RS_HL 9712.JPG,Tomato___healthy,37
data/PlantVillage-Dataset/raw/color/Tomato___healthy/fd09836b-96be-498a-a720-e17a54522de7___RS_HL 9687.JPG,Tomato___healthy,37
data/PlantVillage-Dataset/raw/color/Tomato___Bacterial_spot/371929a8-17b8-4077-94f4-cfb6963d9285___UF.GRC_BS_Lab Leaf 8624.JPG,Tomato___Bacterial_spot,28
data/PlantVillage-Dataset/raw/color/Tomato___Spider_mites Two-spotted_spider_mite/123223d5-ec90-4df4-8a65-e474c88fda19___Com.G_SpM_FL 1664.JPG,Tomato___Spider_mites Two-spotted_spider_mite,33
data/PlantVillage-Dataset/raw/color/Orange___Haunglongbing_(Citrus_greening)/6249afbe-9e41-4de5-bcea-a0a490e95276___CREC_HLB 5164.JPG,Orange___Haunglongbing_(Citrus_greening),15
data/PlantVillage-Dataset/raw/color/Grape___Black_rot/fb819384-a48d-4615-becc-7d39d48477e5___FAM_B.Rot 0463.JPG,Grape___Black_rot,11
data/PlantVillage-Dataset/raw/color/Grape___healthy/7a492b18-c905-4e49-b703-931e2b19ca84___Mt.N.V_HL 8989.JPG,Grape___healthy,14
data/PlantVillage-Dataset/raw/color/Potato___healthy/77c75478-e1f0-4aaa-9cbc-af1fed928a74___RS_HL 1748.JPG,Potato___healthy,22
"data/PlantVillage-Dataset/raw/color/Pepper,_bell___healthy/53c14233-6e5f-4775-acfe-212000c81ffa___JR_HL 6009.JPG","Pepper,_bell___healthy",19
data/PlantVillage-Dataset/raw/color/Grape___Leaf_blight_(Isariopsis_Leaf_Spot)/d7741e25-d0b3-4706-9791-439373cafbdd___FAM_L.Blight 4671.JPG,Grape___Leaf_blight_(Isariopsis_Leaf_Spot),13
"data/PlantVillage-Dataset/raw/color/Pepper,_bell___healthy/69338d8a-c618-41d4-b4ac-217feb224d71___JR_HL 8878.JPG","Pepper,_bell___healthy",19
data/PlantVillage-Dataset/raw/color/Potato___Early_blight/c3ce9bae-e62a-4dd9-afa0-f020c48b87cc___RS_Early.B 6704.JPG,Potato___Early_blight,20
data/PlantVillage-Dataset/raw/color/Peach___healthy/072987c8-1a72-4385-9a62-1842024a9b2f___Rutg._HL 2394.JPG,Peach___healthy,17
data/PlantVillage-Dataset/raw/color/Apple___Cedar_apple_rust/92d7ce46-da77-4c87-a58b-81a44b0a9a58___FREC_C.Rust 4351.JPG,Apple___Cedar_apple_rust,2
data/PlantVillage-Dataset/raw/color/Orange___Haunglongbing_(Citrus_greening)/e03e6684-6a8a-4bd2-9694-4118defdc45d___CREC_HLB 6919.JPG,Orange___Haunglongbing_(Citrus_greening),15
data/PlantVillage-Dataset/raw/color/Corn_(maize)___Cercospora_leaf_spot Gray_leaf_spot/6df99d74-ad7b-4ca2-84db-904099c7293c___RS_GLSp 4321.JPG,Corn_(maize)___Cercospora_leaf_spot Gray_leaf_spot,7
"data/PlantVillage-Dataset/raw/color/Pepper,_bell___healthy/4785ba47-66fe-42fd-8c51-678b54b23e9d___JR_HL 8495.JPG","Pepper,_bell___healthy",19
data/PlantVillage-Dataset/raw/color/Potato___healthy/5fcbde8f-52af-4963-b324-ff7f4dd6bd4c___RS_HL 1762.JPG,Potato___healthy,22
data/PlantVillage-Dataset/raw/color/Corn_(maize)___Northern_Leaf_Blight/5f2a5580-11f2-41c1-841c-a2f912fb7a05___RS_NLB 3817.JPG,Corn_(maize)___Northern_Leaf_Blight,9
data/PlantVillage-Dataset/raw/color/Tomato___Target_Spot/8123aa86-c88b-428b-8fa5-f4ebbe16a60b___Com.G_TgS_FL 0834.JPG,Tomato___Target_Spot,34
"data/PlantVillage-Dataset/raw/color/Pepper,_bell___healthy/ca45d0b4-76ba-47a7-950d-aed9f357c8f5___JR_HL 8351.JPG","Pepper,_bell___healthy",19
data/PlantVillage-Dataset/raw/color/Tomato___healthy/3d59c273-6439-4c0d-b5ac-3738faca5d2a___RS_HL 0413.JPG,Tomato___healthy,37
data/PlantVillage-Dataset/raw/color/Grape___Esca_(Black_Measles)/c18fae11-af4b-4120-a1c1-64f5f6d765d6___FAM_B.Msls 1150.JPG,Grape___Esca_(Black_Measles),12
data/PlantVillage-Dataset/raw/color/Tomato___Early_blight/eb2537b2-d6fa-4c70-b919-f90bbe2c65f2___RS_Erly.B 7605.JPG,Tomato___Early_blight,29
data/PlantVillage-Dataset/raw/color/Grape___Black_rot/ab7db31d-5474-4115-a861-8183b304d103___FAM_B.Rot 0677.JPG,Grape___Black_rot,11
data/PlantVillage-Dataset/raw/color/Cherry_(including_sour)___Powdery_mildew/a6d1f85a-bb21-40d2-822e-aa603d8b2a65___FREC_Pwd.M 4541.JPG,Cherry_(including_sour)___Powdery_mildew,5
data/PlantVillage-Dataset/raw/color/Blueberry___healthy/5e116e83-e01a-408e-8cfd-33e2727a909e___RS_HL 0742.JPG,Blueberry___healthy,4
data/PlantVillage-Dataset/raw/color/Cherry_(including_sour)___Powdery_mildew/2a47f1fa-4127-4f76-b1d3-00651dc680f1___FREC_Pwd.M 4848.JPG,Cherry_(including_sour)___Powdery_mildew,5
data/PlantVillage-Dataset/raw/color/Peach___Bacterial_spot/5019183e-1fa1-4622-a0a5-f1e51cbbb3d7___Rutg._Bact.S 1973.JPG,Peach___Bacterial_spot,16
"data/PlantVillage-Dataset/raw/color/Pepper,_bell___Bacterial_spot/45c9c618-5b71-4d9d-a08a-4bd3ceaa0be4___NREC_B.Spot 9178.JPG","Pepper,_bell___Bacterial_spot",18
data/PlantVillage-Dataset/raw/color/Apple___Black_rot/77843368-1495-4113-b865-83e381f0641e___JR_FrgE.S 8791.JPG,Apple___Black_rot,1
data/PlantVillage-Dataset/raw/color/Apple___healthy/37715958-a2d4-41d6-9672-9cafd0f1c146___RS_HL 7502.JPG,Apple___healthy,3
data/PlantVillage-Dataset/raw/color/Potato___Early_blight/bc7552e4-3901-41b8-8bef-727eeca4270e___RS_Early.B 7942.JPG,Potato___Early_blight,20
data/PlantVillage-Dataset/raw/color/Soybean___healthy/bb90225e-0bf5-48fd-ba18-38aede28aa9a___RS_HL 4060.JPG,Soybean___healthy,24
data/PlantVillage-Dataset/raw/color/Corn_(maize)___Common_rust_/RS_Rust 1797.JPG,Corn_(maize)___Common_rust_,8
data/PlantVillage-Dataset/raw/color/Tomato___Early_blight/59fbd532-f75e-4c09-be68-3707d1323868___RS_Erly.B 7863.JPG,Tomato___Early_blight,29
data/PlantVillage-Dataset/raw/color/Tomato___Late_blight/40bca58c-a09e-429b-a0b3-03fce3ea88e5___GHLB2 Leaf 9113.JPG,Tomato___Late_blight,30
data/PlantVillage-Dataset/raw/color/Cherry_(including_sour)___Powdery_mildew/2b249264-7b72-4e2d-98b1-5cf889e9d3c2___FREC_Pwd.M 4991.JPG,Cherry_(including_sour)___Powdery_mildew,5
data/PlantVillage-Dataset/raw/color/Tomato___Septoria_leaf_spot/833718f3-b599-4fc3-b7da-fb60c9a0d190___Matt.S_CG 0934.JPG,Tomato___Septoria_leaf_spot,32
data/PlantVillage-Dataset/raw/color/Squash___Powdery_mildew/dffef3e2-1016-477a-95e2-a38fd55d8c82___MD_Powd.M 0822.JPG,Squash___Powdery_mildew,25
data/PlantVillage-Dataset/raw/color/Grape___Leaf_blight_(Isariopsis_Leaf_Spot)/fd3d0268-c5be-4d87-b549-f130b982b47e___FAM_L.Blight 1366.JPG,Grape___Leaf_blight_(Isariopsis_Leaf_Spot),13
data/PlantVillage-Dataset/raw/color/Apple___Apple_scab/258ce9eb-2b67-475b-b09c-0bc83b0987f1___FREC_Scab 3033.JPG,Apple___Apple_scab,0
data/PlantVillage-Dataset/raw/color/Tomato___Bacterial_spot/4dcc0165-a3c5-4290-8262-16c63b677a7d___GCREC_Bact.Sp 3602.JPG,Tomato___Bacterial_spot,28
data/PlantVillage-Dataset/raw/color/Apple___Apple_scab/5c0af4dd-f185-4fc9-ae2c-a697a235d660___FREC_Scab 2955.JPG,Apple___Apple_scab,0
data/PlantVillage-Dataset/raw/color/Potato___healthy/533abd3a-3e1d-42d0-ae9c-5189282b78af___RS_HL 5369.JPG,Potato___healthy,22
data/PlantVillage-Dataset/raw/color/Tomato___healthy/271be296-4c0b-4817-a44b-cc9611d3f519___GH_HL Leaf 182.1.JPG,Tomato___healthy,37
data/PlantVillage-Dataset/raw/color/Grape___Esca_(Black_Measles)/5d1043ef-6d7c-4c8f-9d5b-bfb5b776c828___FAM_B.Msls 0832.JPG,Grape___Esca_(Black_Measles),12
data/PlantVillage-Dataset/raw/color/Grape___Leaf_blight_(Isariopsis_Leaf_Spot)/25e2f7a4-cf4a-4d22-8c97-46292ae6d475___FAM_L.Blight 4791.JPG,Grape___Leaf_blight_(Isariopsis_Leaf_Spot),13
"data/PlantVillage-Dataset/raw/color/Pepper,_bell___Bacterial_spot/2b8c82d0-2e5d-483a-93eb-53192fa486c9___NREC_B.Spot 1858.JPG","Pepper,_bell___Bacterial_spot",18
data/PlantVillage-Dataset/raw/color/Potato___Early_blight/aa687aac-2f1a-44d8-89aa-3f7d413b4763___RS_Early.B 8055.JPG,Potato___Early_blight,20
data/PlantVillage-Dataset/raw/color/Corn_(maize)___Common_rust_/RS_Rust 2137.JPG,Corn_(maize)___Common_rust_,8
data/PlantVillage-Dataset/raw/color/Corn_(maize)___Common_rust_/RS_Rust 2425.JPG,Corn_(maize)___Common_rust_,8
data/PlantVillage-Dataset/raw/color/Tomato___Leaf_Mold/333654c3-6429-4ac2-b648-23b80488a08f___Crnl_L.Mold 7171.JPG,Tomato___Leaf_Mold,31
data/PlantVillage-Dataset/raw/color/Grape___Esca_(Black_Measles)/d43c270a-52a6-4691-9d71-cb07881b4f44___FAM_B.Msls 1778.JPG,Grape___Esca_(Black_Measles),12
data/PlantVillage-Dataset/raw/color/Tomato___Tomato_mosaic_virus/62416312-84be-45de-98ad-4df14365e38e___PSU_CG 2058.JPG,Tomato___Tomato_mosaic_virus,36
data/PlantVillage-Dataset/raw/color/Tomato___Early_blight/023fe2d4-6e1d-40ce-99ae-85ba90f436ff___RS_Erly.B 6354.JPG,Tomato___Early_blight,29
data/PlantVillage-Dataset/raw/color/Orange___Haunglongbing_(Citrus_greening)/0d0b2d61-0c4f-4f7d-a483-91136614684a___CREC_HLB 5063.JPG,Orange___Haunglongbing_(Citrus_greening),15
data/PlantVillage-Dataset/raw/color/Potato___Late_blight/4c846678-1c22-4734-b2bf-fb774bf3bb13___RS_LB 4090.JPG,Potato___Late_blight,21
data/PlantVillage-Dataset/raw/color/Strawberry___Leaf_scorch/97fc0a8d-280a-44e2-811d-71419f9a5526___RS_L.Scorch 1277.JPG,Strawberry___Leaf_scorch,26
data/PlantVillage-Dataset/raw/color/Raspberry___healthy/30fe32ab-5c21-4953-ae78-8fcf1d18ae4b___Mary_HL 9287.JPG,Raspberry___healthy,23
data/PlantVillage-Dataset/raw/color/Blueberry___healthy/2b8cb848-4b6a-460b-ad5d-8ad271501cee___RS_HL 0606.JPG,Blueberry___healthy,4
data/PlantVillage-Dataset/raw/color/Corn_(maize)___Northern_Leaf_Blight/ed3a9e57-8d8c-471c-bb5a-7ef5a205bc19___RS_NLB 3711.JPG,Corn_(maize)___Northern_Leaf_Blight,9
data/PlantVillage-Dataset/raw/color/Apple___Cedar_apple_rust/1e099d8e-b40c-4cf3-bb52-4e77b5a2dc69___FREC_C.Rust 0155.JPG,Apple___Cedar_apple_rust,2
data/PlantVillage-Dataset/raw/color/Blueberry___healthy/0b0e61c1-0f6a-4cfa-8e3d-6034c1d95705___RS_HL 2249.JPG,Blueberry___healthy,4
data/PlantVillage-Dataset/raw/color/Orange___Haunglongbing_(Citrus_greening)/5809ee91-aaee-4fb2-b60d-199df8ed1ac7___CREC_HLB 6732.JPG,Orange___Haunglongbing_(Citrus_greening),15
data/PlantVillage-Dataset/raw/color/Apple___Black_rot/085625a8-236d-4f71-bd40-78e3e4f24eb0___JR_FrgE.S 2732.JPG,Apple___Black_rot,1
data/PlantVillage-Dataset/raw/color/Apple___Cedar_apple_rust/0a41c25a-f9a6-4c34-8e5c-7f89a6ac4c40___FREC_C.Rust 9807.JPG,Apple___Cedar_apple_rust,2
data/PlantVillage-Dataset/raw/color/Apple___Cedar_apple_rust/30ae56d0-6974-4ad2-b4bf-486a97dcff5f___FREC_C.Rust 4088.JPG,Apple___Cedar_apple_rust,2
data/PlantVillage-Dataset/raw/color/Grape___Leaf_blight_(Isariopsis_Leaf_Spot)/51a236ae-939f-4f9e-97bf-f0ea246b637f___FAM_L.Blight 4743.JPG,Grape___Leaf_blight_(Isariopsis_Leaf_Spot),13
data/PlantVillage-Dataset/raw/color/Tomato___Tomato_Yellow_Leaf_Curl_Virus/b706602e-b4ba-4cee-bec1-8274278a2856___YLCV_GCREC 5158.JPG,Tomato___Tomato_Yellow_Leaf_Curl_Virus,35
data/PlantVillage-Dataset/raw/color/Peach___healthy/4fc5eb54-978b-40e9-8054-84b44937bc89___Rutg._HL 2453.JPG,Peach___healthy,17
data/PlantVillage-Dataset/raw/color/Tomato___healthy/2fb5c266-b7ec-4b31-91b4-3f2dc9b0cdcb___RS_HL 0147.JPG,Tomato___healthy,37
data/PlantVillage-Dataset/raw/color/Peach___healthy/06fdeacf-ac44-4af3-9541-25c77806b8e1___Rutg._HL 3549.JPG,Peach___healthy,17
data/PlantVillage-Dataset/raw/color/Orange___Haunglongbing_(Citrus_greening)/42bfac37-5b47-4665-bde4-c281b177ff8e___CREC_HLB 6854.JPG,Orange___Haunglongbing_(Citrus_greening),15
data/PlantVillage-Dataset/raw/color/Tomato___Late_blight/2a49b85e-6b7a-4a55-82c3-f596ed09f82d___GHLB2 Leaf 133.1.JPG,Tomato___Late_blight,30
data/PlantVillage-Dataset/raw/color/Tomato___Leaf_Mold/661a456b-bd86-4c75-951f-0accf26ea4aa___Crnl_L.Mold 8955.JPG,Tomato___Leaf_Mold,31
data/PlantVillage-Dataset/raw/color/Soybean___healthy/c5a3b010-1df1-4950-938e-8fe62eaf9767___RS_HL 6689.JPG,Soybean___healthy,24
data/PlantVillage-Dataset/raw/color/Tomato___Early_blight/c29f66a1-5df9-4bd7-a6cd-89a0d4a4cba5___RS_Erly.B 9608.JPG,Tomato___Early_blight,29
data/PlantVillage-Dataset/raw/color/Grape___Leaf_blight_(Isariopsis_Leaf_Spot)/8392a4e9-5994-4044-aebf-3a333f63fccf___FAM_L.Blight 1540.JPG,Grape___Leaf_blight_(Isariopsis_Leaf_Spot),13
data/PlantVillage-Dataset/raw/color/Potato___Early_blight/985f3b47-d5ee-45d4-a020-f43ca80fb59e___RS_Early.B 9211.JPG,Potato___Early_blight,20
data/PlantVillage-Dataset/raw/color/Apple___healthy/f4a37893-7443-478a-a9af-ba75e1f32767___RS_HL 5653.JPG,Apple___healthy,3
data/PlantVillage-Dataset/raw/color/Tomato___Late_blight/a8fc49cf-c74f-40a6-a53b-3dddd42bb8bd___GHLB2 Leaf 9040.JPG,Tomato___Late_blight,30
data/PlantVillage-Dataset/raw/color/Grape___healthy/3a5b41ae-5cda-4d2f-9243-f3dc82a8dfbc___Mt.N.V_HL 9060.JPG,Grape___healthy,14
"data/PlantVillage-Dataset/raw/color/Pepper,_bell___healthy/577da019-fd69-4ae3-98eb-59e08cacb9b0___JR_HL 8315.JPG","Pepper,_bell___healthy",19
"data/PlantVillage-Dataset/raw/color/Pepper,_bell___healthy/8b18cc78-f251-4249-a787-52d80a008df2___JR_HL 8322.JPG","Pepper,_bell___healthy",19
data/PlantVillage-Dataset/raw/color/Squash___Powdery_mildew/559e4fa2-0c60-4860-b2db-898e9a114948___UMD_Powd.M 0483.JPG,Squash___Powdery_mildew,25
data/PlantVillage-Dataset/raw/color/Corn_(maize)___healthy/f6701648-427e-41ff-a375-96821ff63f26___R.S_HL 8076 copy 2.jpg,Corn_(maize)___healthy,10
data/PlantVillage-Dataset/raw/color/Corn_(maize)___Common_rust_/RS_Rust 2690.JPG,Corn_(maize)___Common_rust_,8
data/PlantVillage-Dataset/raw/color/Tomato___Leaf_Mold/d2102d1d-e4f2-40d3-84aa-7281e053e646___Crnl_L.Mold 9111.JPG,Tomato___Leaf_Mold,31
data/PlantVillage-Dataset/raw/color/Cherry_(including_sour)___healthy/3cf3d581-3abf-4730-b518-8414b20d1104___JR_HL 9539.JPG,Cherry_(including_sour)___healthy,6
data/PlantVillage-Dataset/raw/color/Corn_(maize)___Common_rust_/RS_Rust 2193.JPG,Corn_(maize)___Common_rust_,8
data/PlantVillage-Dataset/raw/color/Cherry_(including_sour)___Powdery_mildew/5b7d9504-77ba-4d76-95be-f00606ee3143___FREC_Pwd.M 0543.JPG,Cherry_(including_sour)___Powdery_mildew,5
data/PlantVillage-Dataset/raw/color/Raspberry___healthy/824685c5-3416-4870-ba42-cc49e719c3b2___Mary_HL 9151.JPG,Raspberry___healthy,23
data/PlantVillage-Dataset/raw/color/Potato___healthy/30937333-8898-4634-8c00-af57d3020ba6___RS_HL 1922.JPG,Potato___healthy,22
data/PlantVillage-Dataset/raw/color/Grape___Black_rot/9e074d2d-0075-4e9e-9648-2bf0332517df___FAM_B.Rot 3212.JPG,Grape___Black_rot,11
data/PlantVillage-Dataset/raw/color/Tomato___Target_Spot/71e6574c-3c0b-4091-aa23-27abd39a8849___Com.G_TgS_FL 9770.JPG,Tomato___Target_Spot,34
data/PlantVillage-Dataset/raw/color/Tomato___Target_Spot/14f0c0f2-b40f-446d-94f8-e1a2bc3246fd___Com.G_TgS_FL 0840.JPG,Tomato___Target_Spot,34
data/PlantVillage-Dataset/raw/color/Tomato___Spider_mites Two-spotted_spider_mite/75c39e92-9f7a-4266-b6bb-56bb3cd48dcb___Com.G_SpM_FL 9523.JPG,Tomato___Spider_mites Two-spotted_spider_mite,33
data/PlantVillage-Dataset/raw/color/Peach___Bacterial_spot/8898332b-c3e8-4c54-ba11-e5c183626bc4___Rut._Bact.S 1100.JPG,Peach___Bacterial_spot,16
data/PlantVillage-Dataset/raw/color/Grape___Black_rot/308ebcde-71d3-4ade-ba8c-1447def723a0___FAM_B.Rot 5045.JPG,Grape___Black_rot,11
data/PlantVillage-Dataset/raw/color/Potato___Late_blight/7514a101-a131-449a-9dcd-80ba8733f124___RS_LB 4879.JPG,Potato___Late_blight,21
data/PlantVillage-Dataset/raw/color/Apple___Cedar_apple_rust/4ddf4752-f02c-40ae-a2a8-19095f07137d___FREC_C.Rust 3733.JPG,Apple___Cedar_apple_rust,2
data/PlantVillage-Dataset/raw/color/Apple___Black_rot/977c9b03-47f2-412d-a73d-7e647e973336___JR_FrgE.S 2887.JPG,Apple___Black_rot,1
data/PlantVillage-Dataset/raw/color/Grape___healthy/7d75ec5d-6b46-4017-85f6-0d559a349e9f___Mt.N.V_HL 9104.JPG,Grape___healthy,14
data/PlantVillage-Dataset/raw/color/Peach___Bacterial_spot/9de75cf1-80f7-4504-af09-f9273db8c9c1___Rut._Bact.S 0971.JPG,Peach___Bacterial_spot,16
data/PlantVillage-Dataset/raw/color/Corn_(maize)___Cercospora_leaf_spot Gray_leaf_spot/28132313-02f5-4116-b7e6-5b0d33b1868f___RS_GLSp 7334 copy.jpg,Corn_(maize)___Cercospora_leaf_spot Gray_leaf_spot,7
data/PlantVillage-Dataset/raw/color/Apple___Cedar_apple_rust/24f68f21-8edb-49df-b0f1-d75ac66631fd___FREC_C.Rust 9937.JPG,Apple___Cedar_apple_rust,2
data/PlantVillage-Dataset/raw/color/Tomato___Late_blight/f66ada20-cd47-4393-b7c6-87f1f39fd741___GHLB_PS Leaf 41.1 Day 18.jpg,Tomato___Late_blight,30
data/PlantVillage-Dataset/raw/color/Peach___Bacterial_spot/463ea046-79be-4651-93ce-c986970139cc___Rutg._Bact.S 1971.JPG,Peach___Bacterial_spot,16
data/PlantVillage-Dataset/raw/color/Tomato___Target_Spot/7fa1e7ff-e067-4639-b275-1b2bee9e0100___Com.G_TgS_FL 8100.JPG,Tomato___Target_Spot,34
data/PlantVillage-Dataset/raw/color/Grape___Black_rot/09cfe515-118c-475d-9f94-de565f56eb69___FAM_B.Rot 0360.JPG,Grape___Black_rot,11
data/PlantVillage-Dataset/raw/color/Grape___healthy/781d2be9-b340-47ee-a21d-05f34b319e5f___Mt.N.V_HL 6021.JPG,Grape___healthy,14
data/PlantVillage-Dataset/raw/color/Peach___Bacterial_spot/b2d2c3bb-3b48-4149-b0fb-40c4e5b74585___Rut._Bact.S 1076.JPG,Peach___Bacterial_spot,16
data/PlantVillage-Dataset/raw/color/Corn_(maize)___Common_rust_/RS_Rust 1614.JPG,Corn_(maize)___Common_rust_,8
data/PlantVillage-Dataset/raw/color/Apple___healthy/831c37a3-44c3-4f1e-9fa2-4c10551809d2___RS_HL 6108.JPG,Apple___healthy,3
data/PlantVillage-Dataset/raw/color/Tomato___healthy/6e970455-6b05-4c23-82e0-ce913197ff8e___RS_HL 9684.JPG,Tomato___healthy,37
data/PlantVillage-Dataset/raw/color/Corn_(maize)___Common_rust_/RS_Rust 1665.JPG,Corn_(maize)___Common_rust_,8
data/PlantVillage-Dataset/raw/color/Apple___Black_rot/ca07e05a-e6a2-4651-b4fd-e54f0d1c58b7___JR_FrgE.S 2840.JPG,Apple___Black_rot,1
data/PlantVillage-Dataset/raw/color/Corn_(maize)___Common_rust_/RS_Rust 2189.JPG,Corn_(maize)___Common_rust_,8
data/PlantVillage-Dataset/raw/color/Grape___healthy/0dca4cc0-2f37-4d55-8060-ce5e2137fd45___Mt.N.V_HL 9077.JPG,Grape___healthy,14
data/PlantVillage-Dataset/raw/color/Tomato___Leaf_Mold/2aa4f976-9ac1-496d-9b58-0ec03e4bbad8___Crnl_L.Mold 7067.JPG,Tomato___Leaf_Mold,31
"data/PlantVillage-Dataset/raw/color/Pepper,_bell___Bacterial_spot/dbc3b845-7e0f-4097-85b9-0593b3a222b8___NREC_B.Spot 1981.JPG","Pepper,_bell___Bacterial_spot",18
"data/PlantVillage-Dataset/raw/color/Pepper,_bell___healthy/8df9ced4-88b2-496e-8988-b82f7e94c103___JR_HL 7671.JPG","Pepper,_bell___healthy",19
data/PlantVillage-Dataset/raw/color/Grape___healthy/ac753212-e6d7-44b9-9722-4413a7418ab3___Mt.N.V_HL 6178.JPG,Grape___healthy,14
data/PlantVillage-Dataset/raw/color/Grape___Leaf_blight_(Isariopsis_Leaf_Spot)/7432782e-a5ef-4f95-aef4-c002e947092a___FAM_L.Blight 4866.JPG,Grape___Leaf_blight_(Isariopsis_Leaf_Spot),13
data/PlantVillage-Dataset/raw/color/Tomato___healthy/70ae81f5-0d05-4b69-a182-fa35bb3fe0ad___GH_HL Leaf 339.1.JPG,Tomato___healthy,37
data/PlantVillage-Dataset/raw/color/Corn_(maize)___healthy/c7356006-ca58-4bfd-acb1-5ccd6dbf9d4b___R.S_HL 8310 copy 2.jpg,Corn_(maize)___healthy,10
data/PlantVillage-Dataset/raw/color/Apple___Apple_scab/4a50158d-dcd0-4a1f-885e-2d9b16a4e344___FREC_Scab 3205.JPG,Apple___Apple_scab,0
data/PlantVillage-Dataset/raw/color/Squash___Powdery_mildew/85383333-c4bd-44f8-85fd-90016431a4d7___UMD_Powd.M 0294.JPG,Squash___Powdery_mildew,25
data/PlantVillage-Dataset/raw/color/Peach___Bacterial_spot/be643bbd-ce87-48d1-8574-6f7011fecf0d___Rut._Bact.S 1507.JPG,Peach___Bacterial_spot,16
data/PlantVillage-Dataset/raw/color/Tomato___Early_blight/42c0d61f-b28e-43e9-9fa3-bb03c6ec086a___RS_Erly.B 9601.JPG,Tomato___Early_blight,29
data/PlantVillage-Dataset/raw/color/Cherry_(including_sour)___Powdery_mildew/90a92942-d448-4394-a618-f7b7236f0fc3___FREC_Pwd.M 5002.JPG,Cherry_(including_sour)___Powdery_mildew,5
data/PlantVillage-Dataset/raw/color/Raspberry___healthy/50afaeb0-372d-4b4f-a0e7-3a792bfdf2d8___Mary_HL 9203.JPG,Raspberry___healthy,23
data/PlantVillage-Dataset/raw/color/Corn_(maize)___healthy/ac697b79-40fa-4d91-91e6-775982de76e5___R.S_HL 5507 copy 2.jpg,Corn_(maize)___healthy,10
data/PlantVillage-Dataset/raw/color/Squash___Powdery_mildew/dc48a560-a190-4106-bf93-0028659c7150___UMD_Powd.M 0736.JPG,Squash___Powdery_mildew,25
data/PlantVillage-Dataset/raw/color/Tomato___healthy/0c4b06d5-4053-44fc-99b6-504934fdd3a9___GH_HL Leaf 199.1.JPG,Tomato___healthy,37
data/PlantVillage-Dataset/raw/color/Blueberry___healthy/f95f5019-96f8-4bbe-a88c-d8767ddbcf69___RS_HL 5142.JPG,Blueberry___healthy,4
data/PlantVillage-Dataset/raw/color/Raspberry___healthy/de3b86c7-8f0b-4cd8-ab11-2450fff0ec52___Mary_HL 9154.JPG,Raspberry___healthy,23
data/PlantVillage-Dataset/raw/color/Apple___Cedar_apple_rust/9f7d070e-f51d-4b14-86e4-6f059ea4eca7___FREC_C.Rust 0210.JPG,Apple___Cedar_apple_rust,2
data/PlantVillage-Dataset/raw/color/Potato___Late_blight/4ce7142d-29a5-4fa0-8559-f9a2e6a3f62d___RS_LB 3189.JPG,Potato___Late_blight,21
data/PlantVillage-Dataset/raw/color/Grape___healthy/29fe6146-b910-437d-991b-9f684c876846___Mt.N.V_HL 8999.JPG,Grape___healthy,14
data/PlantVillage-Dataset/raw/color/Apple___Cedar_apple_rust/2af1177b-1a2f-4dbe-b7f1-93118342d44e___FREC_C.Rust 0036.JPG,Apple___Cedar_apple_rust,2
data/PlantVillage-Dataset/raw/color/Cherry_(including_sour)___healthy/69f4388a-774e-450b-88ae-40e21ebe18d9___JR_HL 4040.JPG,Cherry_(including_sour)___healthy,6
data/PlantVillage-Dataset/raw/color/Tomato___Late_blight/5ad08690-9554-4978-a7b5-1a5cc0c1fb72___RS_Late.B 4988.JPG,Tomato___Late_blight,30
data/PlantVillage-Dataset/raw/color/Grape___healthy/f8d88a5d-df3b-46b0-ad41-547660c582ad___Mt.N.V_HL 6101.JPG,Grape___healthy,14
data/PlantVillage-Dataset/raw/color/Peach___healthy/0598c367-7200-4f61-af7b-eddb6bf99e55___Rutg._HL 3737.JPG,Peach___healthy,17
data/PlantVillage-Dataset/raw/color/Potato___Late_blight/5576794b-902c-4df2-ae8d-da30faa37d5d___RS_LB 4443.JPG,Potato___Late_blight,21
data/PlantVillage-Dataset/raw/color/Potato___healthy/750584fd-72e0-45c8-b37c-97208bd559cc___RS_HL 1885.JPG,Potato___healthy,22
data/PlantVillage-Dataset/raw/color/Potato___Early_blight/ac40d7e9-e650-40f1-b894-22f495febefd___RS_Early.B 7276.JPG,Potato___Early_blight,20
data/PlantVillage-Dataset/raw/color/Corn_(maize)___healthy/3a7861a7-1fc8-4986-8c21-5bef0ebeb3cb___R.S_HL 8087 copy 2.jpg,Corn_(maize)___healthy,10
data/PlantVillage-Dataset/raw/color/Tomato___Leaf_Mold/55cc7d97-c88a-4053-8691-288e94bf96b0___Crnl_L.Mold 9182.JPG,Tomato___Leaf_Mold,31
data/PlantVillage-Dataset/raw/color/Grape___Esca_(Black_Measles)/2d9df9cb-09ce-4581-b3fa-e61cfe21015e___FAM_B.Msls 4173.JPG,Grape___Esca_(Black_Measles),12
data/PlantVillage-Dataset/raw/color/Soybean___healthy/39caaf41-4805-4376-942c-36e3cccacd1c___RS_HL 5414.JPG,Soybean___healthy,24
data/PlantVillage-Dataset/raw/color/Tomato___Tomato_mosaic_virus/66778ba1-eb89-4597-913a-71c68eb0251e___PSU_CG 2274.JPG,Tomato___Tomato_mosaic_virus,36
data/PlantVillage-Dataset/raw/color/Tomato___Tomato_mosaic_virus/17964172-e35d-45c6-8273-ae73dfab0cb3___PSU_CG 2074.JPG,Tomato___Tomato_mosaic_virus,36
data/PlantVillage-Dataset/raw/color/Apple___Cedar_apple_rust/025b2b9a-0ec4-4132-96ac-7f2832d0db4a___FREC_C.Rust 3655.JPG,Apple___Cedar_apple_rust,2
data/PlantVillage-Dataset/raw/color/Grape___healthy/7c10d5ab-f960-4fa6-a965-8c825df24810___Mt.N.V_HL 9041.JPG,Grape___healthy,14
data/PlantVillage-Dataset/raw/color/Tomato___healthy/807ee562-f616-4cf6-a28e-b4db6536a203___RS_HL 0050.JPG,Tomato___healthy,37
data/PlantVillage-Dataset/raw/color/Potato___Late_blight/04fe5855-ec9c-40b3-9893-ca8addc236bd___RS_LB 4913.JPG,Potato___Late_blight,21
data/PlantVillage-Dataset/raw/color/Tomato___Early_blight/d3fd3d9c-60ba-432c-a4a7-049f014ecace___RS_Erly.B 7696.JPG,Tomato___Early_blight,29
data/PlantVillage-Dataset/raw/color/Tomato___Leaf_Mold/128f8a8f-257f-4fb1-b4c3-4eeb524af355___Crnl_L.Mold 8985.JPG,Tomato___Leaf_Mold,31
data/PlantVillage-Dataset/raw/color/Tomato___healthy/f2dc7ab2-444b-413b-b745-03350259c1fc___RS_HL 0326.JPG,Tomato___healthy,37
data/PlantVillage-Dataset/raw/color/Tomato___Septoria_leaf_spot/3a1f89c1-9f3b-47ec-aafc-7f2ba2558d6d___Matt.S_CG 6856.JPG,Tomato___Septoria_leaf_spot,32
data/PlantVillage-Dataset/raw/color/Tomato___Tomato_mosaic_virus/dcbf5ac4-f25b-4e62-999b-44e1892db4ab___PSU_CG 2107.JPG,Tomato___Tomato_mosaic_virus,36
data/PlantVillage-Dataset/raw/color/Grape___Leaf_blight_(Isariopsis_Leaf_Spot)/cfe478f6-9bc2-4c85-9405-dc94c520a1ad___FAM_L.Blight 4713.JPG,Grape___Leaf_blight_(Isariopsis_Leaf_Spot),13
data/PlantVillage-Dataset/raw/color/Tomato___Tomato_Yellow_Leaf_Curl_Virus/7bc84e32-7cd8-466c-9000-d32ee7e75e9c___UF.GRC_YLCV_Lab 02674.JPG,Tomato___Tomato_Yellow_Leaf_Curl_Virus,35
data/PlantVillage-Dataset/raw/color/Grape___Black_rot/57d3f36f-3d36-4f22-88e9-54f07de2a708___FAM_B.Rot 0601.JPG,Grape___Black_rot,11
data/PlantVillage-Dataset/raw/color/Apple___healthy/a0167593-6219-479d-9e28-161dfea5b19a___RS_HL 5790.JPG,Apple___healthy,3
data/PlantVillage-Dataset/raw/color/Peach___healthy/9ee9f1f1-b48f-4293-af78-feb15b7d6909___Rutg._HL 3661.JPG,Peach___healthy,17
data/PlantVillage-Dataset/raw/color/Grape___healthy/f90f64a4-437d-4673-a51f-4c5660999921___Mt.N.V_HL 9066.JPG,Grape___healthy,14
data/PlantVillage-Dataset/raw/color/Tomato___healthy/8d39c92d-db17-4a32-a350-1fa670fe2268___GH_HL Leaf 224.JPG,Tomato___healthy,37
data/PlantVillage-Dataset/raw/color/Peach___healthy/5f517529-5fed-4253-b931-582c5edbf281___Rutg._HL 3647.JPG,Peach___healthy,17
data/PlantVillage-Dataset/raw/color/Orange___Haunglongbing_(Citrus_greening)/c7d3e353-0f85-4473-9620-953edcfd8d1e___UF.Citrus_HLB_Lab 0378.JPG,Orange___Haunglongbing_(Citrus_greening),15
data/PlantVillage-Dataset/raw/color/Corn_(maize)___Cercospora_leaf_spot Gray_leaf_spot/acd57276-c222-4f47-b9df-c0728aad7183___RS_GLSp 9281.JPG,Corn_(maize)___Cercospora_leaf_spot Gray_leaf_spot,7
"data/PlantVillage-Dataset/raw/color/Pepper,_bell___Bacterial_spot/b5d5a42e-5d4f-4429-8923-aee42e0a0c5d___NREC_B.Spot 9189.JPG","Pepper,_bell___Bacterial_spot",18
data/PlantVillage-Dataset/raw/color/Potato___healthy/1dcfeaa9-006d-470c-b3e5-d67609d07d4e___RS_HL 1808.JPG,Potato___healthy,22
data/PlantVillage-Dataset/raw/color/Corn_(maize)___Common_rust_/RS_Rust 1671.JPG,Corn_(maize)___Common_rust_,8
data/PlantVillage-Dataset/raw/color/Apple___Cedar_apple_rust/290ad123-7702-4219-9773-17e07f22438c___FREC_C.Rust 4444.JPG,Apple___Cedar_apple_rust,2
data/PlantVillage-Dataset/raw/color/Potato___Late_blight/d752ca70-320b-4d33-970f-8f3eead9141e___RS_LB 3166.JPG,Potato___Late_blight,21
data/PlantVillage-Dataset/raw/color/Blueberry___healthy/c8352fda-4d78-40d1-b626-c25959cd62c0___RS_HL 0350.JPG,Blueberry___healthy,4
data/PlantVillage-Dataset/raw/color/Tomato___Late_blight/40076fd7-8c21-41a4-9bc9-3c1c53e1a865___RS_Late.B 5594.JPG,Tomato___Late_blight,30
data/PlantVillage-Dataset/raw/color/Soybean___healthy/a94cf907-ccea-4655-85c0-9ed3a9b4dc31___RS_HL 5240.JPG,Soybean___healthy,24
data/PlantVillage-Dataset/raw/color/Potato___Early_blight/4a7c680d-9c18-4065-a6e0-70cd2d0a3207___RS_Early.B 8107.JPG,Potato___Early_blight,20
data/PlantVillage-Dataset/raw/color/Grape___Esca_(Black_Measles)/f8bff337-eefa-42cd-a196-b0b9832e6610___FAM_B.Msls 3908.JPG,Grape___Esca_(Black_Measles),12
data/PlantVillage-Dataset/raw/color/Cherry_(including_sour)___healthy/fbe2d91f-dce3-4e45-8d56-c0179460478a___JR_HL 9785.JPG,Cherry_(including_sour)___healthy,6
data/PlantVillage-Dataset/raw/color/Blueberry___healthy/d97d4580-3a97-4c22-b4bc-5fc52be3776c___RS_HL 0459.JPG,Blueberry___healthy,4
data/PlantVillage-Dataset/raw/color/Tomato___Target_Spot/124f6318-c33b-4344-babd-d8f16be507c1___Com.G_TgS_FL 0857.JPG,Tomato___Target_Spot,34
data/PlantVillage-Dataset/raw/color/Cherry_(including_sour)___healthy/f9b8d4e1-ad95-4bb2-b494-22c3004dda8f___JR_HL 9561.JPG,Cherry_(including_sour)___healthy,6
data/PlantVillage-Dataset/raw/color/Corn_(maize)___Common_rust_/RS_Rust 1910.JPG,Corn_(maize)___Common_rust_,8
data/PlantVillage-Dataset/raw/color/Grape___healthy/1180dbb8-4509-4f56-a5f6-15ceac163ff9___Mt.N.V_HL 8928.JPG,Grape___healthy,14
data/PlantVillage-Dataset/raw/color/Corn_(maize)___Common_rust_/RS_Rust 2380.JPG,Corn_(maize)___Common_rust_,8
data/PlantVillage-Dataset/raw/color/Grape___Black_rot/77d32e10-b251-48aa-9da4-96332bb3ac78___FAM_B.Rot 0574.JPG,Grape___Black_rot,11
data/PlantVillage-Dataset/raw/color/Tomato___Bacterial_spot/2bb3c4e6-350a-411b-a1d2-d33f6173b1b9___UF.GRC_BS_Lab Leaf 0258.JPG,Tomato___Bacterial_spot,28
data/PlantVillage-Dataset/raw/color/Peach___Bacterial_spot/c8fb8d39-1415-4825-a1c2-7b96a7eb2208___Rutg._Bact.S 2125.JPG,Peach___Bacterial_spot,16
data/PlantVillage-Dataset/raw/color/Soybean___healthy/b3d010c1-8c96-4674-b526-04a0874aa543___RS_HL 4839.JPG,Soybean___healthy,24
data/PlantVillage-Dataset/raw/color/Cherry_(including_sour)___healthy/e17d011f-33b9-42bf-ae5d-8cff49ff2cdc___JR_HL 4207.JPG,Cherry_(including_sour)___healthy,6
data/PlantVillage-Dataset/raw/color/Corn_(maize)___Cercospora_leaf_spot Gray_leaf_spot/d7a856cb-b30e-4c26-9814-ce6ca9a9f188___RS_GLSp 4676.JPG,Corn_(maize)___Cercospora_leaf_spot Gray_leaf_spot,7
"data/PlantVillage-Dataset/raw/color/Pepper,_bell___healthy/8e68dd51-f132-4aed-ad05-1ae0d743d984___JR_HL 8623.JPG","Pepper,_bell___healthy",19
data/PlantVillage-Dataset/raw/color/Tomato___Target_Spot/0e763e60-8821-4484-9793-f8ee4f515127___Com.G_TgS_FL 8135.JPG,Tomato___Target_Spot,34
data/PlantVillage-Dataset/raw/color/Tomato___Septoria_leaf_spot/8b9ca191-719d-40cf-9077-89d9534dee6b___JR_Sept.L.S 8457.JPG,Tomato___Septoria_leaf_spot,32
data/PlantVillage-Dataset/raw/color/Tomato___Target_Spot/9cde1f91-752e-4b1c-8c27-020937bebf34___Com.G_TgS_FL 8190.JPG,Tomato___Target_Spot,34
data/PlantVillage-Dataset/raw/color/Grape___healthy/d7630b13-7701-436c-82c4-0a9a8248d6ee___Mt.N.V_HL 6187.JPG,Grape___healthy,14
data/PlantVillage-Dataset/raw/color/Apple___healthy/036e9351-118e-4795-9f80-74c369b98c88___RS_HL 7513.JPG,Apple___healthy,3
data/PlantVillage-Dataset/raw/color/Grape___Leaf_blight_(Isariopsis_Leaf_Spot)/c468be0f-2fa1-4254-aa26-64510b0da2c8___FAM_L.Blight 4922.JPG,Grape___Leaf_blight_(Isariopsis_Leaf_Spot),13
data/PlantVillage-Dataset/raw/color/Cherry_(including_sour)___healthy/170d5af5-538b-4cf3-b344-de385bc254f8___JR_HL 4149.JPG,Cherry_(including_sour)___healthy,6
data/PlantVillage-Dataset/raw/color/Apple___healthy/d9983cb7-98ea-4dff-b283-faa1d93faa36___RS_HL 7749.JPG,Apple___healthy,3
data/PlantVillage-Dataset/raw/color/Grape___Black_rot/b3d0643a-3432-4aca-ad64-aeedb1b9aba5___FAM_B.Rot 0491.JPG,Grape___Black_rot,11
data/PlantVillage-Dataset/raw/color/Tomato___Early_blight/13c87a78-0a62-4aff-b6f3-fcbf1a8323e6___RS_Erly.B 9612.JPG,Tomato___Early_blight,29
data/PlantVillage-Dataset/raw/color/Tomato___Tomato_Yellow_Leaf_Curl_Virus/ba8c4402-b5de-49dc-9991-e5d288d48ffe___UF.GRC_YLCV_Lab 02332.JPG,Tomato___Tomato_Yellow_Leaf_Curl_Virus,35
data/PlantVillage-Dataset/raw/color/Tomato___Leaf_Mold/0c0debed-e807-4236-a2e3-d9b72f54367f___Crnl_L.Mold 6899.JPG,Tomato___Leaf_Mold,31
data/PlantVillage-Dataset/raw/color/Tomato___Spider_mites Two-spotted_spider_mite/4507779d-5b5d-4c5d-83d4-8eea46679249___Com.G_SpM_FL 9324.JPG,Tomato___Spider_mites Two-spotted_spider_mite,33
data/PlantVillage-Dataset/raw/color/Potato___Late_blight/37c47f95-2216-4f78-87a1-504b198a4f4c___RS_LB 4327.JPG,Potato___Late_blight,21
data/PlantVillage-Dataset/raw/color/Tomato___Late_blight/36193f11-7789-416d-b0dd-0cae49f74836___GHLB Leaf 23.2 Day 18.JPG,Tomato___Late_blight,30
data/PlantVillage-Dataset/raw/color/Tomato___Septoria_leaf_spot/3287491a-0971-4fc4-bbdf-c5f8bd8cb224___JR_Sept.L.S 8508.JPG,Tomato___Septoria_leaf_spot,32
data/PlantVillage-Dataset/raw/color/Blueberry___healthy/55552309-237c-4b2f-a2df-2646e99e29a9___RS_HL 0476.JPG,Blueberry___healthy,4
data/PlantVillage-Dataset/raw/color/Blueberry___healthy/fba547fd-7f28-4977-a912-9b0e104c54f6___RS_HL 4888.JPG,Blueberry___healthy,4
data/PlantVillage-Dataset/raw/color/Apple___Cedar_apple_rust/d46c67aa-e05c-48f7-9287-fbc727396c9e___FREC_C.Rust 4036.JPG,Apple___Cedar_apple_rust,2
data/PlantVillage-Dataset/raw/color/Tomato___Leaf_Mold/9352c724-ec44-4955-a845-62577931d3db___Crnl_L.Mold 7013.JPG,Tomato___Leaf_Mold,31
data/PlantVillage-Dataset/raw/color/Soybean___healthy/603fd431-c503-4761-991f-b90670c6e96d___RS_HL 3282.JPG,Soybean___healthy,24
data/PlantVillage-Dataset/raw/color/Tomato___Late_blight/aee192d9-666e-4ef8-aa5e-86d09d14216c___GHLB2 Leaf 8582.JPG,Tomato___Late_blight,30
data/PlantVillage-Dataset/raw/color/Orange___Haunglongbing_(Citrus_greening)/00851efb-6f50-4e70-9ca8-8eebab4da54e___CREC_HLB 7131.JPG,Orange___Haunglongbing_(Citrus_greening),15
data/PlantVillage-Dataset/raw/color/Blueberry___healthy/d9a51145-38e9-410a-bb78-5f57ab02a177___RS_HL 2474.JPG,Blueberry___healthy,4
data/PlantVillage-Dataset/raw/color/Tomato___healthy/2b14b93f-0664-4b7f-93fa-b7d3df03dc06___GH_HL Leaf 508.1.JPG,Tomato___healthy,37
data/PlantVillage-Dataset/raw/color/Potato___healthy/f5bd2732-197b-4d8e-bb50-a4966dc416f5___RS_HL 1840.JPG,Potato___healthy,22
data/PlantVillage-Dataset/raw/color/Corn_(maize)___Northern_Leaf_Blight/5fc48a9b-7aee-4262-adf3-1102e354dd61___RS_NLB 3690.JPG,Corn_(maize)___Northern_Leaf_Blight,9
data/PlantVillage-Dataset/raw/color/Tomato___Leaf_Mold/db0e6ad7-58db-478e-9b17-37bb603363d1___Crnl_L.Mold 8863.JPG,Tomato___Leaf_Mold,31
data/PlantVillage-Dataset/raw/color/Tomato___Tomato_mosaic_virus/2f240e5e-cbb9-406a-98aa-12028411429c___PSU_CG 2123.JPG,Tomato___Tomato_mosaic_virus,36
data/PlantVillage-Dataset/raw/color/Cherry_(including_sour)___Powdery_mildew/182a4f7e-026f-4f73-a3a6-3345b9f82840___FREC_Pwd.M 4691.JPG,Cherry_(including_sour)___Powdery_mildew,5
data/PlantVillage-Dataset/raw/color/Potato___Early_blight/4eb1fee6-e288-4c32-841d-9fc1d1824508___RS_Early.B 8446.JPG,Potato___Early_blight,20
data/PlantVillage-Dataset/raw/color/Cherry_(including_sour)___healthy/6fdf8890-145d-4390-9e9d-eb529a4abb3d___JR_HL 4252.JPG,Cherry_(including_sour)___healthy,6
data/PlantVillage-Dataset/raw/color/Tomato___Late_blight/0dc24e61-c636-49e4-9a3d-3aa9a0efb429___GHLB2ES Leaf 69.JPG,Tomato___Late_blight,30
data/PlantVillage-Dataset/raw/color/Soybean___healthy/33756bc0-8988-4a8e-b30c-17e18143d613___RS_HL 4496.JPG,Soybean___healthy,24
data/PlantVillage-Dataset/raw/color/Tomato___Spider_mites Two-spotted_spider_mite/d7ec2060-8c68-4b79-af37-c13bc51f9226___Com.G_SpM_FL 8595.JPG,Tomato___Spider_mites Two-spotted_spider_mite,33
data/PlantVillage-Dataset/raw/color/Peach___Bacterial_spot/49d51811-aa39-4b46-9a5c-0f8a1e1f2100___Rutg._Bact.S 1175.JPG,Peach___Bacterial_spot,16
data/PlantVillage-Dataset/raw/color/Tomato___Target_Spot/0a578317-a98b-4e26-b17b-cd2930330375___Com.G_TgS_FL 0785.JPG,Tomato___Target_Spot,34
data/PlantVillage-Dataset/raw/color/Tomato___Bacterial_spot/d903df67-fe54-4892-be62-1db1a8bbe6d2___GCREC_Bact.Sp 5942.JPG,Tomato___Bacterial_spot,28
data/PlantVillage-Dataset/raw/color/Apple___Cedar_apple_rust/77f413dd-06cd-4e01-92f9-fdb8d0320b68___FREC_C.Rust 0089.JPG,Apple___Cedar_apple_rust,2
data/PlantVillage-Dataset/raw/color/Apple___healthy/80089e7a-4c0c-492b-ac23-753be3617cbf___RS_HL 6099.JPG,Apple___healthy,3
data/PlantVillage-Dataset/raw/color/Corn_(maize)___Cercospora_leaf_spot Gray_leaf_spot/27d44f36-eb1b-42df-b32f-ba8373b08e46___RS_GLSp 4416.JPG,Corn_(maize)___Cercospora_leaf_spot Gray_leaf_spot,7
data/PlantVillage-Dataset/raw/color/Potato___healthy/dbe4f332-9189-4b76-b30c-f0c9a55e48d3___RS_HL 1841.JPG,Potato___healthy,22
data/PlantVillage-Dataset/raw/color/Strawberry___Leaf_scorch/43ef6ba3-ebde-4656-92dd-1906ee79ddce___RS_L.Scorch 1564.JPG,Strawberry___Leaf_scorch,26
data/PlantVillage-Dataset/raw/color/Tomato___Late_blight/7f8ee689-9c51-4f8b-baa2-3ce1125b765e___GHLB2 Leaf 8569.JPG,Tomato___Late_blight,30
data/PlantVillage-Dataset/raw/color/Strawberry___healthy/bc67ea12-4c8f-443f-a815-87eeeb2e78b3___RS_HL 4476.JPG,Strawberry___healthy,27
data/PlantVillage-Dataset/raw/color/Grape___healthy/e6d82c66-3d9e-4491-a5f7-9c16dd7ce6a0___Mt.N.V_HL 9054.JPG,Grape___healthy,14
data/PlantVillage-Dataset/raw/color/Tomato___Target_Spot/2e6677ea-2788-49fd-86bc-1a3d3842725d___Com.G_TgS_FL 1092.JPG,Tomato___Target_Spot,34
data/PlantVillage-Dataset/raw/color/Corn_(maize)___healthy/140c237b-266b-4ea2-a13e-bbc8915dc53a___R.S_HL 5495 copy 2.jpg,Corn_(maize)___healthy,10
data/PlantVillage-Dataset/raw/color/Corn_(maize)___Common_rust_/RS_Rust 1931.JPG,Corn_(maize)___Common_rust_,8
data/PlantVillage-Dataset/raw/color/Cherry_(including_sour)___Powdery_mildew/82002c9f-b763-411f-9795-497c1de9ca6d___FREC_Pwd.M 0249.JPG,Cherry_(including_sour)___Powdery_mildew,5
data/PlantVillage-Dataset/raw/color/Apple___Cedar_apple_rust/949d3f98-9992-4f2d-8384-a74d3e9a4ae8___FREC_C.Rust 0197.JPG,Apple___Cedar_apple_rust,2
data/PlantVillage-Dataset/raw/color/Potato___healthy/43fd6ace-3712-494a-9aba-de5482d22561___RS_HL 1968.JPG,Potato___healthy,22
data/PlantVillage-Dataset/raw/color/Corn_(maize)___Cercospora_leaf_spot Gray_leaf_spot/ca1f4a1f-eacf-4fa9-9649-32353c8cc164___RS_GLSp 7342.JPG,Corn_(maize)___Cercospora_leaf_spot Gray_leaf_spot,7
data/PlantVillage-Dataset/raw/color/Tomato___Target_Spot/5505b810-002e-47db-9817-3562f9fcf6ea___Com.G_TgS_FL 8122.JPG,Tomato___Target_Spot,34
data/PlantVillage-Dataset/raw/color/Tomato___Spider_mites Two-spotted_spider_mite/bc4f7252-fbc8-4c31-9d62-5371e7073c7d___Com.G_SpM_FL 8461.JPG,Tomato___Spider_mites Two-spotted_spider_mite,33
data/PlantVillage-Dataset/raw/color/Corn_(maize)___Cercospora_leaf_spot Gray_leaf_spot/716dd056-ffe4-4e09-a26f-6c90991b1aff___RS_GLSp 4288 copy.jpg,Corn_(maize)___Cercospora_leaf_spot Gray_leaf_spot,7
data/PlantVillage-Dataset/raw/color/Raspberry___healthy/12a43ab6-1f18-4b10-9fb4-4865b216d28e___Mary_HL 9156.JPG,Raspberry___healthy,23
data/PlantVillage-Dataset/raw/color/Tomato___Leaf_Mold/9d807622-ab39-4aa3-a70a-a2a62aa17679___Crnl_L.Mold 9136.JPG,Tomato___Leaf_Mold,31
"data/PlantVillage-Dataset/raw/color/Pepper,_bell___healthy/f4c9f089-0129-4aee-968a-d3348b5a2145___JR_HL 7647.JPG","Pepper,_bell___healthy",19
data/PlantVillage-Dataset/raw/color/Grape___Leaf_blight_(Isariopsis_Leaf_Spot)/0231ac9c-05aa-4710-8753-819c721b29b5___FAM_L.Blight 4639.JPG,Grape___Leaf_blight_(Isariopsis_Leaf_Spot),13
data/PlantVillage-Dataset/raw/color/Tomato___Septoria_leaf_spot/22709956-4b66-48a8-a03b-e82f095153ba___JR_Sept.L.S 2491.JPG,Tomato___Septoria_leaf_spot,32
data/PlantVillage-Dataset/raw/color/Soybean___healthy/2217d8a9-632c-43a3-aa37-ddf14c43be6f___RS_HL 5150.JPG,Soybean___healthy,24
data/PlantVillage-Dataset/raw/color/Orange___Haunglongbing_(Citrus_greening)/ae6208b2-1ffd-4596-96c3-b476b6fd78ab___UF.Citrus_HLB_Lab 1728.JPG,Orange___Haunglongbing_(Citrus_greening),15
data/PlantVillage-Dataset/raw/color/Apple___healthy/445d268a-415e-41d4-80de-0116fdaca73d___RS_HL 5982.JPG,Apple___healthy,3
"data/PlantVillage-Dataset/raw/color/Pepper,_bell___healthy/878a0875-d39e-483e-829a-dc3d7ff5bd7b___JR_HL 8503.JPG","Pepper,_bell___healthy",19
data/PlantVillage-Dataset/raw/color/Potato___healthy/e51367c1-d582-45e3-acf6-b0e652b43d3a___RS_HL 1873.JPG,Potato___healthy,22
data/PlantVillage-Dataset/raw/color/Grape___healthy/5a726e51-407a-4a85-a671-65a82d275fda___Mt.N.V_HL 8961.JPG,Grape___healthy,14
data/PlantVillage-Dataset/raw/color/Corn_(maize)___healthy/64d75b51-f153-4bb5-84b4-d7fcb8279f25___R.S_HL 8018 copy 2.jpg,Corn_(maize)___healthy,10
data/PlantVillage-Dataset/raw/color/Apple___Cedar_apple_rust/763123be-8a12-4d7a-8fa5-deff863b70f9___FREC_C.Rust 3691.JPG,Apple___Cedar_apple_rust,2
data/PlantVillage-Dataset/raw/color/Potato___Early_blight/996c0f04-a33a-4620-8971-469e009abae7___RS_Early.B 8869.JPG,Potato___Early_blight,20
data/PlantVillage-Dataset/raw/color/Tomato___Target_Spot/46e01033-9285-43bf-8596-2f09789c0d83___Com.G_TgS_FL 8283.JPG,Tomato___Target_Spot,34
data/PlantVillage-Dataset/raw/color/Apple___Black_rot/24420d48-c47b-4e67-959a-bf28131abbdc___JR_FrgE.S 2811.JPG,Apple___Black_rot,1
data/PlantVillage-Dataset/raw/color/Apple___healthy/2a73c206-19c5-4f7c-80da-1bdf62354562___RS_HL 6082.JPG,Apple___healthy,3
data/PlantVillage-Dataset/raw/color/Cherry_(including_sour)___Powdery_mildew/c46dfc73-a21b-4542-a4a1-18c15792d700___FREC_Pwd.M 4996.JPG,Cherry_(including_sour)___Powdery_mildew,5
data/PlantVillage-Dataset/raw/color/Grape___Esca_(Black_Measles)/e9e2bf59-9c4f-4783-9a6c-dac742fb694c___FAM_B.Msls 3964.JPG,Grape___Esca_(Black_Measles),12
"data/PlantVillage-Dataset/raw/color/Pepper,_bell___Bacterial_spot/45de9eff-47b2-4e93-941a-11eeedbefc4f___NREC_B.Spot 1945.JPG","Pepper,_bell___Bacterial_spot",18
data/PlantVillage-Dataset/raw/color/Cherry_(including_sour)___healthy/ac32e22a-5841-4531-8d5a-84f8c5288f4a___JR_HL 9845.JPG,Cherry_(including_sour)___healthy,6
data/PlantVillage-Dataset/raw/color/Cherry_(including_sour)___Powdery_mildew/5050b880-7a98-4f24-a484-014ec59537ee___FREC_Pwd.M 0383.JPG,Cherry_(including_sour)___Powdery_mildew,5
data/PlantVillage-Dataset/raw/color/Apple___Apple_scab/1a4047d7-23d6-4bba-ba10-b6e7005ea01b___FREC_Scab 3193.JPG,Apple___Apple_scab,0
data/PlantVillage-Dataset/raw/color/Grape___Leaf_blight_(Isariopsis_Leaf_Spot)/64659f0c-8927-49f1-b5bc-54df8eb97d35___FAM_L.Blight 4978.JPG,Grape___Leaf_blight_(Isariopsis_Leaf_Spot),13
data/PlantVillage-Dataset/raw/color/Orange___Haunglongbing_(Citrus_greening)/38d2f66c-4b8e-4b91-a870-7a305595e3d2___UF.Citrus_HLB_Lab 9999.JPG,Orange___Haunglongbing_(Citrus_greening),15
data/PlantVillage-Dataset/raw/color/Tomato___Target_Spot/72de301a-fe75-43e7-a7d2-1ee60500b652___Com.G_TgS_FL 9939.JPG,Tomato___Target_Spot,34
data/PlantVillage-Dataset/raw/color/Squash___Powdery_mildew/7a071470-1eb1-4555-a280-3b228e7daecc___MD_Powd.M 0494.JPG,Squash___Powdery_mildew,25
"data/PlantVillage-Dataset/raw/color/Pepper,_bell___Bacterial_spot/ca2cf355-2e1f-4353-b541-7079b06a5893___JR_B.Spot 3117.JPG","Pepper,_bell___Bacterial_spot",18
"data/PlantVillage-Dataset/raw/color/Pepper,_bell___Bacterial_spot/f783ea33-6107-454e-8818-b94e3f1a744e___JR_B.Spot 3113.JPG","Pepper,_bell___Bacterial_spot",18
"data/PlantVillage-Dataset/raw/color/Pepper,_bell___Bacterial_spot/b12cadfe-7823-40f6-9c50-87e509c9dcf7___JR_B.Spot 3393.JPG","Pepper,_bell___Bacterial_spot",18
data/PlantVillage-Dataset/raw/color/Tomato___Septoria_leaf_spot/40373753-a07a-4ccf-b844-3324278d2b54___Keller.St_CG 1903.JPG,Tomato___Septoria_leaf_spot,32
data/PlantVillage-Dataset/raw/color/Tomato___Septoria_leaf_spot/80ec9d60-0f20-4c02-8d63-76108e90bc14___JR_Sept.L.S 8525.JPG,Tomato___Septoria_leaf_spot,32
data/PlantVillage-Dataset/raw/color/Potato___healthy/5a3fc4bb-a78c-4276-8934-f0b037ffb860___RS_HL 5412.JPG,Potato___healthy,22
data/PlantVillage-Dataset/raw/color/Apple___Cedar_apple_rust/fb11d069-d664-4666-ab51-3a7a4284e495___FREC_C.Rust 3791.JPG,Apple___Cedar_apple_rust,2
data/PlantVillage-Dataset/raw/color/Apple___Cedar_apple_rust/fa148283-75ee-4806-8282-63662a2e05c1___FREC_C.Rust 4416.JPG,Apple___Cedar_apple_rust,2
data/PlantVillage-Dataset/raw/color/Apple___healthy/ebfb312e-5c9c-40ed-a193-955439232491___RS_HL 7512.JPG,Apple___healthy,3
"data/PlantVillage-Dataset/raw/color/Pepper,_bell___Bacterial_spot/12342367-f62b-40d0-897b-77bd1edbd3d1___JR_B.Spot 3199.JPG","Pepper,_bell___Bacterial_spot",18
data/PlantVillage-Dataset/raw/color/Tomato___Tomato_Yellow_Leaf_Curl_Virus/b1d3871c-934c-4992-b9e8-bb74271c0ca2___UF.GRC_YLCV_Lab 03027.JPG,Tomato___Tomato_Yellow_Leaf_Curl_Virus,35
data/PlantVillage-Dataset/raw/color/Grape___Leaf_blight_(Isariopsis_Leaf_Spot)/5e8f63c0-aa67-4d3d-86d6-41343405abf5___FAM_L.Blight 4511.JPG,Grape___Leaf_blight_(Isariopsis_Leaf_Spot),13
data/PlantVillage-Dataset/raw/color/Apple___healthy/e77cdcd7-1279-4cd1-87db-9d80721311b4___RS_HL 6283.JPG,Apple___healthy,3
data/PlantVillage-Dataset/raw/color/Grape___Black_rot/68318beb-9638-494e-af5f-ef82c30943f2___FAM_B.Rot 0764.JPG,Grape___Black_rot,11
data/PlantVillage-Dataset/raw/color/Orange___Haunglongbing_(Citrus_greening)/51c8d179-ee6c-47fe-9b5f-4908fe8f6696___CREC_HLB 7371.JPG,Orange___Haunglongbing_(Citrus_greening),15
data/PlantVillage-Dataset/raw/color/Grape___Black_rot/f4939e05-692c-4e69-bb5e-deaa15154031___FAM_B.Rot 0466.JPG,Grape___Black_rot,11
data/PlantVillage-Dataset/raw/color/Grape___Leaf_blight_(Isariopsis_Leaf_Spot)/f00e4bb3-30ff-41af-87ca-dbee7c5fdf7e___FAM_L.Blight 4630.JPG,Grape___Leaf_blight_(Isariopsis_Leaf_Spot),13
data/PlantVillage-Dataset/raw/color/Corn_(maize)___Cercospora_leaf_spot Gray_leaf_spot/aca41693-0f3c-4fae-a692-5fd2a4db2304___RS_GLSp 4389.JPG,Corn_(maize)___Cercospora_leaf_spot Gray_leaf_spot,7
data/PlantVillage-Dataset/raw/color/Tomato___healthy/267fd403-bea5-4a99-ae97-ea1c272623a1___GH_HL Leaf 440.1.JPG,Tomato___healthy,37
data/PlantVillage-Dataset/raw/color/Corn_(maize)___Common_rust_/RS_Rust 2017.JPG,Corn_(maize)___Common_rust_,8
data/PlantVillage-Dataset/raw/color/Tomato___Bacterial_spot/a129e8eb-e2b4-4a8a-a509-f6625da6b11c___GCREC_Bact.Sp 3002.JPG,Tomato___Bacterial_spot,28
data/PlantVillage-Dataset/raw/color/Grape___healthy/63e38ffd-dfb4-4fc0-aee2-0e6da78a9915___Mt.N.V_HL 6028.JPG,Grape___healthy,14
data/PlantVillage-Dataset/raw/color/Tomato___Leaf_Mold/be4ddd9b-9ec8-40dd-8e16-a4cfde6326be___Crnl_L.Mold 9144.JPG,Tomato___Leaf_Mold,31
data/PlantVillage-Dataset/raw/color/Blueberry___healthy/be359185-6775-43a6-8958-2d3b72e846f0___RS_HL 2539.JPG,Blueberry___healthy,4
data/PlantVillage-Dataset/raw/color/Squash___Powdery_mildew/289bb891-4d64-4870-94a0-4bc59c642117___MD_Powd.M 9926.JPG,Squash___Powdery_mildew,25
data/PlantVillage-Dataset/raw/color/Strawberry___healthy/323bde1b-bd54-4af8-b99d-dd3cf6be24bc___RS_HL 2110.JPG,Strawberry___healthy,27
data/PlantVillage-Dataset/raw/color/Tomato___Target_Spot/4acbd8cc-eab9-466d-9d1c-065213652abc___Com.G_TgS_FL 9855.JPG,Tomato___Target_Spot,34
data/PlantVillage-Dataset/raw/color/Apple___healthy/ba78848a-d307-4ba9-bb8e-34de742de684___RS_HL 7266.JPG,Apple___healthy,3
data/PlantVillage-Dataset/raw/color/Corn_(maize)___healthy/ca38172d-5f4b-42aa-bef9-e88b94f7f47d___R.S_HL 7932 copy.jpg,Corn_(maize)___healthy,10
data/PlantVillage-Dataset/raw/color/Squash___Powdery_mildew/65ed1fe2-c507-4590-8767-2a557dd05195___UMD_Powd.M 9778.JPG,Squash___Powdery_mildew,25
data/PlantVillage-Dataset/raw/color/Peach___healthy/b5863a99-11fe-40a9-a765-7b3b757aa7d6___Rutg._HL 3546.JPG,Peach___healthy,17
data/PlantVillage-Dataset/raw/color/Raspberry___healthy/c8b7f062-ef8a-4f2f-bc06-6c63e52b645e___Mary_HL 6312.JPG,Raspberry___healthy,23
data/PlantVillage-Dataset/raw/color/Grape___Black_rot/1151f6a1-64a7-4f9b-84d4-39f1a22466bd___FAM_B.Rot 5028.JPG,Grape___Black_rot,11
data/PlantVillage-Dataset/raw/color/Corn_(maize)___Cercospora_leaf_spot Gray_leaf_spot/f91ae22a-3668-40e0-a578-b7a7dd9d481f___RS_GLSp 4437.JPG,Corn_(maize)___Cercospora_leaf_spot Gray_leaf_spot,7
data/PlantVillage-Dataset/raw/color/Raspberry___healthy/9efc34db-3437-4ba6-b989-70febfb37305___Mary_HL 6298.JPG,Raspberry___healthy,23
data/PlantVillage-Dataset/raw/color/Grape___healthy/fce60e82-c31e-4040-ba92-8dde8410e93f___Mt.N.V_HL 8991.JPG,Grape___healthy,14
data/PlantVillage-Dataset/raw/color/Strawberry___Leaf_scorch/5fc91330-7005-4f57-9676-c57e653c8e12___RS_L.Scorch 1204.JPG,Strawberry___Leaf_scorch,26
data/PlantVillage-Dataset/raw/color/Apple___Cedar_apple_rust/9360a196-fc3f-495e-ab9b-1803bcd87921___FREC_C.Rust 3818.JPG,Apple___Cedar_apple_rust,2
data/PlantVillage-Dataset/raw/color/Raspberry___healthy/c43f2be4-4d7d-4f36-9aaa-4b031ef1c2e1___Mary_HL 9149.JPG,Raspberry___healthy,23
data/PlantVillage-Dataset/raw/color/Corn_(maize)___Northern_Leaf_Blight/8164afe9-7944-4e39-a7e8-f84904c09715___RS_NLB 0780.JPG,Corn_(maize)___Northern_Leaf_Blight,9
data/PlantVillage-Dataset/raw/color/Apple___Black_rot/f24c943a-6339-48a5-bfb0-b866c926dc16___JR_FrgE.S 2931.JPG,Apple___Black_rot,1
data/PlantVillage-Dataset/raw/color/Corn_(maize)___Common_rust_/RS_Rust 2327.JPG,Corn_(maize)___Common_rust_,8
data/PlantVillage-Dataset/raw/color/Tomato___Early_blight/c21e480d-8263-4b9c-b429-4beceb2cb7d0___RS_Erly.B 8292.JPG,Tomato___Early_blight,29
data/PlantVillage-Dataset/raw/color/Apple___Cedar_apple_rust/fc170fda-2b0d-4b02-a569-fbe37a23264d___FREC_C.Rust 3704.JPG,Apple___Cedar_apple_rust,2
data/PlantVillage-Dataset/raw/color/Corn_(maize)___Northern_Leaf_Blight/4ef8e489-cafb-4d59-9fc9-00f8087f0cac___RS_NLB 4172.JPG,Corn_(maize)___Northern_Leaf_Blight,9
data/PlantVillage-Dataset/raw/color/Squash___Powdery_mildew/e929c9b4-d697-4b34-8996-74b88a41e9fb___MD_Powd.M 0518.JPG,Squash___Powdery_mildew,25
data/PlantVillage-Dataset/raw/color/Corn_(maize)___Common_rust_/RS_Rust 1612.JPG,Corn_(maize)___Common_rust_,8
data/PlantVillage-Dataset/raw/color/Tomato___Leaf_Mold/206234e4-72f0-4543-8945-a697ceffe3c9___Crnl_L.Mold 6795.JPG,Tomato___Leaf_Mold,31
"data/PlantVillage-Dataset/raw/color/Pepper,_bell___healthy/0e043e9a-7652-4e7a-aef1-0caa0c085f55___JR_HL 8479.JPG","Pepper,_bell___healthy",19
data/PlantVillage-Dataset/raw/color/Potato___Late_blight/d42061d8-9da0-4190-8dd0-d3629f0cfa53___RS_LB 3954.JPG,Potato___Late_blight,21
data/PlantVillage-Dataset/raw/color/Corn_(maize)___healthy/b6b9231f-639a-49d3-b8ae-0cde9047a17f___R.S_HL 8311 copy.jpg,Corn_(maize)___healthy,10
data/PlantVillage-Dataset/raw/color/Strawberry___healthy/b0396a65-963b-4a4b-86eb-70f46b38752e___RS_HL 4678.JPG,Strawberry___healthy,27
"data/PlantVillage-Dataset/raw/color/Pepper,_bell___Bacterial_spot/e1b6c94d-8ecf-4cc3-af1e-0994f71a3d97___JR_B.Spot 9019.JPG","Pepper,_bell___Bacterial_spot",18
data/PlantVillage-Dataset/raw/color/Potato___Early_blight/d55f09eb-e463-4abd-aac6-fb144b30ead7___RS_Early.B 9004.JPG,Potato___Early_blight,20
"data/PlantVillage-Dataset/raw/color/Pepper,_bell___healthy/a029b826-1974-448d-b4f5-6a2edb66f0a3___JR_HL 7792.JPG","Pepper,_bell___healthy",19
data/PlantVillage-Dataset/raw/color/Grape___healthy/e17f9151-51a0-417d-a7c6-9ad9a2cce0d9___Mt.N.V_HL 9053.JPG,Grape___healthy,14
data/PlantVillage-Dataset/raw/color/Corn_(maize)___healthy/4375eeae-d9d5-49de-be1e-d58d0909013d___R.S_HL 8078 copy 2.jpg,Corn_(maize)___healthy,10
data/PlantVillage-Dataset/raw/color/Tomato___Spider_mites Two-spotted_spider_mite/47bc86dc-bf8a-4d57-8093-376ead20ad7d___Com.G_SpM_FL 1272.JPG,Tomato___Spider_mites Two-spotted_spider_mite,33
data/PlantVillage-Dataset/raw/color/Tomato___Tomato_Yellow_Leaf_Curl_Virus/81e001c2-ea82-4b0b-bb4e-b9e85420ada9___UF.GRC_YLCV_Lab 09398.JPG,Tomato___Tomato_Yellow_Leaf_Curl_Virus,35
"data/PlantVillage-Dataset/raw/color/Pepper,_bell___Bacterial_spot/d74d7c16-ab04-49fa-9feb-8677ec37810c___JR_B.Spot 9053.JPG","Pepper,_bell___Bacterial_spot",18
data/PlantVillage-Dataset/raw/color/Cherry_(including_sour)___healthy/27ab799c-5868-4386-8891-6b4ae53fa725___JR_HL 9794.JPG,Cherry_(including_sour)___healthy,6
data/PlantVillage-Dataset/raw/color/Apple___Black_rot/73c50901-aab5-4f70-bf2a-5d1b9d235260___JR_FrgE.S 2798.JPG,Apple___Black_rot,1
data/PlantVillage-Dataset/raw/color/Strawberry___Leaf_scorch/0212ca0a-a34b-45f1-8a5b-73cde45acee0___RS_L.Scorch 1566.JPG,Strawberry___Leaf_scorch,26
data/PlantVillage-Dataset/raw/color/Tomato___Bacterial_spot/ed72f0b8-cd69-41fd-99a8-ae792c6fa16f___GCREC_Bact.Sp 3186.JPG,Tomato___Bacterial_spot,28
data/PlantVillage-Dataset/raw/color/Tomato___Late_blight/c6dd1b5a-316b-468a-837a-707071a1ff98___GHLB2 Leaf 8790.JPG,Tomato___Late_blight,30
data/PlantVillage-Dataset/raw/color/Apple___Cedar_apple_rust/d4547913-b1ce-4620-b078-dbf24ea71764___FREC_C.Rust 4197.JPG,Apple___Cedar_apple_rust,2
data/PlantVillage-Dataset/raw/color/Peach___healthy/2c1f8048-9206-4c09-8a45-66e532c0e7a7___Rutg._HL 3691.JPG,Peach___healthy,17
data/PlantVillage-Dataset/raw/color/Peach___Bacterial_spot/6e8fcc4e-ec8c-4e20-97c6-f974fcb9c502___Rutg._Bact.S 2035.JPG,Peach___Bacterial_spot,16
data/PlantVillage-Dataset/raw/color/Tomato___healthy/15daad17-78e9-45d2-9054-5a76221f6c1e___GH_HL Leaf 246.JPG,Tomato___healthy,37
data/PlantVillage-Dataset/raw/color/Apple___Cedar_apple_rust/eb94b818-0cd7-4233-8315-1138c258eb88___FREC_C.Rust 0164.JPG,Apple___Cedar_apple_rust,2
data/PlantVillage-Dataset/raw/color/Orange___Haunglongbing_(Citrus_greening)/da5606c2-8a22-4016-93ff-1421d59e33ec___CREC_HLB 5117.JPG,Orange___Haunglongbing_(Citrus_greening),15
data/PlantVillage-Dataset/raw/color/Potato___Late_blight/b294595b-8950-4e5b-8dfc-2ad9ca2c5e0a___RS_LB 4475.JPG,Potato___Late_blight,21
data/PlantVillage-Dataset/raw/color/Tomato___Leaf_Mold/efc97ed0-2c07-448d-b69f-dc75bf46844b___Crnl_L.Mold 9159.JPG,Tomato___Leaf_Mold,31
data/PlantVillage-Dataset/raw/color/Tomato___Septoria_leaf_spot/963549d4-2e44-4b10-8e73-9d955a80949c___Keller.St_CG 1946.JPG,Tomato___Septoria_leaf_spot,32
data/PlantVillage-Dataset/raw/color/Grape___healthy/43256f66-6c1c-41f7-9505-890ed9dbf4c2___Mt.N.V_HL 8980.JPG,Grape___healthy,14
data/PlantVillage-Dataset/raw/color/Strawberry___Leaf_scorch/d8a99372-7089-42b5-9810-f55454157bc0___RS_L.Scorch 1117.JPG,Strawberry___Leaf_scorch,26
data/PlantVillage-Dataset/raw/color/Peach___Bacterial_spot/d09bb9f1-4551-491e-9a9d-02a76b398f73___Rutg._Bact.S 2025.JPG,Peach___Bacterial_spot,16
data/PlantVillage-Dataset/raw/color/Potato___Late_blight/5fe37f29-fe15-42ac-93b5-90aa5337bd55___RS_LB 2514.JPG,Potato___Late_blight,21
data/PlantVillage-Dataset/raw/color/Potato___Early_blight/98d40b59-5c50-45b6-9b8b-268c40547334___RS_Early.B 8031.JPG,Potato___Early_blight,20
data/PlantVillage-Dataset/raw/color/Tomato___Bacterial_spot/113b3262-b784-450e-8fe7-6f35652f073d___GCREC_Bact.Sp 3153.JPG,Tomato___Bacterial_spot,28
data/PlantVillage-Dataset/raw/color/Corn_(maize)___healthy/b789776e-6be7-407a-95b3-fd6783c5f03d___R.S_HL 8022 copy.jpg,Corn_(maize)___healthy,10
"data/PlantVillage-Dataset/raw/color/Pepper,_bell___healthy/d16ad561-8a05-45ca-a454-812e922eca83___JR_HL 8242.JPG","Pepper,_bell___healthy",19
data/PlantVillage-Dataset/raw/color/Apple___Apple_scab/c190660f-6116-465c-8ca6-fc56f9844a30___FREC_Scab 3432.JPG,Apple___Apple_scab,0
data/PlantVillage-Dataset/raw/color/Tomato___Septoria_leaf_spot/4c17268b-94cd-4cc6-979a-d84a81c9fa7f___Matt.S_CG 1503.JPG,Tomato___Septoria_leaf_spot,32
data/PlantVillage-Dataset/raw/color/Corn_(maize)___Common_rust_/RS_Rust 1677.JPG,Corn_(maize)___Common_rust_,8
data/PlantVillage-Dataset/raw/color/Cherry_(including_sour)___healthy/d56ee855-3805-48b7-8cff-da3c398c6387___JR_HL 9810.JPG,Cherry_(including_sour)___healthy,6
data/PlantVillage-Dataset/raw/color/Peach___healthy/4a87f671-1b68-49cb-bb69-7be29499caba___Rutg._HL 3716.JPG,Peach___healthy,17
data/PlantVillage-Dataset/raw/color/Apple___Black_rot/6383ae21-b6d0-4b70-bc85-ba2640aa7af2___JR_FrgE.S 8754.JPG,Apple___Black_rot,1
data/PlantVillage-Dataset/raw/color/Tomato___Late_blight/07672c2f-860a-455f-9fa4-f761f4bc090e___RS_Late.B 5017.JPG,Tomato___Late_blight,30
data/PlantVillage-Dataset/raw/color/Tomato___Spider_mites Two-spotted_spider_mite/0b891169-2116-431d-968f-d2a36bb69243___Com.G_SpM_FL 1743.JPG,Tomato___Spider_mites Two-spotted_spider_mite,33
data/PlantVillage-Dataset/raw/color/Potato___Early_blight/e0654927-6cc0-491f-86d3-acb5ad261904___RS_Early.B 8341.JPG,Potato___Early_blight,20
data/PlantVillage-Dataset/raw/color/Potato___Late_blight/6ecc23ac-9aed-47bb-8ee5-76574de85872___RS_LB 5010.JPG,Potato___Late_blight,21
"data/PlantVillage-Dataset/raw/color/Pepper,_bell___Bacterial_spot/113d374f-8b12-454c-84cc-ee91043bc988___NREC_B.Spot 9146.JPG","Pepper,_bell___Bacterial_spot",18
data/PlantVillage-Dataset/raw/color/Orange___Haunglongbing_(Citrus_greening)/a1845c3b-0113-430e-9c8f-17bd290ae8cf___CREC_HLB 7035.JPG,Orange___Haunglongbing_(Citrus_greening),15
data/PlantVillage-Dataset/raw/color/Tomato___Target_Spot/2f0011f5-50d5-4f18-8e1b-dc88391810bd___Com.G_TgS_FL 9758.JPG,Tomato___Target_Spot,34
data/PlantVillage-Dataset/raw/color/Squash___Powdery_mildew/895b4f48-8143-48d3-9ae2-b4ea86a7f030___UMD_Powd.M 0353.JPG,Squash___Powdery_mildew,25
data/PlantVillage-Dataset/raw/color/Soybean___healthy/b9b8c34d-5716-42fb-bb4f-08d3b618239e___RS_HL 3080.JPG,Soybean___healthy,24
data/PlantVillage-Dataset/raw/color/Peach___Bacterial_spot/3a775f35-5467-4ae0-a03e-df8755d2475d___Rut._Bact.S 3354.JPG,Peach___Bacterial_spot,16
data/PlantVillage-Dataset/raw/color/Potato___Early_blight/2356a4d6-8015-434e-a5f8-03197fef2c28___RS_Early.B 8139.JPG,Potato___Early_blight,20
data/PlantVillage-Dataset/raw/color/Grape___Leaf_blight_(Isariopsis_Leaf_Spot)/13e54b84-975d-45eb-a8b5-9de5db9f1701___FAM_L.Blight 1572.JPG,Grape___Leaf_blight_(Isariopsis_Leaf_Spot),13
data/PlantVillage-Dataset/raw/color/Cherry_(including_sour)___Powdery_mildew/aab15e82-2539-4798-a755-be6442a96f83___FREC_Pwd.M 0529.JPG,Cherry_(including_sour)___Powdery_mildew,5
"data/PlantVillage-Dataset/raw/color/Pepper,_bell___Bacterial_spot/f73f0a24-d25e-4a0c-9e68-3b57d467090d___JR_B.Spot 8829.JPG","Pepper,_bell___Bacterial_spot",18
data/PlantVillage-Dataset/raw/color/Tomato___Target_Spot/7a154040-f4a1-4821-989c-d1904eaccf4d___Com.G_TgS_FL 8109.JPG,Tomato___Target_Spot,34
data/PlantVillage-Dataset/raw/color/Cherry_(including_sour)___Powdery_mildew/dc24ce8f-8723-4da2-b23f-b34ad79cc377___FREC_Pwd.M 4702.JPG,Cherry_(including_sour)___Powdery_mildew,5
data/PlantVillage-Dataset/raw/color/Peach___healthy/ec3aa964-fde7-4b00-9231-b9350057aa8a___Rutg._HL 2403.JPG,Peach___healthy,17
data/PlantVillage-Dataset/raw/color/Tomato___Bacterial_spot/3423b48a-9ded-4b8f-b552-1121e156f932___GCREC_Bact.Sp 5894.JPG,Tomato___Bacterial_spot,28
data/PlantVillage-Dataset/raw/color/Cherry_(including_sour)___healthy/5148b411-12e9-4e96-b6b7-f1820ab1f9c4___JR_HL 9557.JPG,Cherry_(including_sour)___healthy,6
data/PlantVillage-Dataset/raw/color/Grape___Esca_(Black_Measles)/258f5fc8-e002-4270-933e-b7b12027122c___FAM_B.Msls 4316.JPG,Grape___Esca_(Black_Measles),12
data/PlantVillage-Dataset/raw/color/Potato___Early_blight/9d0c69df-f5dc-4118-a654-ab40d100b9b6___RS_Early.B 8870.JPG,Potato___Early_blight,20
data/PlantVillage-Dataset/raw/color/Tomato___healthy/ec754608-21ce-40be-abd0-46a664257065___RS_HL 0376.JPG,Tomato___healthy,37
data/PlantVillage-Dataset/raw/color/Strawberry___Leaf_scorch/d4962999-c9c2-4cbd-b8c6-30807455ae31___RS_L.Scorch 1234.JPG,Strawberry___Leaf_scorch,26
data/PlantVillage-Dataset/raw/color/Blueberry___healthy/7a6fa78e-6c55-4682-9111-d363940f0aed___RS_HL 2609.JPG,Blueberry___healthy,4
data/PlantVillage-Dataset/raw/color/Corn_(maize)___Cercospora_leaf_spot Gray_leaf_spot/97bc3c85-3c34-47c1-9bb8-5eccc54d0427___RS_GLSp 9267.JPG,Corn_(maize)___Cercospora_leaf_spot Gray_leaf_spot,7
"data/PlantVillage-Dataset/raw/color/Pepper,_bell___Bacterial_spot/0f72db9c-d635-4415-9781-68937328aed2___NREC_B.Spot 9188.JPG","Pepper,_bell___Bacterial_spot",18
"data/PlantVillage-Dataset/raw/color/Pepper,_bell___Bacterial_spot/75faa1f4-e20f-4bb2-811f-9cbd757c652c___JR_B.Spot 9006.JPG","Pepper,_bell___Bacterial_spot",18
data/PlantVillage-Dataset/raw/color/Tomato___Tomato_Yellow_Leaf_Curl_Virus/75e3673f-9532-4b79-becb-855c353c2bd1___YLCV_GCREC 2555.JPG,Tomato___Tomato_Yellow_Leaf_Curl_Virus,35
data/PlantVillage-Dataset/raw/color/Tomato___Spider_mites Two-spotted_spider_mite/52082f00-79c2-4043-8af8-7cd8e10e7625___Com.G_SpM_FL 9615.JPG,Tomato___Spider_mites Two-spotted_spider_mite,33
data/PlantVillage-Dataset/raw/color/Grape___healthy/0f0596ab-ea6e-472b-a7d5-0a80b1d1ebb2___Mt.N.V_HL 9011.JPG,Grape___healthy,14
data/PlantVillage-Dataset/raw/color/Apple___healthy/fe89ea86-5245-49a9-9f61-fae47ecc51e9___RS_HL 8116.JPG,Apple___healthy,3
data/PlantVillage-Dataset/raw/color/Tomato___Leaf_Mold/9dc80e80-9b27-49cd-b1d4-df921ebec570___Crnl_L.Mold 7027.JPG,Tomato___Leaf_Mold,31
data/PlantVillage-Dataset/raw/color/Orange___Haunglongbing_(Citrus_greening)/5708e37b-fc63-46ce-b905-316064ec8526___UF.Citrus_HLB_Lab 9680.JPG,Orange___Haunglongbing_(Citrus_greening),15
data/PlantVillage-Dataset/raw/color/Potato___healthy/60e9a878-13e0-4345-964c-fd807cd20bbb___RS_HL 1876.JPG,Potato___healthy,22
data/PlantVillage-Dataset/raw/color/Potato___Late_blight/ea06da1e-81c9-4e2e-8266-1f3d56914ff3___RS_LB 2701.JPG,Potato___Late_blight,21
data/PlantVillage-Dataset/raw/color/Corn_(maize)___Common_rust_/RS_Rust 1812.JPG,Corn_(maize)___Common_rust_,8
data/PlantVillage-Dataset/raw/color/Corn_(maize)___Cercospora_leaf_spot Gray_leaf_spot/639ec33d-bc8e-469b-8968-71f0ec060d18___RS_GLSp 4320.JPG,Corn_(maize)___Cercospora_leaf_spot Gray_leaf_spot,7
data/PlantVillage-Dataset/raw/color/Potato___Late_blight/4cc2dba7-6871-481d-8989-07ea683e58b5___RS_LB 4979.JPG,Potato___Late_blight,21
data/PlantVillage-Dataset/raw/color/Corn_(maize)___healthy/1b0e7982-54b4-4197-9a3d-5ff8eeb2dee6___R.S_HL 8303 copy.jpg,Corn_(maize)___healthy,10
data/PlantVillage-Dataset/raw/color/Apple___Apple_scab/86054e9e-26b4-42b5-b192-58ddee7b0c34___FREC_Scab 3011.JPG,Apple___Apple_scab,0
data/PlantVillage-Dataset/raw/color/Blueberry___healthy/e0c7719d-5127-4a6f-aa24-4518d451da19___RS_HL 5236.JPG,Blueberry___healthy,4
data/PlantVillage-Dataset/raw/color/Corn_(maize)___Cercospora_leaf_spot Gray_leaf_spot/c7b810f0-d451-4fe3-bc13-f1c89273e3e9___RS_GLSp 9331.JPG,Corn_(maize)___Cercospora_leaf_spot Gray_leaf_spot,7
data/PlantVillage-Dataset/raw/color/Grape___Leaf_blight_(Isariopsis_Leaf_Spot)/b0ab6f3e-8935-4d1d-81c7-4237dcb74fbc___FAM_L.Blight 4513.JPG,Grape___Leaf_blight_(Isariopsis_Leaf_Spot),13
data/PlantVillage-Dataset/raw/color/Tomato___Leaf_Mold/60f7b149-4286-4101-a156-9bf5551261d7___Crnl_L.Mold 7137.JPG,Tomato___Leaf_Mold,31
data/PlantVillage-Dataset/raw/color/Grape___Esca_(Black_Measles)/b5ab4545-ec88-40d1-9616-483d50bb2f3d___FAM_B.Msls 0841.JPG,Grape___Esca_(Black_Measles),12
data/PlantVillage-Dataset/raw/color/Corn_(maize)___Common_rust_/RS_Rust 2613.JPG,Corn_(maize)___Common_rust_,8
data/PlantVillage-Dataset/raw/color/Apple___Apple_scab/470bece4-7eb2-4ec1-917a-278559afe463___FREC_Scab 3250.JPG,Apple___Apple_scab,0
data/PlantVillage-Dataset/raw/color/Corn_(maize)___Common_rust_/RS_Rust 2191.JPG,Corn_(maize)___Common_rust_,8
data/PlantVillage-Dataset/raw/color/Tomato___Tomato_mosaic_virus/71aa5741-6923-4593-9a23-bc7f58dc40b2___PSU_CG 2183.JPG,Tomato___Tomato_mosaic_virus,36
"data/PlantVillage-Dataset/raw/color/Pepper,_bell___Bacterial_spot/0bd0f439-013b-40ed-a6d1-4e67e971d437___JR_B.Spot 3272.JPG","Pepper,_bell___Bacterial_spot",18
data/PlantVillage-Dataset/raw/color/Strawberry___Leaf_scorch/9d7518b0-4a8b-4a64-9775-d8339f66d0c6___RS_L.Scorch 0960.JPG,Strawberry___Leaf_scorch,26
data/PlantVillage-Dataset/raw/color/Cherry_(including_sour)___Powdery_mildew/073a2d5a-9cae-4afc-8d96-2f8a969e4b90___FREC_Pwd.M 5103.JPG,Cherry_(including_sour)___Powdery_mildew,5
data/PlantVillage-Dataset/raw/color/Strawberry___healthy/786744bd-7252-4dec-b86a-b2ecfaa0b33f___RS_HL 4874.JPG,Strawberry___healthy,27
data/PlantVillage-Dataset/raw/color/Apple___healthy/34121ffc-269b-481e-bbf5-96356da9f137___RS_HL 6185.JPG,Apple___healthy,3
data/PlantVillage-Dataset/raw/color/Potato___Early_blight/dd1e0739-c899-4c1e-99c8-fd83a6d55694___RS_Early.B 7862.JPG,Potato___Early_blight,20
data/PlantVillage-Dataset/raw/color/Cherry_(including_sour)___Powdery_mildew/10327e24-a50e-4a26-a9e6-5e0377aec73b___FREC_Pwd.M 0298.JPG,Cherry_(including_sour)___Powdery_mildew,5
data/PlantVillage-Dataset/raw/color/Cherry_(including_sour)___Powdery_mildew/dbd81452-171b-4aa4-a911-e7908687f06c___FREC_Pwd.M 5049.JPG,Cherry_(including_sour)___Powdery_mildew,5
data/PlantVillage-Dataset/raw/color/Soybean___healthy/1f2ebab4-829f-451d-b087-a4e01bd56822___RS_HL 5238.JPG,Soybean___healthy,24
data/PlantVillage-Dataset/raw/color/Grape___Esca_(Black_Measles)/981b4f34-bd2d-469b-9701-d68ff303fe85___FAM_B.Msls 0847.JPG,Grape___Esca_(Black_Measles),12
data/PlantVillage-Dataset/raw/color/Cherry_(including_sour)___healthy/ac392c19-68f4-41aa-9923-2be5483a0b4c___JR_HL 9802.JPG,Cherry_(including_sour)___healthy,6
data/PlantVillage-Dataset/raw/color/Tomato___Spider_mites Two-spotted_spider_mite/f4788089-544c-42c7-ac09-9ede28bca5f4___Com.G_SpM_FL 8799.JPG,Tomato___Spider_mites Two-spotted_spider_mite,33
data/PlantVillage-Dataset/raw/color/Orange___Haunglongbing_(Citrus_greening)/ef1c8a79-aa66-4f1e-8c2b-7aaeac96b660___CREC_HLB 7126.JPG,Orange___Haunglongbing_(Citrus_greening),15
data/PlantVillage-Dataset/raw/color/Tomato___Target_Spot/0da91f19-f1bb-4129-b122-459648794512___Com.G_TgS_FL 8276.JPG,Tomato___Target_Spot,34
data/PlantVillage-Dataset/raw/color/Peach___healthy/984d59ff-da33-4899-a4d3-eb3d5a0ee002___Rutg._HL 3630.JPG,Peach___healthy,17
data/PlantVillage-Dataset/raw/color/Tomato___Target_Spot/f5b4a026-a578-4dac-a3ba-fc960a573590___Com.G_TgS_FL 0811.JPG,Tomato___Target_Spot,34
data/PlantVillage-Dataset/raw/color/Peach___Bacterial_spot/384e0417-0fa1-4f3d-a332-7f1ed78d8fa3___Rutg._Bact.S 1451.JPG,Peach___Bacterial_spot,16
data/PlantVillage-Dataset/raw/color/Potato___healthy/882798ca-67c3-45a3-86cf-4aed69388145___RS_HL 1750.JPG,Potato___healthy,22
data/PlantVillage-Dataset/raw/color/Tomato___Late_blight/b3971b7c-ae24-4f4f-b426-3368096afeab___RS_Late.B 7079.JPG,Tomato___Late_blight,30
data/PlantVillage-Dataset/raw/color/Tomato___Target_Spot/6df82d72-cc8d-4136-8c9e-b7756255e324___Com.G_TgS_FL 0983.JPG,Tomato___Target_Spot,34
data/PlantVillage-Dataset/raw/color/Tomato___Early_blight/3c5e2faa-3bca-4d88-8841-fa06cf7388f1___RS_Erly.B 9599.JPG,Tomato___Early_blight,29
data/PlantVillage-Dataset/raw/color/Grape___Esca_(Black_Measles)/c9ab1e1c-625e-4d4c-8b64-9eee0d34430a___FAM_B.Msls 4453.JPG,Grape___Esca_(Black_Measles),12
data/PlantVillage-Dataset/raw/color/Corn_(maize)___Common_rust_/RS_Rust 2309.JPG,Corn_(maize)___Common_rust_,8
data/PlantVillage-Dataset/raw/color/Raspberry___healthy/6d141ce7-7f73-4c5c-9cec-3b4ed52aad00___Mary_HL 6399.JPG,Raspberry___healthy,23
data/PlantVillage-Dataset/raw/color/Cherry_(including_sour)___healthy/85cbe85f-385e-4105-8d05-4ce5e56bcdc8___JR_HL 4200.JPG,Cherry_(including_sour)___healthy,6
data/PlantVillage-Dataset/raw/color/Tomato___Tomato_mosaic_virus/eeeb214a-2f7d-4e91-991f-003a3a9508be___PSU_CG 2078.JPG,Tomato___Tomato_mosaic_virus,36
"data/PlantVillage-Dataset/raw/color/Pepper,_bell___healthy/96e5d365-09d4-4968-8cf1-45be478eb180___JR_HL 6003.JPG","Pepper,_bell___healthy",19
data/PlantVillage-Dataset/raw/color/Tomato___Tomato_mosaic_virus/ca62b320-b16a-4c41-aae6-0b9492c499f6___PSU_CG 2165.JPG,Tomato___Tomato_mosaic_virus,36
data/PlantVillage-Dataset/raw/color/Grape___healthy/22b7199f-581e-4330-b14f-4cb7b382340a___Mt.N.V_HL 6115.JPG,Grape___healthy,14
data/PlantVillage-Dataset/raw/color/Peach___Bacterial_spot/8a5019d7-d58d-4079-91c4-d36123972762___Rutg._Bact.S 1780.JPG,Peach___Bacterial_spot,16
data/PlantVillage-Dataset/raw/color/Tomato___Late_blight/98ae3801-450e-493f-aca0-014520cfaf6e___GHLB_PS Leaf 29.1 Day 12.jpg,Tomato___Late_blight,30
data/PlantVillage-Dataset/raw/color/Squash___Powdery_mildew/29ef923e-3d4d-4119-afe8-61fea1fa3e5a___UMD_Powd.M 0729.JPG,Squash___Powdery_mildew,25
data/PlantVillage-Dataset/raw/color/Tomato___Spider_mites Two-spotted_spider_mite/b0e1f3da-198d-4dea-b986-aa7072909523___Com.G_SpM_FL 9361.JPG,Tomato___Spider_mites Two-spotted_spider_mite,33
data/PlantVillage-Dataset/raw/color/Corn_(maize)___Northern_Leaf_Blight/3f7bc1d3-ac03-4c5b-99e5-3164830cdd7d___RS_NLB 3950.JPG,Corn_(maize)___Northern_Leaf_Blight,9
data/PlantVillage-Dataset/raw/color/Strawberry___Leaf_scorch/cb060904-20f5-4192-b4bf-83ee54be17f0___RS_L.Scorch 1287.JPG,Strawberry___Leaf_scorch,26
data/PlantVillage-Dataset/raw/color/Grape___Leaf_blight_(Isariopsis_Leaf_Spot)/0914920e-4180-488c-a586-af66bf3d726d___FAM_L.Blight 1373.JPG,Grape___Leaf_blight_(Isariopsis_Leaf_Spot),13
data/PlantVillage-Dataset/raw/color/Apple___Black_rot/fbd0bf3e-2260-4a97-be8a-af9cac60df7b___JR_FrgE.S 2807.JPG,Apple___Black_rot,1
data/PlantVillage-Dataset/raw/color/Blueberry___healthy/2897abb5-7b1a-4ab4-a853-8eae5717b9f4___RS_HL 2289.JPG,Blueberry___healthy,4
data/PlantVillage-Dataset/raw/color/Cherry_(including_sour)___healthy/b1811d59-98ff-43ef-a618-ad91d3bbaeed___JR_HL 9518.JPG,Cherry_(including_sour)___healthy,6
data/PlantVillage-Dataset/raw/color/Tomato___healthy/0b5cfce2-38fd-4984-8926-2d2911c48490___RS_HL 9733.JPG,Tomato___healthy,37
data/PlantVillage-Dataset/raw/color/Potato___healthy/f0fdde26-78b4-46f0-9eb8-7c2a743d34aa___RS_HL 4165.JPG,Potato___healthy,22
data/PlantVillage-Dataset/raw/color/Tomato___Target_Spot/1ec7a39a-7eec-434e-94ae-c6d32923b1e2___Com.G_TgS_FL 1107.JPG,Tomato___Target_Spot,34
data/PlantVillage-Dataset/raw/color/Apple___Black_rot/3908d563-a8f8-4206-b09e-1ae340e510af___JR_FrgE.S 3025.JPG,Apple___Black_rot,1
data/PlantVillage-Dataset/raw/color/Apple___Black_rot/70ba699d-a8aa-494a-889f-fd7e54a723be___JR_FrgE.S 2760.JPG,Apple___Black_rot,1
data/PlantVillage-Dataset/raw/color/Tomato___Bacterial_spot/9496a9b6-5474-4163-bfa0-2e3d25ca252d___GCREC_Bact.Sp 3489.JPG,Tomato___Bacterial_spot,28
data/PlantVillage-Dataset/raw/color/Tomato___healthy/81382c17-1a00-4597-87e4-2e674d38d6d2___GH_HL Leaf 269.1.JPG,Tomato___healthy,37
data/PlantVillage-Dataset/raw/color/Strawberry___Leaf_scorch/1d298911-900e-41ff-8595-b49b95a29436___RS_L.Scorch 1127.JPG,Strawberry___Leaf_scorch,26
data/PlantVillage-Dataset/raw/color/Blueberry___healthy/0ebdd4cc-322e-4c04-b5cf-8e1125e35660___RS_HL 5474.JPG,Blueberry___healthy,4
data/PlantVillage-Dataset/raw/color/Grape___Leaf_blight_(Isariopsis_Leaf_Spot)/5d5a1426-79f8-485e-af96-2ca05b3a51c0___FAM_L.Blight 4848.JPG,Grape___Leaf_blight_(Isariopsis_Leaf_Spot),13
data/PlantVillage-Dataset/raw/color/Strawberry___healthy/4197c213-9bf6-4b26-aff1-77a73c45ae1a___RS_HL 2117.JPG,Strawberry___healthy,27
data/PlantVillage-Dataset/raw/color/Squash___Powdery_mildew/e9a62474-2b3c-4825-b74c-4f862774c7bd___MD_Powd.M 0595.JPG,Squash___Powdery_mildew,25
data/PlantVillage-Dataset/raw/color/Potato___Late_blight/4324e62b-d7e0-4caa-a417-5eb3dd8712ee___RS_LB 5452.JPG,Potato___Late_blight,21
data/PlantVillage-Dataset/raw/color/Tomato___Early_blight/4e24576f-00c2-494f-b47b-b2b3885b4749___RS_Erly.B 8279.JPG,Tomato___Early_blight,29
data/PlantVillage-Dataset/raw/color/Grape___Leaf_blight_(Isariopsis_Leaf_Spot)/d38af614-ae61-4ab1-917a-3ff67ad7707f___FAM_L.Blight 3677.JPG,Grape___Leaf_blight_(Isariopsis_Leaf_Spot),13
data/PlantVillage-Dataset/raw/color/Peach___Bacterial_spot/f28cd148-362f-4267-940d-782af66692bf___Rut._Bact.S 0924.JPG,Peach___Bacterial_spot,16
data/PlantVillage-Dataset/raw/color/Apple___Apple_scab/0537ad56-3d24-4e97-a947-65b9b37f8988___FREC_Scab 3079.JPG,Apple___Apple_scab,0
data/PlantVillage-Dataset/raw/color/Grape___healthy/9d4aab70-faaf-4bef-9b6b-b214ff80f687___Mt.N.V_HL 6154.JPG,Grape___healthy,14
"data/PlantVillage-Dataset/raw/color/Pepper,_bell___healthy/7ff5acb3-8ef2-41f4-a7cf-795192bf4d37___JR_HL 8332.JPG","Pepper,_bell___healthy",19
data/PlantVillage-Dataset/raw/color/Grape___Black_rot/dfc2243f-ab60-456a-99f4-4eeafccad262___FAM_B.Rot 0659.JPG,Grape___Black_rot,11
data/PlantVillage-Dataset/raw/color/Apple___healthy/5b8c01e5-748f-4b5b-b64b-26bb129a5db6___RS_HL 7996.JPG,Apple___healthy,3
data/PlantVillage-Dataset/raw/color/Potato___healthy/d50a580b-46bd-47f5-a0bf-8535da774104___RS_HL 5408.JPG,Potato___healthy,22
data/PlantVillage-Dataset/raw/color/Corn_(maize)___healthy/8b6204cd-cbf2-43b0-90cc-255815f7beb7___R.S_HL 8156 copy.jpg,Corn_(maize)___healthy,10
data/PlantVillage-Dataset/raw/color/Cherry_(including_sour)___healthy/c1011062-7bbf-45b2-bca2-1de3e5c5cd9a___JR_HL 4258.JPG,Cherry_(including_sour)___healthy,6
data/PlantVillage-Dataset/raw/color/Peach___Bacterial_spot/882ac434-d4f6-4281-ab32-92dfe5d6317e___Rutg._Bact.S 1393.JPG,Peach___Bacterial_spot,16
data/PlantVillage-Dataset/raw/color/Tomato___Tomato_Yellow_Leaf_Curl_Virus/e8f4d4ff-4266-4fc6-ac92-70cebc21f98e___UF.GRC_YLCV_Lab 03291.JPG,Tomato___Tomato_Yellow_Leaf_Curl_Virus,35
"data/PlantVillage-Dataset/raw/color/Pepper,_bell___Bacterial_spot/4c2444b0-9bf1-4672-a118-dbde778fdab0___JR_B.Spot 8937.JPG","Pepper,_bell___Bacterial_spot",18
data/PlantVillage-Dataset/raw/color/Strawberry___healthy/677ba255-d1ac-48b7-9847-dd9abc1a8db8___RS_HL 1887.JPG,Strawberry___healthy,27
data/PlantVillage-Dataset/raw/color/Squash___Powdery_mildew/4ef20a4d-95bc-4f8b-ab61-4e77270957a6___UMD_Powd.M 0432.JPG,Squash___Powdery_mildew,25
data/PlantVillage-Dataset/raw/color/Tomato___Bacterial_spot/599ab934-d68b-44ad-a922-872765d6f82f___GCREC_Bact.Sp 3152.JPG,Tomato___Bacterial_spot,28
data/PlantVillage-Dataset/raw/color/Apple___Cedar_apple_rust/252e347b-262e-4dd8-8d6d-852324d5bcfd___FREC_C.Rust 3841.JPG,Apple___Cedar_apple_rust,2
data/PlantVillage-Dataset/raw/color/Corn_(maize)___Common_rust_/RS_Rust 2581.JPG,Corn_(maize)___Common_rust_,8
data/PlantVillage-Dataset/raw/color/Potato___Early_blight/4af8e9e9-077d-4c7b-859d-626f74d3b1ff___RS_Early.B 7738.JPG,Potato___Early_blight,20
data/PlantVillage-Dataset/raw/color/Tomato___Septoria_leaf_spot/edf85df7-a005-4b99-8ac9-20ebcd094098___Matt.S_CG 6074.JPG,Tomato___Septoria_leaf_spot,32
data/PlantVillage-Dataset/raw/color/Tomato___Late_blight/3be006f1-7062-47da-a375-8fb7fedb77c0___RS_Late.B 6229.JPG,Tomato___Late_blight,30
data/PlantVillage-Dataset/raw/color/Squash___Powdery_mildew/be9d4aea-c857-4346-afef-f435159a89a7___MD_Powd.M 1049.JPG,Squash___Powdery_mildew,25
data/PlantVillage-Dataset/raw/color/Soybean___healthy/ad1c8195-2635-4b15-99af-ed6067922796___RS_HL 7253.JPG,Soybean___healthy,24
data/PlantVillage-Dataset/raw/color/Cherry_(including_sour)___Powdery_mildew/ef4c52e5-d7d8-4996-b445-42478df2c353___FREC_Pwd.M 0584.JPG,Cherry_(including_sour)___Powdery_mildew,5
data/PlantVillage-Dataset/raw/color/Tomato___Leaf_Mold/a37a63d6-d842-4049-b82b-f1d47c6f2f2c___Crnl_L.Mold 8646.JPG,Tomato___Leaf_Mold,31
data/PlantVillage-Dataset/raw/color/Tomato___Leaf_Mold/a961a718-36c3-4050-a5ef-eea64ae152ce___Crnl_L.Mold 9058.JPG,Tomato___Leaf_Mold,31
data/PlantVillage-Dataset/raw/color/Corn_(maize)___healthy/38573cac-324c-457a-8c88-2810ebb0f99a___R.S_HL 8316 copy 3.jpg,Corn_(maize)___healthy,10
data/PlantVillage-Dataset/raw/color/Cherry_(including_sour)___Powdery_mildew/cfe1fe90-4871-461c-b5b3-68df83336004___FREC_Pwd.M 4918.JPG,Cherry_(including_sour)___Powdery_mildew,5
data/PlantVillage-Dataset/raw/color/Peach___Bacterial_spot/4f4a30b9-e492-413a-9bf1-29666283e7a4___Rutg._Bact.S 1552.JPG,Peach___Bacterial_spot,16
data/PlantVillage-Dataset/raw/color/Tomato___healthy/4af641e9-7960-4c73-a32c-6373d1f341d0___GH_HL Leaf 489.JPG,Tomato___healthy,37
data/PlantVillage-Dataset/raw/color/Corn_(maize)___Common_rust_/RS_Rust 1912.JPG,Corn_(maize)___Common_rust_,8
"data/PlantVillage-Dataset/raw/color/Pepper,_bell___healthy/ff276d07-04ef-4919-9762-a6548f8cf21c___JR_HL 7621.JPG","Pepper,_bell___healthy",19
data/PlantVillage-Dataset/raw/color/Tomato___Spider_mites Two-spotted_spider_mite/745c9116-5a5c-4574-a5b2-85928543fc9d___Com.G_SpM_FL 1305.JPG,Tomato___Spider_mites Two-spotted_spider_mite,33
data/PlantVillage-Dataset/raw/color/Tomato___Tomato_Yellow_Leaf_Curl_Virus/7e7d8005-eb91-4789-8b12-e801530ded45___YLCV_GCREC 2224.JPG,Tomato___Tomato_Yellow_Leaf_Curl_Virus,35
data/PlantVillage-Dataset/raw/color/Tomato___Tomato_Yellow_Leaf_Curl_Virus/dca17bd8-0180-431c-9f4f-0b87d270e437___UF.GRC_YLCV_Lab 01773.JPG,Tomato___Tomato_Yellow_Leaf_Curl_Virus,35
data/PlantVillage-Dataset/raw/color/Grape___Leaf_blight_(Isariopsis_Leaf_Spot)/6e943769-4fcc-49c0-9044-1c7c69a239e0___FAM_L.Blight 4992.JPG,Grape___Leaf_blight_(Isariopsis_Leaf_Spot),13
data/PlantVillage-Dataset/raw/color/Tomato___healthy/6fc5b781-6757-459f-af96-09a67dbcb2bc___RS_HL 0607.JPG,Tomato___healthy,37
data/PlantVillage-Dataset/raw/color/Cherry_(including_sour)___Powdery_mildew/445eb8d9-0991-4415-835a-d1b6c1268ef2___FREC_Pwd.M 5001.JPG,Cherry_(including_sour)___Powdery_mildew,5
data/PlantVillage-Dataset/raw/color/Apple___Apple_scab/ef359032-085f-44ba-a63d-493a1724eca4___FREC_Scab 3202.JPG,Apple___Apple_scab,0
data/PlantVillage-Dataset/raw/color/Tomato___Early_blight/7e236dc3-40e2-4ff9-8356-4fb7a3fcc0ff___RS_Erly.B 6426.JPG,Tomato___Early_blight,29
data/PlantVillage-Dataset/raw/color/Corn_(maize)___Cercospora_leaf_spot Gray_leaf_spot/05f92471-3cd4-441b-af21-1a02304d0b6c___RS_GLSp 7315.JPG,Corn_(maize)___Cercospora_leaf_spot Gray_leaf_spot,7
data/PlantVillage-Dataset/raw/color/Peach___Bacterial_spot/05e1a88a-e77a-4dfa-abf3-2a3e9b2f6cf4___Rut._Bact.S 1369.JPG,Peach___Bacterial_spot,16
data/PlantVillage-Dataset/raw/color/Tomato___Tomato_mosaic_virus/97aa541d-9ac5-4933-8977-2bd64094ad38___PSU_CG 2070.JPG,Tomato___Tomato_mosaic_virus,36
data/PlantVillage-Dataset/raw/color/Soybean___healthy/7ef88af3-838e-413e-9028-5e83e34856a6___RS_HL 3305.JPG,Soybean___healthy,24
data/PlantVillage-Dataset/raw/color/Tomato___healthy/7b93db88-7c70-444a-9096-1812426217f7___RS_HL 0167.JPG,Tomato___healthy,37
data/PlantVillage-Dataset/raw/color/Blueberry___healthy/ee402ac1-e0aa-41f0-8c40-e9e14efcc7d5___RS_HL 0328.JPG,Blueberry___healthy,4
data/PlantVillage-Dataset/raw/color/Apple___Black_rot/0c7c7992-fb1c-444b-b226-69de186cea14___JR_FrgE.S 8627.JPG,Apple___Black_rot,1
data/PlantVillage-Dataset/raw/color/Peach___healthy/f28221b4-5659-4391-ae23-25cb20d3176d___Rutg._HL 3641.JPG,Peach___healthy,17
data/PlantVillage-Dataset/raw/color/Cherry_(including_sour)___Powdery_mildew/80b27199-5f5a-48e0-8dd0-f75cf23e1519___FREC_Pwd.M 4927.JPG,Cherry_(including_sour)___Powdery_mildew,5
data/PlantVillage-Dataset/raw/color/Tomato___Early_blight/4ee9cff7-9693-4d51-821b-da31e5df240c___RS_Erly.B 7427.JPG,Tomato___Early_blight,29
data/PlantVillage-Dataset/raw/color/Grape___Leaf_blight_(Isariopsis_Leaf_Spot)/2632746e-bfbd-4e25-bad1-16e66e6bedfb___FAM_L.Blight 1381.JPG,Grape___Leaf_blight_(Isariopsis_Leaf_Spot),13
"data/PlantVillage-Dataset/raw/color/Pepper,_bell___healthy/f48132e5-5e78-471e-ab16-e1ff06aa13f3___JR_HL 8446.JPG","Pepper,_bell___healthy",19
data/PlantVillage-Dataset/raw/color/Tomato___Septoria_leaf_spot/59bf9a0a-7c6f-44d7-ae59-b987b59b7af4___Matt.S_CG 6180.JPG,Tomato___Septoria_leaf_spot,32
data/PlantVillage-Dataset/raw/color/Tomato___Target_Spot/d7b51750-838a-4abb-9d0a-d56bc5a64df2___Com.G_TgS_FL 0021.JPG,Tomato___Target_Spot,34
data/PlantVillage-Dataset/raw/color/Grape___healthy/3212eeb2-e75c-45a3-9211-6147cd370274___Mt.N.V_HL 6041.JPG,Grape___healthy,14
data/PlantVillage-Dataset/raw/color/Tomato___Late_blight/c991e311-e10c-4505-a01a-3ad7c92d3e3b___RS_Late.B 7194.JPG,Tomato___Late_blight,30
data/PlantVillage-Dataset/raw/color/Potato___Late_blight/5ad9dba9-ed81-437e-8d5d-1d6660514462___RS_LB 4439.JPG,Potato___Late_blight,21
data/PlantVillage-Dataset/raw/color/Apple___healthy/8cec684f-e301-4016-8bd8-4b686c6e4b9b___RS_HL 8075.JPG,Apple___healthy,3
data/PlantVillage-Dataset/raw/color/Orange___Haunglongbing_(Citrus_greening)/f95c6d36-94b1-4f0f-9f0c-060f1738c0f4___CREC_HLB 6933.JPG,Orange___Haunglongbing_(Citrus_greening),15
data/PlantVillage-Dataset/raw/color/Grape___Esca_(Black_Measles)/4bd7f32b-f97d-44dd-8bbe-8be2cc8b9fdc___FAM_B.Msls 4118.JPG,Grape___Esca_(Black_Measles),12
data/PlantVillage-Dataset/raw/color/Potato___healthy/23f4d3b1-23f4-43fb-96c2-dae37224ec74___RS_HL 1803.JPG,Potato___healthy,22
data/PlantVillage-Dataset/raw/color/Strawberry___Leaf_scorch/65e5f561-70cd-4282-98d6-9ecc667881e5___RS_L.Scorch 9951.JPG,Strawberry___Leaf_scorch,26
data/PlantVillage-Dataset/raw/color/Blueberry___healthy/9afa0d5a-b352-4efe-b083-1b3afd95d47b___RS_HL 5318.JPG,Blueberry___healthy,4
data/PlantVillage-Dataset/raw/color/Apple___Black_rot/fa8eff59-b9f9-45d9-a8f4-eca6fa5a8896___JR_FrgE.S 8647.JPG,Apple___Black_rot,1
data/PlantVillage-Dataset/raw/color/Tomato___Target_Spot/5da40213-3be5-43d6-91f6-88e7d0334f90___Com.G_TgS_FL 9722.JPG,Tomato___Target_Spot,34
data/PlantVillage-Dataset/raw/color/Grape___Esca_(Black_Measles)/4c7e0256-f409-44eb-b3cf-d09357b01c85___FAM_B.Msls 1356.JPG,Grape___Esca_(Black_Measles),12
data/PlantVillage-Dataset/raw/color/Tomato___Tomato_mosaic_virus/f16eeb0f-5219-4a81-9941-351b3d9ba5fc___PSU_CG 2089.JPG,Tomato___Tomato_mosaic_virus,36
data/PlantVillage-Dataset/raw/color/Grape___Esca_(Black_Measles)/1f772cab-21e1-4458-95fb-6f17e0961d9f___FAM_B.Msls 4141.JPG,Grape___Esca_(Black_Measles),12
data/PlantVillage-Dataset/raw/color/Blueberry___healthy/abc1d0eb-69ed-45dc-b9f0-639550e8ba14___RS_HL 5093.JPG,Blueberry___healthy,4
data/PlantVillage-Dataset/raw/color/Potato___healthy/c85bacb0-e5e8-4127-a0b0-a7342f2cab5f___RS_HL 5406.JPG,Potato___healthy,22
data/PlantVillage-Dataset/raw/color/Cherry_(including_sour)___Powdery_mildew/dd6a34da-d476-471e-ad72-f7ac94236416___FREC_Pwd.M 0365.JPG,Cherry_(including_sour)___Powdery_mildew,5
data/PlantVillage-Dataset/raw/color/Grape___Leaf_blight_(Isariopsis_Leaf_Spot)/553daecd-7ab1-4131-a4ef-0a6acf2130cf___FAM_L.Blight 3635.JPG,Grape___Leaf_blight_(Isariopsis_Leaf_Spot),13
data/PlantVillage-Dataset/raw/color/Grape___Leaf_blight_(Isariopsis_Leaf_Spot)/ee0925ea-d5bc-4e6a-9884-26c4395b7162___FAM_L.Blight 4811.JPG,Grape___Leaf_blight_(Isariopsis_Leaf_Spot),13
data/PlantVillage-Dataset/raw/color/Corn_(maize)___Northern_Leaf_Blight/9c7b6913-1640-4ee7-85b8-5e457fab550e___RS_NLB 3509.JPG,Corn_(maize)___Northern_Leaf_Blight,9
data/PlantVillage-Dataset/raw/color/Corn_(maize)___Common_rust_/RS_Rust 1645.JPG,Corn_(maize)___Common_rust_,8
data/PlantVillage-Dataset/raw/color/Peach___Bacterial_spot/be0aa77a-be66-42ea-bc4d-1a1a1e1c1b73___Rut._Bact.S 0801.JPG,Peach___Bacterial_spot,16
data/PlantVillage-Dataset/raw/color/Corn_(maize)___Cercospora_leaf_spot Gray_leaf_spot/1b1991ac-4e5c-4528-ac3d-096d63fb05aa___RS_GLSp 4491.JPG,Corn_(maize)___Cercospora_leaf_spot Gray_leaf_spot,7
data/PlantVillage-Dataset/raw/color/Apple___Cedar_apple_rust/90a124ff-56a1-46be-bac4-0bd424599cbc___FREC_C.Rust 4300.JPG,Apple___Cedar_apple_rust,2
data/PlantVillage-Dataset/raw/color/Blueberry___healthy/d97091db-858f-48fe-8460-6e5094285367___RS_HL 5179.JPG,Blueberry___healthy,4
data/PlantVillage-Dataset/raw/color/Corn_(maize)___Cercospora_leaf_spot Gray_leaf_spot/cfbb5e1c-2812-4467-9748-ee171462c331___RS_GLSp 4371.JPG,Corn_(maize)___Cercospora_leaf_spot Gray_leaf_spot,7
data/PlantVillage-Dataset/raw/color/Tomato___Septoria_leaf_spot/8f2c9096-f0af-4f68-a0cb-9343ac4eacb2___Matt.S_CG 1228.JPG,Tomato___Septoria_leaf_spot,32
data/PlantVillage-Dataset/raw/color/Corn_(maize)___healthy/0788fd06-d2f5-4f2d-9fc0-27eee3f437fc___R.S_HL 8243 copy 2.jpg,Corn_(maize)___healthy,10
data/PlantVillage-Dataset/raw/color/Tomato___Tomato_mosaic_virus/0fcf9c2a-5c8c-4f37-aa43-6fd41d5e5442___PSU_CG 2055.JPG,Tomato___Tomato_mosaic_virus,36
data/PlantVillage-Dataset/raw/color/Tomato___Tomato_mosaic_virus/4c518a8d-6ecc-45c2-b14c-f610a400c950___PSU_CG 2370.JPG,Tomato___Tomato_mosaic_virus,36
data/PlantVillage-Dataset/raw/color/Tomato___Tomato_Yellow_Leaf_Curl_Virus/6740fff8-ba48-449a-a82b-cef9407a9096___YLCV_GCREC 2281.JPG,Tomato___Tomato_Yellow_Leaf_Curl_Virus,35
data/PlantVillage-Dataset/raw/color/Orange___Haunglongbing_(Citrus_greening)/0fbd4f0f-4ddd-43ff-8146-d8e9eed50c2e___CREC_HLB 4425.JPG,Orange___Haunglongbing_(Citrus_greening),15
"data/PlantVillage-Dataset/raw/color/Pepper,_bell___healthy/cf507d7d-0635-4123-8988-fcd92ed17d76___JR_HL 7968.JPG","Pepper,_bell___healthy",19
data/PlantVillage-Dataset/raw/color/Strawberry___Leaf_scorch/9198c21b-7225-47e7-a7e5-459cf5a48e2d___RS_L.Scorch 1403.JPG,Strawberry___Leaf_scorch,26
data/PlantVillage-Dataset/raw/color/Tomato___Septoria_leaf_spot/2e129fc6-f9d3-41d3-a562-c69e72871006___Matt.S_CG 0982.JPG,Tomato___Septoria_leaf_spot,32
"data/PlantVillage-Dataset/raw/color/Pepper,_bell___Bacterial_spot/e825c445-4b5b-4642-8d83-6db23c5d8348___JR_B.Spot 3341.JPG","Pepper,_bell___Bacterial_spot",18
data/PlantVillage-Dataset/raw/color/Cherry_(including_sour)___healthy/c0ef1466-26c8-460c-a2b8-d72c5caf0792___JR_HL 4275.JPG,Cherry_(including_sour)___healthy,6
data/PlantVillage-Dataset/raw/color/Tomato___healthy/9df3c983-0c0c-4e9b-a0c8-f3e1fd3ec908___RS_HL 0634.JPG,Tomato___healthy,37
data/PlantVillage-Dataset/raw/color/Tomato___Bacterial_spot/26503027-c1b5-491a-b9eb-2002d9aa7e77___GCREC_Bact.Sp 5622.JPG,Tomato___Bacterial_spot,28
data/PlantVillage-Dataset/raw/color/Potato___Late_blight/d4d37fcb-95c0-4e20-809c-6b92e6a565f3___RS_LB 5110.JPG,Potato___Late_blight,21
data/PlantVillage-Dataset/raw/color/Strawberry___healthy/00166615-5e7b-4318-8957-5e50df335ee8___RS_HL 1785.JPG,Strawberry___healthy,27
data/PlantVillage-Dataset/raw/color/Strawberry___healthy/a2a51632-4ca8-4579-8a75-f2b4188e1f59___RS_HL 2181.JPG,Strawberry___healthy,27
data/PlantVillage-Dataset/raw/color/Soybean___healthy/cf618584-36d1-4c0b-86e7-6488da883d50___RS_HL 3475.JPG,Soybean___healthy,24
data/PlantVillage-Dataset/raw/color/Apple___Black_rot/f079c46a-6614-45ac-8ab6-187d126609e5___JR_FrgE.S 2767.JPG,Apple___Black_rot,1
data/PlantVillage-Dataset/raw/color/Apple___Apple_scab/18e95262-fb0a-472c-93ab-e03138a360dc___FREC_Scab 3366.JPG,Apple___Apple_scab,0
data/PlantVillage-Dataset/raw/color/Tomato___Leaf_Mold/89abe0cd-9b85-4fbe-b441-7c7431bc7c18___Crnl_L.Mold 9155.JPG,Tomato___Leaf_Mold,31
data/PlantVillage-Dataset/raw/color/Soybean___healthy/f2f87c68-aeb3-4826-a4ea-c5b3e047060f___RS_HL 6466.JPG,Soybean___healthy,24
data/PlantVillage-Dataset/raw/color/Tomato___Septoria_leaf_spot/213cae74-0bfd-4b12-99c8-4ec8bdc69433___Matt.S_CG 2555.JPG,Tomato___Septoria_leaf_spot,32
data/PlantVillage-Dataset/raw/color/Grape___Black_rot/9142e7d3-183b-4c3f-a255-5fff2e6c208a___FAM_B.Rot 0382.JPG,Grape___Black_rot,11
data/PlantVillage-Dataset/raw/color/Corn_(maize)___Cercospora_leaf_spot Gray_leaf_spot/a47710cd-fdee-4562-8e91-1d7f405ca44f___RS_GLSp 4409.JPG,Corn_(maize)___Cercospora_leaf_spot Gray_leaf_spot,7
data/PlantVillage-Dataset/raw/color/Tomato___Septoria_leaf_spot/e76b4dad-409f-4f6a-ab14-60997d227035___JR_Sept.L.S 2488.JPG,Tomato___Septoria_leaf_spot,32
data/PlantVillage-Dataset/raw/color/Raspberry___healthy/fc261eca-1110-4cd3-ae1b-a969680c9550___Mary_HL 6379.JPG,Raspberry___healthy,23
data/PlantVillage-Dataset/raw/color/Soybean___healthy/75b5207e-9ad2-437e-a994-e0fb8678bbf6___RS_HL 5708.JPG,Soybean___healthy,24
data/PlantVillage-Dataset/raw/color/Corn_(maize)___healthy/451cb857-dcdc-45a5-b60f-7c4b99a77023___R.S_HL 8286 copy.jpg,Corn_(maize)___healthy,10
data/PlantVillage-Dataset/raw/color/Tomato___Tomato_mosaic_virus/08e45674-8d1e-4c3c-804a-663d9fef1ead___PSU_CG 2249.JPG,Tomato___Tomato_mosaic_virus,36
data/PlantVillage-Dataset/raw/color/Tomato___Tomato_mosaic_virus/0befa341-0db3-49f4-b4fc-beeb05854bff___PSU_CG 2338.JPG,Tomato___Tomato_mosaic_virus,36
data/PlantVillage-Dataset/raw/color/Orange___Haunglongbing_(Citrus_greening)/1b06b87a-538c-488c-9db2-3849abdeba09___CREC_HLB 6445.JPG,Orange___Haunglongbing_(Citrus_greening),15
data/PlantVillage-Dataset/raw/color/Grape___Leaf_blight_(Isariopsis_Leaf_Spot)/ca1219a9-1282-4c57-8abd-4ffe60454fc0___FAM_L.Blight 1631.JPG,Grape___Leaf_blight_(Isariopsis_Leaf_Spot),13
data/PlantVillage-Dataset/raw/color/Strawberry___Leaf_scorch/7eb374a1-3a32-407d-85e0-1af8574dc3cd___RS_L.Scorch 0849.JPG,Strawberry___Leaf_scorch,26
data/PlantVillage-Dataset/raw/color/Squash___Powdery_mildew/cf12faf9-de36-4728-a2f8-341f8ef07f4d___MD_Powd.M 0859.JPG,Squash___Powdery_mildew,25
data/PlantVillage-Dataset/raw/color/Grape___Black_rot/2d741855-2ea0-4103-8408-129208ebfb24___FAM_B.Rot 5013.JPG,Grape___Black_rot,11
data/PlantVillage-Dataset/raw/color/Cherry_(including_sour)___Powdery_mildew/9f1755ba-99e8-4a92-8221-45d175090c59___FREC_Pwd.M 4493.JPG,Cherry_(including_sour)___Powdery_mildew,5
data/PlantVillage-Dataset/raw/color/Apple___healthy/86abe4bd-80fd-4a65-ba6f-fd48e6d51119___RS_HL 6251.JPG,Apple___healthy,3
data/PlantVillage-Dataset/raw/color/Tomato___Bacterial_spot/edcbb73e-46f6-4798-bcdd-7c4477b6b9cf___GCREC_Bact.Sp 3214.JPG,Tomato___Bacterial_spot,28
data/PlantVillage-Dataset/raw/color/Grape___Leaf_blight_(Isariopsis_Leaf_Spot)/d245c98f-ab63-442a-a37d-172b56a51434___FAM_L.Blight 4937.JPG,Grape___Leaf_blight_(Isariopsis_Leaf_Spot),13
data/PlantVillage-Dataset/raw/color/Tomato___Leaf_Mold/8e92b724-a066-4039-a090-2699c5cfed4e___Crnl_L.Mold 6724.JPG,Tomato___Leaf_Mold,31
data/PlantVillage-Dataset/raw/color/Tomato___Tomato_mosaic_virus/14112644-0ec3-465b-af00-ac2286d8e15f___PSU_CG 2344.JPG,Tomato___Tomato_mosaic_virus,36
data/PlantVillage-Dataset/raw/color/Squash___Powdery_mildew/af9ae599-5bbe-4d2b-a89f-2db69f22d1d6___UMD_Powd.M 0360.JPG,Squash___Powdery_mildew,25
data/PlantVillage-Dataset/raw/color/Corn_(maize)___Common_rust_/RS_Rust 1704.JPG,Corn_(maize)___Common_rust_,8
data/PlantVillage-Dataset/raw/color/Apple___Cedar_apple_rust/6fe0e179-4491-4257-a1d3-9cff9e9e2d27___FREC_C.Rust 0225.JPG,Apple___Cedar_apple_rust,2
data/PlantVillage-Dataset/raw/color/Tomato___healthy/0894c925-d193-412f-961d-d188b57ee337___GH_HL Leaf 393.JPG,Tomato___healthy,37
data/PlantVillage-Dataset/raw/color/Grape___Leaf_blight_(Isariopsis_Leaf_Spot)/be82ae53-7239-4e65-b704-284ccc524a0d___FAM_L.Blight 1391.JPG,Grape___Leaf_blight_(Isariopsis_Leaf_Spot),13
data/PlantVillage-Dataset/raw/color/Tomato___Septoria_leaf_spot/bd20fd37-532f-4269-89f8-67071ccee72a___Matt.S_CG 1616.JPG,Tomato___Septoria_leaf_spot,32
"data/PlantVillage-Dataset/raw/color/Pepper,_bell___healthy/4e9af7bf-96f5-4973-8470-0db94ef8e375___JR_HL 7896.JPG","Pepper,_bell___healthy",19
data/PlantVillage-Dataset/raw/color/Apple___healthy/5f067f00-b2c7-4948-b961-b940b4b148db___RS_HL 5860.JPG,Apple___healthy,3
data/PlantVillage-Dataset/raw/color/Corn_(maize)___Common_rust_/RS_Rust 1618.JPG,Corn_(maize)___Common_rust_,8
data/PlantVillage-Dataset/raw/color/Corn_(maize)___Common_rust_/RS_Rust 2521.JPG,Corn_(maize)___Common_rust_,8
data/PlantVillage-Dataset/raw/color/Potato___Early_blight/46819687-0705-4628-8748-9cb356587f30___RS_Early.B 8421.JPG,Potato___Early_blight,20
data/PlantVillage-Dataset/raw/color/Tomato___Late_blight/ada20abd-9779-4e32-b331-1ba7b490b36e___GHLB2 Leaf 92.JPG,Tomato___Late_blight,30
data/PlantVillage-Dataset/raw/color/Tomato___Late_blight/ab503aa2-fb87-44a5-97f9-f2dd80c1697d___GHLB2 Leaf 8647.JPG,Tomato___Late_blight,30
data/PlantVillage-Dataset/raw/color/Corn_(maize)___Common_rust_/RS_Rust 2318.JPG,Corn_(maize)___Common_rust_,8
data/PlantVillage-Dataset/raw/color/Apple___Cedar_apple_rust/7c4829bb-fb00-42fc-b19f-1fc057aa61c3___FREC_C.Rust 9986.JPG,Apple___Cedar_apple_rust,2
data/PlantVillage-Dataset/raw/color/Raspberry___healthy/7fd734c2-0c61-40cb-a3c0-f7e229ea30f9___Mary_HL 9280.JPG,Raspberry___healthy,23
data/PlantVillage-Dataset/raw/color/Tomato___Septoria_leaf_spot/fbbb5586-8b52-4701-9655-3748510df6f8___JR_Sept.L.S 2534.JPG,Tomato___Septoria_leaf_spot,32
data/PlantVillage-Dataset/raw/color/Apple___Apple_scab/3eb26abb-a392-4cc4-9be2-d5e4bb8f3660___FREC_Scab 2969.JPG,Apple___Apple_scab,0
data/PlantVillage-Dataset/raw/color/Apple___Black_rot/d4ea8c73-7beb-4019-8a66-f60381c6fdc0___JR_FrgE.S 8601.JPG,Apple___Black_rot,1
data/PlantVillage-Dataset/raw/color/Peach___healthy/13cd3713-b0ae-4a7f-a0f6-b3a6cc2fd932___Rutg._HL 2477.JPG,Peach___healthy,17
data/PlantVillage-Dataset/raw/color/Tomato___Tomato_mosaic_virus/b8853fe7-7194-4ed8-bda6-b5799bf7815e___PSU_CG 2309.JPG,Tomato___Tomato_mosaic_virus,36
data/PlantVillage-Dataset/raw/color/Potato___healthy/8583c4ff-2d8b-4b6f-89a8-fcc98917ce9b___RS_HL 1961.JPG,Potato___healthy,22
data/PlantVillage-Dataset/raw/color/Potato___Late_blight/8e1d2020-3d04-46b1-bd71-82922e1aeaa6___RS_LB 5017.JPG,Potato___Late_blight,21
data/PlantVillage-Dataset/raw/color/Apple___Black_rot/93f9f8ea-31c2-412f-b3c4-49ee75312d76___JR_FrgE.S 2978.JPG,Apple___Black_rot,1
data/PlantVillage-Dataset/raw/color/Grape___Black_rot/613cac81-8048-40f7-892f-bb2e496cd7ea___FAM_B.Rot 0620.JPG,Grape___Black_rot,11
"data/PlantVillage-Dataset/raw/color/Pepper,_bell___Bacterial_spot/656dbf3a-3aee-46a5-80b9-a86953fc82c5___JR_B.Spot 8879.JPG","Pepper,_bell___Bacterial_spot",18
data/PlantVillage-Dataset/raw/color/Apple___Black_rot/6ca0d950-03b6-4d1f-a4a2-562ca529cad3___JR_FrgE.S 8660.JPG,Apple___Black_rot,1
data/PlantVillage-Dataset/raw/color/Peach___healthy/068bcecd-d4f3-498b-9828-43e0f0bfd29b___Rutg._HL 3596.JPG,Peach___healthy,17
